machine_unique_id,t_stamp_raw,opn_raw,job_nbr,ignition_run_number_raw,machine_state_nbr,cat_speed,clamp_pressure,die_temp,load_cell,mandrel_position,ram_position,ram_speed,zumbach_od,zumbach_ovality,barrel_temp,insert_date_raw,original_table_name,new_column_added_1
701,2026-01-01 08:00:00,OP101,JOB1001,1,1,0,150.25,340.27,59.1,31.04,0,0,5.013,0.031,351.21,2026-01-01 08:00:00,bnj_ptfe_701_plc,new1
701,2026-01-01 08:00:10,OP101,JOB1001,1,1,2.08,145.98,340.81,60.95,29.89,0.2,2.04,4.965,0.028,350.97,2026-01-01 08:00:10,bnj_ptfe_701_plc,new2
701,2026-01-01 08:00:20,OP101,JOB1001,1,1,4.17,152.53,339.19,59.11,30.51,0.4,4.09,4.985,0.022,352.61,2026-01-01 08:00:20,bnj_ptfe_701_plc,new3
701,2026-01-01 08:00:30,OP101,JOB1001,1,2,6.25,147.45,341.31,62.56,30.78,0.6,6.12,5.037,0.037,351.46,2026-01-01 08:00:30,bnj_ptfe_701_plc,new4
701,2026-01-01 08:00:40,OP101,JOB1001,1,2,8.33,150.76,338.77,61.73,30.76,0.8,8.16,5.018,0.024,350.43,2026-01-01 08:00:40,bnj_ptfe_701_plc,new5
701,2026-01-01 08:00:50,OP101,JOB1001,1,2,10.42,150.97,339.04,60.66,28.77,1,10.21,4.984,0.037,348.15,2026-01-01 08:00:50,bnj_ptfe_701_plc,new6
701,2026-01-01 08:01:00,OP101,JOB1001,1,2,12.5,147.27,339.53,58.1,28.36,1.2,12.25,5.004,0.022,347.5,2026-01-01 08:01:00,bnj_ptfe_701_plc,new7
701,2026-01-01 08:01:10,OP101,JOB1001,1,2,14.58,154.83,341.81,61.55,28.82,1.4,14.29,5.031,0.026,348.47,2026-01-01 08:01:10,bnj_ptfe_701_plc,new8
701,2026-01-01 08:01:20,OP101,JOB1001,1,2,16.67,147.71,338.02,62.95,31.52,1.6,16.34,5.032,0.038,348.29,2026-01-01 08:01:20,bnj_ptfe_701_plc,new9
701,2026-01-01 08:01:30,OP101,JOB1001,1,2,18.75,147.87,341.52,62.07,31.63,1.8,18.38,4.957,0.022,350.47,2026-01-01 08:01:30,bnj_ptfe_701_plc,new10
701,2026-01-01 08:01:40,OP101,JOB1001,1,2,20.83,152.96,339.75,58.66,31.62,2,20.41,4.968,0.024,350.36,2026-01-01 08:01:40,bnj_ptfe_701_plc,new11
701,2026-01-01 08:01:50,OP101,JOB1001,1,2,22.92,153.78,338.95,57.05,28.12,2.2,22.46,4.979,0.031,351.64,2026-01-01 08:01:50,bnj_ptfe_701_plc,new12
701,2026-01-01 08:02:00,OP101,JOB1001,1,2,25,149.61,339.61,62.48,29.57,2.4,24.5,4.967,0.031,347.19,2026-01-01 08:02:00,bnj_ptfe_701_plc,new13
701,2026-01-01 08:02:10,OP101,JOB1001,1,2,27.08,152.55,339,57.72,28.81,2.61,26.54,4.995,0.037,348.11,2026-01-01 08:02:10,bnj_ptfe_701_plc,new14
701,2026-01-01 08:02:20,OP101,JOB1001,1,2,29.17,152.92,341.56,60.25,28.69,2.81,28.59,5.016,0.028,347.49,2026-01-01 08:02:20,bnj_ptfe_701_plc,new15
701,2026-01-01 08:02:30,OP101,JOB1001,1,2,31.25,150.72,338.48,58.75,31.31,3.01,30.62,4.967,0.026,351.77,2026-01-01 08:02:30,bnj_ptfe_701_plc,new16
701,2026-01-01 08:02:40,OP101,JOB1001,1,2,33.33,151.89,339.59,59.92,31.9,3.21,32.66,5.038,0.035,349.96,2026-01-01 08:02:40,bnj_ptfe_701_plc,new17
701,2026-01-01 08:02:50,OP101,JOB1001,1,2,35.42,152.95,340.76,62.91,31.7,3.41,34.71,4.993,0.031,348.08,2026-01-01 08:02:50,bnj_ptfe_701_plc,new18
701,2026-01-01 08:03:00,OP101,JOB1001,1,2,37.5,145.26,340.19,59.79,31.51,3.61,36.75,5.009,0.031,352.75,2026-01-01 08:03:00,bnj_ptfe_701_plc,new19
701,2026-01-01 08:03:10,OP101,JOB1001,1,2,39.58,146.06,340.06,57.01,30.53,3.81,38.79,4.971,0.034,350.43,2026-01-01 08:03:10,bnj_ptfe_701_plc,new20
701,2026-01-01 08:03:20,OP101,JOB1001,1,2,41.67,146.25,340.25,60.62,28.3,4.01,40.84,4.957,0.02,348.45,2026-01-01 08:03:20,bnj_ptfe_701_plc,new21
701,2026-01-01 08:03:30,OP101,JOB1001,1,2,43.75,149.52,340.98,62.21,28.22,4.21,42.88,5.006,0.031,348.14,2026-01-01 08:03:30,bnj_ptfe_701_plc,new22
701,2026-01-01 08:03:40,OP101,JOB1001,1,2,45.83,147.89,339.17,57.91,30.67,4.41,44.91,4.956,0.034,347.21,2026-01-01 08:03:40,bnj_ptfe_701_plc,new23
701,2026-01-01 08:03:50,OP101,JOB1001,1,2,47.92,147.91,340.99,61.44,31.09,4.61,46.96,4.995,0.037,352.02,2026-01-01 08:03:50,bnj_ptfe_701_plc,new24
701,2026-01-01 08:04:00,OP101,JOB1001,1,2,50,149.43,338.36,58.97,31.6,4.81,49,4.999,0.04,352.37,2026-01-01 08:04:00,bnj_ptfe_701_plc,new25
701,2026-01-01 08:04:10,OP101,JOB1001,1,2,49.44,148.32,339.2,60.56,29.41,5.01,48.45,4.963,0.039,352.57,2026-01-01 08:04:10,bnj_ptfe_701_plc,new26
701,2026-01-01 08:04:20,OP101,JOB1001,1,2,49.4,150.76,338.84,61.18,29.34,5.21,48.41,5.038,0.029,351.92,2026-01-01 08:04:20,bnj_ptfe_701_plc,new27
701,2026-01-01 08:04:30,OP101,JOB1001,1,2,50.49,154.78,340.58,61.99,31.15,5.41,49.48,4.976,0.025,351.23,2026-01-01 08:04:30,bnj_ptfe_701_plc,new28
701,2026-01-01 08:04:40,OP101,JOB1001,1,2,50.65,150.55,338.84,62.35,30.68,5.61,49.64,5.008,0.024,349.1,2026-01-01 08:04:40,bnj_ptfe_701_plc,new29
701,2026-01-01 08:04:50,OP101,JOB1001,1,2,50.34,146.61,339.86,61.9,30.16,5.81,49.33,5.034,0.022,350.9,2026-01-01 08:04:50,bnj_ptfe_701_plc,new30
701,2026-01-01 08:05:00,OP101,JOB1001,1,2,50.42,145.66,338.46,62.76,29.68,6.01,49.41,4.967,0.033,350.87,2026-01-01 08:05:00,bnj_ptfe_701_plc,new31
701,2026-01-01 08:05:10,OP101,JOB1001,1,2,50.15,147.62,340.2,57.87,30.79,6.21,49.15,5.017,0.029,348.51,2026-01-01 08:05:10,bnj_ptfe_701_plc,new32
701,2026-01-01 08:05:20,OP101,JOB1001,1,2,50.68,152.36,341.47,57.91,28.49,6.41,49.67,4.977,0.028,352.78,2026-01-01 08:05:20,bnj_ptfe_701_plc,new33
701,2026-01-01 08:05:30,OP101,JOB1001,1,2,49.99,150.88,340.55,59.01,28.36,6.61,48.99,4.96,0.024,347.22,2026-01-01 08:05:30,bnj_ptfe_701_plc,new34
701,2026-01-01 08:05:40,OP101,JOB1001,1,2,49.42,149.15,341.49,59.11,31.69,6.81,48.43,4.974,0.025,352.04,2026-01-01 08:05:40,bnj_ptfe_701_plc,new35
701,2026-01-01 08:05:50,OP101,JOB1001,1,2,50.03,148.34,338.28,60.94,29.48,7.01,49.03,5.003,0.032,351.28,2026-01-01 08:05:50,bnj_ptfe_701_plc,new36
701,2026-01-01 08:06:00,OP101,JOB1001,1,2,49.93,151.61,340.05,57.57,30.64,7.21,48.93,5.024,0.034,352.44,2026-01-01 08:06:00,bnj_ptfe_701_plc,new37
701,2026-01-01 08:06:10,OP101,JOB1001,1,2,50.03,149.44,338.02,60.58,31.87,7.41,49.03,4.99,0.027,350.41,2026-01-01 08:06:10,bnj_ptfe_701_plc,new38
701,2026-01-01 08:06:20,OP101,JOB1001,1,2,50.45,151.56,338.06,59.76,31.01,7.62,49.44,4.966,0.023,349.63,2026-01-01 08:06:20,bnj_ptfe_701_plc,new39
701,2026-01-01 08:06:30,OP101,JOB1001,1,2,49.57,152.6,340.81,60.67,31.22,7.82,48.58,5.019,0.034,350.05,2026-01-01 08:06:30,bnj_ptfe_701_plc,new40
701,2026-01-01 08:06:40,OP101,JOB1001,1,2,49.94,148.47,339.95,62.77,31.92,8.02,48.94,5.022,0.039,349.12,2026-01-01 08:06:40,bnj_ptfe_701_plc,new41
701,2026-01-01 08:06:50,OP101,JOB1001,1,2,49.62,152.88,340.25,59.54,30.13,8.22,48.63,4.994,0.031,347.52,2026-01-01 08:06:50,bnj_ptfe_701_plc,new42
701,2026-01-01 08:07:00,OP101,JOB1001,1,2,49.52,148.75,339.63,62.08,30.13,8.42,48.53,4.955,0.034,347.37,2026-01-01 08:07:00,bnj_ptfe_701_plc,new43
701,2026-01-01 08:07:10,OP101,JOB1001,1,2,50.16,152.12,338.08,57.27,28.24,8.62,49.16,5,0.026,347.59,2026-01-01 08:07:10,bnj_ptfe_701_plc,new44
701,2026-01-01 08:07:20,OP101,JOB1001,1,2,50.4,147.46,340.99,59.04,28.1,8.82,49.39,5.001,0.027,350.05,2026-01-01 08:07:20,bnj_ptfe_701_plc,new45
701,2026-01-01 08:07:30,OP101,JOB1001,1,2,50.38,148.13,338.69,59.81,29.86,9.02,49.37,4.958,0.028,352.35,2026-01-01 08:07:30,bnj_ptfe_701_plc,new46
701,2026-01-01 08:07:40,OP101,JOB1001,1,2,50.55,151.43,340.92,60.69,28.95,9.22,49.54,4.986,0.022,351.72,2026-01-01 08:07:40,bnj_ptfe_701_plc,new47
701,2026-01-01 08:07:50,OP101,JOB1001,1,2,50.62,152.95,338.85,57.07,29.73,9.42,49.61,5.028,0.027,352.73,2026-01-01 08:07:50,bnj_ptfe_701_plc,new48
701,2026-01-01 08:08:00,OP101,JOB1001,1,2,49.25,153.06,340.53,58.78,30.74,9.62,48.27,4.962,0.038,348.6,2026-01-01 08:08:00,bnj_ptfe_701_plc,new49
701,2026-01-01 08:08:10,OP101,JOB1001,1,2,49.52,145.01,340.94,59.73,31.46,9.82,48.53,4.953,0.033,347.1,2026-01-01 08:08:10,bnj_ptfe_701_plc,new50
701,2026-01-01 08:08:20,OP101,JOB1001,1,2,49.77,149.89,340.55,61.46,29.24,10.02,48.77,5.022,0.021,351.67,2026-01-01 08:08:20,bnj_ptfe_701_plc,new51
701,2026-01-01 08:08:30,OP101,JOB1001,1,2,49.76,146.04,341.8,61.81,31.16,10.22,48.76,5.005,0.039,347.19,2026-01-01 08:08:30,bnj_ptfe_701_plc,new52
701,2026-01-01 08:08:40,OP101,JOB1001,1,2,49.59,152.53,340.38,62.84,29.01,10.42,48.6,5.034,0.028,347.72,2026-01-01 08:08:40,bnj_ptfe_701_plc,new53
701,2026-01-01 08:08:50,OP101,JOB1001,1,2,50.4,148.71,341.91,62.09,28.09,10.62,49.39,5,0.026,352.07,2026-01-01 08:08:50,bnj_ptfe_701_plc,new54
701,2026-01-01 08:09:00,OP101,JOB1001,1,2,49.4,153.91,339.73,61.19,31.8,10.82,48.41,4.991,0.035,347.86,2026-01-01 08:09:00,bnj_ptfe_701_plc,new55
701,2026-01-01 08:09:10,OP101,JOB1001,1,2,49.3,145.35,341.62,57.1,31.86,11.02,48.31,4.975,0.029,349.99,2026-01-01 08:09:10,bnj_ptfe_701_plc,new56
701,2026-01-01 08:09:20,OP101,JOB1001,1,2,50.05,150.37,340.09,57.24,30.29,11.22,49.05,4.983,0.039,349.32,2026-01-01 08:09:20,bnj_ptfe_701_plc,new57
701,2026-01-01 08:09:30,OP101,JOB1001,1,2,50.4,152.27,341.82,61.29,28.08,11.42,49.39,5.025,0.023,347.54,2026-01-01 08:09:30,bnj_ptfe_701_plc,new58
701,2026-01-01 08:09:40,OP101,JOB1001,1,2,50.73,151.55,341.68,62.33,30.8,11.62,49.72,4.964,0.037,348.19,2026-01-01 08:09:40,bnj_ptfe_701_plc,new59
701,2026-01-01 08:09:50,OP101,JOB1001,1,2,49.61,154.99,340.07,58.7,31.01,11.82,48.62,5.044,0.03,351.42,2026-01-01 08:09:50,bnj_ptfe_701_plc,new60
701,2026-01-01 08:10:00,OP101,JOB1001,1,2,50.34,153.28,340.88,62.93,31.43,12.02,49.33,5.014,0.038,347.7,2026-01-01 08:10:00,bnj_ptfe_701_plc,new61
701,2026-01-01 08:10:10,OP101,JOB1001,1,2,50.43,145.89,341.78,61.57,29.75,12.22,49.42,4.974,0.038,348.13,2026-01-01 08:10:10,bnj_ptfe_701_plc,new62
701,2026-01-01 08:10:20,OP101,JOB1001,1,2,49.74,146.07,340.9,57.7,28.76,12.42,48.75,5.037,0.028,349.43,2026-01-01 08:10:20,bnj_ptfe_701_plc,new63
701,2026-01-01 08:10:30,OP101,JOB1001,1,2,49.6,151.2,338.81,61.9,31.06,12.63,48.61,4.995,0.036,348.42,2026-01-01 08:10:30,bnj_ptfe_701_plc,new64
701,2026-01-01 08:10:40,OP101,JOB1001,1,2,50.76,152.25,341.78,57.59,30.65,12.83,49.74,4.986,0.036,349.29,2026-01-01 08:10:40,bnj_ptfe_701_plc,new65
701,2026-01-01 08:10:50,OP101,JOB1001,1,2,49.21,149.88,339.57,57.96,31.39,13.03,48.23,5.001,0.035,350.65,2026-01-01 08:10:50,bnj_ptfe_701_plc,new66
701,2026-01-01 08:11:00,OP101,JOB1001,1,2,49.58,146.65,340.48,62.03,29.47,13.23,48.59,4.971,0.02,350.68,2026-01-01 08:11:00,bnj_ptfe_701_plc,new67
701,2026-01-01 08:11:10,OP101,JOB1001,1,2,50.09,152.32,339.16,57.31,28.01,13.43,49.09,5.025,0.025,351.05,2026-01-01 08:11:10,bnj_ptfe_701_plc,new68
701,2026-01-01 08:11:20,OP101,JOB1001,1,2,50.13,149.14,341.96,60.15,30.62,13.63,49.13,5.014,0.027,347.96,2026-01-01 08:11:20,bnj_ptfe_701_plc,new69
701,2026-01-01 08:11:30,OP101,JOB1001,1,2,49.86,152.66,338.78,60.81,28.89,13.83,48.86,5.036,0.038,348.85,2026-01-01 08:11:30,bnj_ptfe_701_plc,new70
701,2026-01-01 08:11:40,OP101,JOB1001,1,2,49.23,146.2,341.24,59.82,28.06,14.03,48.25,5.008,0.024,348.33,2026-01-01 08:11:40,bnj_ptfe_701_plc,new71
701,2026-01-01 08:11:50,OP101,JOB1001,1,2,49.55,145.53,338.08,61.39,28.42,14.23,48.56,4.994,0.035,351.27,2026-01-01 08:11:50,bnj_ptfe_701_plc,new72
701,2026-01-01 08:12:00,OP101,JOB1001,1,2,49.59,152.7,340.69,58.73,30.08,14.43,48.6,5.029,0.036,350.89,2026-01-01 08:12:00,bnj_ptfe_701_plc,new73
701,2026-01-01 08:12:10,OP101,JOB1001,1,2,50.57,148.41,341.22,60.81,28.94,14.63,49.56,4.973,0.022,350.54,2026-01-01 08:12:10,bnj_ptfe_701_plc,new74
701,2026-01-01 08:12:20,OP101,JOB1001,1,2,50.32,151.8,339.05,57.45,29.83,14.83,49.31,4.971,0.021,352.46,2026-01-01 08:12:20,bnj_ptfe_701_plc,new75
701,2026-01-01 08:12:30,OP101,JOB1001,1,2,49.61,147.83,338.84,59.9,28.62,15.03,48.62,4.952,0.027,347.62,2026-01-01 08:12:30,bnj_ptfe_701_plc,new76
701,2026-01-01 08:12:40,OP101,JOB1001,1,2,49.25,151.01,340.79,59.39,30.3,15.23,48.27,5.026,0.035,347.55,2026-01-01 08:12:40,bnj_ptfe_701_plc,new77
701,2026-01-01 08:12:50,OP101,JOB1001,1,2,49.24,149.98,340.68,61.31,29.9,15.43,48.26,5.035,0.039,349.6,2026-01-01 08:12:50,bnj_ptfe_701_plc,new78
701,2026-01-01 08:13:00,OP101,JOB1001,1,2,49.27,148.88,341.33,58.1,29.79,15.63,48.28,5.048,0.038,348.31,2026-01-01 08:13:00,bnj_ptfe_701_plc,new79
701,2026-01-01 08:13:10,OP101,JOB1001,1,2,49.8,145.07,341.82,61.71,29.96,15.83,48.8,5.007,0.031,350.14,2026-01-01 08:13:10,bnj_ptfe_701_plc,new80
701,2026-01-01 08:13:20,OP101,JOB1001,1,2,50.56,152.53,338.67,62.57,28.1,16.03,49.55,4.958,0.036,348.05,2026-01-01 08:13:20,bnj_ptfe_701_plc,new81
701,2026-01-01 08:13:30,OP101,JOB1001,1,2,49.9,149.16,341.09,58.01,28.96,16.23,48.9,5.027,0.021,351.15,2026-01-01 08:13:30,bnj_ptfe_701_plc,new82
701,2026-01-01 08:13:40,OP101,JOB1001,1,2,50.77,145.91,339.76,57.17,29.4,16.43,49.75,5.007,0.023,349.58,2026-01-01 08:13:40,bnj_ptfe_701_plc,new83
701,2026-01-01 08:13:50,OP101,JOB1001,1,2,50.45,145.44,341.33,62.98,30.38,16.63,49.44,5.05,0.031,348.38,2026-01-01 08:13:50,bnj_ptfe_701_plc,new84
701,2026-01-01 08:14:00,OP101,JOB1001,1,2,50.2,147.35,338.74,60.4,29.32,16.83,49.2,5.044,0.036,348.07,2026-01-01 08:14:00,bnj_ptfe_701_plc,new85
701,2026-01-01 08:14:10,OP101,JOB1001,1,2,50.47,154.7,338.17,62.34,28.51,17.03,49.46,5.048,0.032,348.65,2026-01-01 08:14:10,bnj_ptfe_701_plc,new86
701,2026-01-01 08:14:20,OP101,JOB1001,1,2,49.43,146.18,339.39,57.91,29.99,17.23,48.44,4.965,0.027,352.02,2026-01-01 08:14:20,bnj_ptfe_701_plc,new87
701,2026-01-01 08:14:30,OP101,JOB1001,1,2,49.49,151.68,340.33,59.92,29.27,17.43,48.5,4.955,0.034,350.88,2026-01-01 08:14:30,bnj_ptfe_701_plc,new88
701,2026-01-01 08:14:40,OP101,JOB1001,1,2,49.71,148.82,340.17,62.77,28.79,17.64,48.72,4.972,0.022,352.88,2026-01-01 08:14:40,bnj_ptfe_701_plc,new89
701,2026-01-01 08:14:50,OP101,JOB1001,1,2,49.89,150.36,338.27,58.35,28.54,17.84,48.89,4.995,0.027,352.66,2026-01-01 08:14:50,bnj_ptfe_701_plc,new90
701,2026-01-01 08:15:00,OP101,JOB1001,1,2,49.76,148.37,341.72,58.27,30.58,18.04,48.76,5.025,0.039,347.4,2026-01-01 08:15:00,bnj_ptfe_701_plc,new91
701,2026-01-01 08:15:10,OP101,JOB1001,1,2,49.38,145.55,338.54,59.48,29.97,18.24,48.39,4.96,0.032,350.7,2026-01-01 08:15:10,bnj_ptfe_701_plc,new92
701,2026-01-01 08:15:20,OP101,JOB1001,1,2,50.37,149.07,338.34,59.11,31.97,18.44,49.36,5.031,0.03,348.8,2026-01-01 08:15:20,bnj_ptfe_701_plc,new93
701,2026-01-01 08:15:30,OP101,JOB1001,1,2,49.81,147.19,338.93,58.92,31.19,18.64,48.81,4.982,0.022,350.39,2026-01-01 08:15:30,bnj_ptfe_701_plc,new94
701,2026-01-01 08:15:40,OP101,JOB1001,1,2,50.45,146.37,340.43,60.14,28.46,18.84,49.44,5.004,0.034,347.81,2026-01-01 08:15:40,bnj_ptfe_701_plc,new95
701,2026-01-01 08:15:50,OP101,JOB1001,1,2,50.76,148.3,338.22,57.03,31.67,19.04,49.74,4.994,0.031,348.33,2026-01-01 08:15:50,bnj_ptfe_701_plc,new96
701,2026-01-01 08:16:00,OP101,JOB1001,1,2,49.24,148.81,340.27,62.2,31.26,19.24,48.26,5.026,0.034,348.7,2026-01-01 08:16:00,bnj_ptfe_701_plc,new97
701,2026-01-01 08:16:10,OP101,JOB1001,1,2,49.53,153.77,339.65,60.02,30.06,19.44,48.54,4.969,0.022,352.45,2026-01-01 08:16:10,bnj_ptfe_701_plc,new98
701,2026-01-01 08:16:20,OP101,JOB1001,1,2,50.06,145.16,339.44,58.75,31.8,19.64,49.06,5.037,0.02,348.07,2026-01-01 08:16:20,bnj_ptfe_701_plc,new99
701,2026-01-01 08:16:30,OP101,JOB1001,1,2,49.23,146.5,339.55,59.81,29.84,19.84,48.25,5,0.03,348.11,2026-01-01 08:16:30,bnj_ptfe_701_plc,new100
701,2026-01-01 08:16:40,OP101,JOB1001,1,2,49.29,146.02,340.52,59.08,31.3,20.04,48.3,4.967,0.039,349.21,2026-01-01 08:16:40,bnj_ptfe_701_plc,new101
701,2026-01-01 08:16:50,OP101,JOB1001,1,2,50.48,154.82,339.05,60.2,29.5,20.24,49.47,5.022,0.033,352.92,2026-01-01 08:16:50,bnj_ptfe_701_plc,new102
701,2026-01-01 08:17:00,OP101,JOB1001,1,2,49.54,148.65,339.97,62.06,29.7,20.44,48.55,5.018,0.03,351.89,2026-01-01 08:17:00,bnj_ptfe_701_plc,new103
701,2026-01-01 08:17:10,OP101,JOB1001,1,2,50.75,148.13,338.71,59.13,29.82,20.64,49.73,4.998,0.03,348.06,2026-01-01 08:17:10,bnj_ptfe_701_plc,new104
701,2026-01-01 08:17:20,OP101,JOB1001,1,2,50.38,147.16,340.14,60.93,28.22,20.84,49.37,5.046,0.035,349.57,2026-01-01 08:17:20,bnj_ptfe_701_plc,new105
701,2026-01-01 08:17:30,OP101,JOB1001,1,2,49.31,150.97,340.64,58.4,30.81,21.04,48.32,4.957,0.027,351.73,2026-01-01 08:17:30,bnj_ptfe_701_plc,new106
701,2026-01-01 08:17:40,OP101,JOB1001,1,2,50.02,146.08,341.89,62.88,30.13,21.24,49.02,5.037,0.021,351.68,2026-01-01 08:17:40,bnj_ptfe_701_plc,new107
701,2026-01-01 08:17:50,OP101,JOB1001,1,2,49.99,151.84,338.77,57.04,28.4,21.44,48.99,5.027,0.021,351.41,2026-01-01 08:17:50,bnj_ptfe_701_plc,new108
701,2026-01-01 08:18:00,OP101,JOB1001,1,2,50.22,146.04,339.06,61.96,28.23,21.64,49.22,4.951,0.022,347.63,2026-01-01 08:18:00,bnj_ptfe_701_plc,new109
701,2026-01-01 08:18:10,OP101,JOB1001,1,2,49.73,152.17,339.61,62.85,29.42,21.84,48.74,5.049,0.032,351.81,2026-01-01 08:18:10,bnj_ptfe_701_plc,new110
701,2026-01-01 08:18:20,OP101,JOB1001,1,2,50.26,154.71,341.74,59.99,30.21,22.04,49.25,5.002,0.034,351.97,2026-01-01 08:18:20,bnj_ptfe_701_plc,new111
701,2026-01-01 08:18:30,OP101,JOB1001,1,2,49.94,148.87,340.17,58.7,30.29,22.24,48.94,4.985,0.027,352.22,2026-01-01 08:18:30,bnj_ptfe_701_plc,new112
701,2026-01-01 08:18:40,OP101,JOB1001,1,2,50.31,145.17,341.6,58.55,28.32,22.44,49.3,5.035,0.035,348.93,2026-01-01 08:18:40,bnj_ptfe_701_plc,new113
701,2026-01-01 08:18:50,OP101,JOB1001,1,2,49.23,148.43,339.76,57.69,31.1,22.65,48.25,5.005,0.033,352.32,2026-01-01 08:18:50,bnj_ptfe_701_plc,new114
701,2026-01-01 08:19:00,OP101,JOB1001,1,2,49.28,147.47,339.51,61.76,30.09,22.85,48.29,5.021,0.031,349.57,2026-01-01 08:19:00,bnj_ptfe_701_plc,new115
701,2026-01-01 08:19:10,OP101,JOB1001,1,2,49.58,151.27,338.59,58.79,31.34,23.05,48.59,4.976,0.04,349.59,2026-01-01 08:19:10,bnj_ptfe_701_plc,new116
701,2026-01-01 08:19:20,OP101,JOB1001,1,2,49.5,152.86,339.62,59.67,30.67,23.25,48.51,4.968,0.035,348.7,2026-01-01 08:19:20,bnj_ptfe_701_plc,new117
701,2026-01-01 08:19:30,OP101,JOB1001,1,2,50.03,151.64,341.31,62.12,29.99,23.45,49.03,4.951,0.037,347.47,2026-01-01 08:19:30,bnj_ptfe_701_plc,new118
701,2026-01-01 08:19:40,OP101,JOB1001,1,2,49.51,146.17,340.47,61.57,30.28,23.65,48.52,5.044,0.023,348.88,2026-01-01 08:19:40,bnj_ptfe_701_plc,new119
701,2026-01-01 08:19:50,OP101,JOB1001,1,2,49.76,146.17,341.4,58.13,30.72,23.85,48.76,5.017,0.023,351.11,2026-01-01 08:19:50,bnj_ptfe_701_plc,new120
701,2026-01-01 08:20:00,OP101,JOB1001,1,2,49.55,148.76,339.95,59.21,28.56,24.05,48.56,5.041,0.031,348.97,2026-01-01 08:20:00,bnj_ptfe_701_plc,new121
701,2026-01-01 08:20:10,OP101,JOB1001,1,2,50.77,151.76,341.37,60.76,28.43,24.25,49.75,5.01,0.035,349.37,2026-01-01 08:20:10,bnj_ptfe_701_plc,new122
701,2026-01-01 08:20:20,OP101,JOB1001,1,2,50.28,148.43,339.35,57.15,29.7,24.45,49.27,4.986,0.028,349.48,2026-01-01 08:20:20,bnj_ptfe_701_plc,new123
701,2026-01-01 08:20:30,OP101,JOB1001,1,2,50.53,147.99,340.19,61.97,28.58,24.65,49.52,5.042,0.021,350.03,2026-01-01 08:20:30,bnj_ptfe_701_plc,new124
701,2026-01-01 08:20:40,OP101,JOB1001,1,2,50.04,152.52,341.8,57,28.16,24.85,49.04,5.044,0.023,348.37,2026-01-01 08:20:40,bnj_ptfe_701_plc,new125
701,2026-01-01 08:20:50,OP101,JOB1001,1,2,50.6,148.57,340.57,60.81,31.06,25.05,49.59,5.012,0.031,351.48,2026-01-01 08:20:50,bnj_ptfe_701_plc,new126
701,2026-01-01 08:21:00,OP101,JOB1001,1,2,50.2,153.89,338.16,58.45,29.97,25.25,49.2,5.043,0.037,350.6,2026-01-01 08:21:00,bnj_ptfe_701_plc,new127
701,2026-01-01 08:21:10,OP101,JOB1001,1,2,50.7,154.43,341.54,62.62,31.53,25.45,49.69,5.002,0.038,350.04,2026-01-01 08:21:10,bnj_ptfe_701_plc,new128
701,2026-01-01 08:21:20,OP101,JOB1001,1,2,50.8,152.16,340.54,57.58,28.79,25.65,49.78,4.984,0.04,350.32,2026-01-01 08:21:20,bnj_ptfe_701_plc,new129
701,2026-01-01 08:21:30,OP101,JOB1001,1,2,50.68,148.38,340.83,57.96,28.35,25.85,49.67,4.956,0.024,351.13,2026-01-01 08:21:30,bnj_ptfe_701_plc,new130
701,2026-01-01 08:21:40,OP101,JOB1001,1,2,49.79,146.01,339.22,59.17,30.13,26.05,48.79,4.996,0.032,347.35,2026-01-01 08:21:40,bnj_ptfe_701_plc,new131
701,2026-01-01 08:21:50,OP101,JOB1001,1,2,50.72,152.95,338.33,59.36,28.44,26.25,49.71,5,0.036,352.19,2026-01-01 08:21:50,bnj_ptfe_701_plc,new132
701,2026-01-01 08:22:00,OP101,JOB1001,1,2,49.74,149,339.41,59.66,31.74,26.45,48.75,5.005,0.02,350.52,2026-01-01 08:22:00,bnj_ptfe_701_plc,new133
701,2026-01-01 08:22:10,OP101,JOB1001,1,2,50.66,153.66,340.05,61.62,31.87,26.65,49.65,4.978,0.037,347.12,2026-01-01 08:22:10,bnj_ptfe_701_plc,new134
701,2026-01-01 08:22:20,OP101,JOB1001,1,2,49.4,149.53,338.73,61.93,29.74,26.85,48.41,4.963,0.033,347.37,2026-01-01 08:22:20,bnj_ptfe_701_plc,new135
701,2026-01-01 08:22:30,OP101,JOB1001,1,2,49.24,148.27,340.78,61.32,30.61,27.05,48.26,5.014,0.032,350.16,2026-01-01 08:22:30,bnj_ptfe_701_plc,new136
701,2026-01-01 08:22:40,OP101,JOB1001,1,2,49.72,153.96,340.64,59.88,31.92,27.25,48.73,4.97,0.026,349.1,2026-01-01 08:22:40,bnj_ptfe_701_plc,new137
701,2026-01-01 08:22:50,OP101,JOB1001,1,2,50.02,151.15,341.35,58.25,30.51,27.45,49.02,5.034,0.032,350.99,2026-01-01 08:22:50,bnj_ptfe_701_plc,new138
701,2026-01-01 08:23:00,OP101,JOB1001,1,2,49.37,154.84,339.32,59.15,31.94,27.66,48.38,4.996,0.029,349.45,2026-01-01 08:23:00,bnj_ptfe_701_plc,new139
701,2026-01-01 08:23:10,OP101,JOB1001,1,2,50.71,151.18,338.16,57.87,31.1,27.86,49.7,5.008,0.021,349.48,2026-01-01 08:23:10,bnj_ptfe_701_plc,new140
701,2026-01-01 08:23:20,OP101,JOB1001,1,2,49.66,147.25,341.06,60.51,31.58,28.06,48.67,4.97,0.028,347.45,2026-01-01 08:23:20,bnj_ptfe_701_plc,new141
701,2026-01-01 08:23:30,OP101,JOB1001,1,2,49.5,147.28,338.96,60.31,29.21,28.26,48.51,5.03,0.027,351.59,2026-01-01 08:23:30,bnj_ptfe_701_plc,new142
701,2026-01-01 08:23:40,OP101,JOB1001,1,2,50.09,151.1,338.05,59.08,30.2,28.46,49.09,4.978,0.029,349.46,2026-01-01 08:23:40,bnj_ptfe_701_plc,new143
701,2026-01-01 08:23:50,OP101,JOB1001,1,2,50.25,153.6,339.35,61.98,31.89,28.66,49.24,5.046,0.035,349,2026-01-01 08:23:50,bnj_ptfe_701_plc,new144
701,2026-01-01 08:24:00,OP101,JOB1001,1,2,49.92,154.23,338.04,58.82,30.21,28.86,48.92,4.997,0.04,348.54,2026-01-01 08:24:00,bnj_ptfe_701_plc,new145
701,2026-01-01 08:24:10,OP101,JOB1001,1,2,50.14,147.13,338.24,60.28,30.06,29.06,49.14,4.975,0.03,350.14,2026-01-01 08:24:10,bnj_ptfe_701_plc,new146
701,2026-01-01 08:24:20,OP101,JOB1001,1,2,49.99,146.35,341.52,62.1,31.22,29.26,48.99,4.95,0.03,351.33,2026-01-01 08:24:20,bnj_ptfe_701_plc,new147
701,2026-01-01 08:24:30,OP101,JOB1001,1,2,50.3,148.23,341.38,62.33,30.48,29.46,49.29,5.015,0.025,347.05,2026-01-01 08:24:30,bnj_ptfe_701_plc,new148
701,2026-01-01 08:24:40,OP101,JOB1001,1,2,49.39,145.29,339.2,62.84,28.68,29.66,48.4,4.991,0.037,352.56,2026-01-01 08:24:40,bnj_ptfe_701_plc,new149
701,2026-01-01 08:24:50,OP101,JOB1001,1,2,49.96,147.3,338.31,61.25,28.5,29.86,48.96,4.989,0.035,350.12,2026-01-01 08:24:50,bnj_ptfe_701_plc,new150
701,2026-01-01 08:25:00,OP101,JOB1001,1,2,50.76,153.99,341.52,59.4,31.04,30.06,49.74,5.002,0.028,347.81,2026-01-01 08:25:00,bnj_ptfe_701_plc,new151
701,2026-01-01 08:25:10,OP101,JOB1001,1,2,49.38,146.72,338.97,57.63,31.85,30.26,48.39,5.027,0.038,351.55,2026-01-01 08:25:10,bnj_ptfe_701_plc,new152
701,2026-01-01 08:25:20,OP101,JOB1001,1,2,49.56,149.77,341.25,61.93,28.56,30.46,48.57,5.036,0.04,347.79,2026-01-01 08:25:20,bnj_ptfe_701_plc,new153
701,2026-01-01 08:25:30,OP101,JOB1001,1,2,49.3,148.18,338.57,61.45,30.8,30.66,48.31,5.025,0.035,351.16,2026-01-01 08:25:30,bnj_ptfe_701_plc,new154
701,2026-01-01 08:25:40,OP101,JOB1001,1,2,50.27,153.05,341.17,60.48,28.82,30.86,49.26,5.03,0.029,347.83,2026-01-01 08:25:40,bnj_ptfe_701_plc,new155
701,2026-01-01 08:25:50,OP101,JOB1001,1,2,49.96,146.85,341.5,61.44,30.38,31.06,48.96,5.047,0.03,350.28,2026-01-01 08:25:50,bnj_ptfe_701_plc,new156
701,2026-01-01 08:26:00,OP101,JOB1001,1,2,49.22,153.54,340.95,62.75,31.35,31.26,48.24,4.954,0.032,352.64,2026-01-01 08:26:00,bnj_ptfe_701_plc,new157
701,2026-01-01 08:26:10,OP101,JOB1001,1,2,49.88,152.49,338.77,57.85,32,31.46,48.88,5.049,0.033,351.94,2026-01-01 08:26:10,bnj_ptfe_701_plc,new158
701,2026-01-01 08:26:20,OP101,JOB1001,1,2,50.53,152.39,341.6,62.05,31.43,31.66,49.52,4.991,0.022,350.96,2026-01-01 08:26:20,bnj_ptfe_701_plc,new159
701,2026-01-01 08:26:30,OP101,JOB1001,1,2,49.39,151.68,338.38,58.95,31.95,31.86,48.4,5.031,0.039,351.98,2026-01-01 08:26:30,bnj_ptfe_701_plc,new160
701,2026-01-01 08:26:40,OP101,JOB1001,1,2,49.31,146.13,338.21,60.58,29.01,32.06,48.32,5.003,0.035,351.1,2026-01-01 08:26:40,bnj_ptfe_701_plc,new161
701,2026-01-01 08:26:50,OP101,JOB1001,1,2,50.75,150.7,338.09,57.41,29.48,32.26,49.73,5.004,0.024,349.89,2026-01-01 08:26:50,bnj_ptfe_701_plc,new162
701,2026-01-01 08:27:00,OP101,JOB1001,1,2,49.64,147.32,339.29,61.9,30.11,32.46,48.65,4.966,0.031,347.41,2026-01-01 08:27:00,bnj_ptfe_701_plc,new163
701,2026-01-01 08:27:10,OP101,JOB1001,1,2,49.58,149.53,338.73,57.85,29.86,32.67,48.59,5.05,0.025,351.6,2026-01-01 08:27:10,bnj_ptfe_701_plc,new164
701,2026-01-01 08:27:20,OP101,JOB1001,1,2,49.8,150.44,341.2,61.26,30.53,32.87,48.8,4.985,0.04,347.16,2026-01-01 08:27:20,bnj_ptfe_701_plc,new165
701,2026-01-01 08:27:30,OP101,JOB1001,1,2,50.09,152.39,339.88,62.73,29.18,33.07,49.09,5.011,0.023,348.51,2026-01-01 08:27:30,bnj_ptfe_701_plc,new166
701,2026-01-01 08:27:40,OP101,JOB1001,1,2,49.99,151.43,341.36,62.25,29.08,33.27,48.99,4.963,0.032,347.65,2026-01-01 08:27:40,bnj_ptfe_701_plc,new167
701,2026-01-01 08:27:50,OP101,JOB1001,1,2,49.22,150.4,339.57,60.43,29.81,33.47,48.24,4.991,0.02,352.19,2026-01-01 08:27:50,bnj_ptfe_701_plc,new168
701,2026-01-01 08:28:00,OP101,JOB1001,1,2,49.62,152.4,340.07,59.29,30.02,33.67,48.63,5.047,0.025,348.42,2026-01-01 08:28:00,bnj_ptfe_701_plc,new169
701,2026-01-01 08:28:10,OP101,JOB1001,1,2,50.7,151.41,340.87,60.61,28.89,33.87,49.69,5.049,0.024,351.75,2026-01-01 08:28:10,bnj_ptfe_701_plc,new170
701,2026-01-01 08:28:20,OP101,JOB1001,1,2,49.82,146.11,340.84,61.69,31.08,34.07,48.82,5.001,0.036,348.48,2026-01-01 08:28:20,bnj_ptfe_701_plc,new171
701,2026-01-01 08:28:30,OP101,JOB1001,1,2,50.51,148.62,339.03,62.24,29.23,34.27,49.5,5.018,0.031,349.65,2026-01-01 08:28:30,bnj_ptfe_701_plc,new172
701,2026-01-01 08:28:40,OP101,JOB1001,1,2,49.75,147.8,341.12,57.97,29.31,34.47,48.76,4.97,0.031,352.93,2026-01-01 08:28:40,bnj_ptfe_701_plc,new173
701,2026-01-01 08:28:50,OP101,JOB1001,1,2,50.26,148.17,341.49,58.83,30.32,34.67,49.25,5.044,0.024,350.02,2026-01-01 08:28:50,bnj_ptfe_701_plc,new174
701,2026-01-01 08:29:00,OP101,JOB1001,1,2,49.93,147.4,341.74,62.51,29.04,34.87,48.93,5.018,0.032,347.55,2026-01-01 08:29:00,bnj_ptfe_701_plc,new175
701,2026-01-01 08:29:10,OP101,JOB1001,1,2,49.76,145.01,341.35,58.1,28.84,35.07,48.76,4.993,0.03,350.64,2026-01-01 08:29:10,bnj_ptfe_701_plc,new176
701,2026-01-01 08:29:20,OP101,JOB1001,1,2,50.3,148.89,341.48,59.64,31.15,35.27,49.29,5.033,0.027,347.48,2026-01-01 08:29:20,bnj_ptfe_701_plc,new177
701,2026-01-01 08:29:30,OP101,JOB1001,1,2,49.86,151.6,341.89,62.85,29.74,35.47,48.86,4.992,0.025,352.33,2026-01-01 08:29:30,bnj_ptfe_701_plc,new178
701,2026-01-01 08:29:40,OP101,JOB1001,1,2,49.95,153.69,341.8,57.13,28.13,35.67,48.95,4.996,0.027,351.73,2026-01-01 08:29:40,bnj_ptfe_701_plc,new179
701,2026-01-01 08:29:50,OP101,JOB1001,1,2,49.28,154.65,341.68,60.03,29.21,35.87,48.29,5.012,0.03,350.07,2026-01-01 08:29:50,bnj_ptfe_701_plc,new180
701,2026-01-01 08:30:00,OP101,JOB1001,1,2,49.53,147.48,341.08,62.53,29.93,36.07,48.54,4.956,0.025,352.82,2026-01-01 08:30:00,bnj_ptfe_701_plc,new181
701,2026-01-01 08:30:10,OP101,JOB1001,1,2,50.17,148.92,341.49,61.88,29.06,36.27,49.17,4.951,0.034,348.06,2026-01-01 08:30:10,bnj_ptfe_701_plc,new182
701,2026-01-01 08:30:20,OP101,JOB1001,1,2,49.85,150.23,339.27,57.43,29.06,36.47,48.85,4.98,0.021,350.39,2026-01-01 08:30:20,bnj_ptfe_701_plc,new183
701,2026-01-01 08:30:30,OP101,JOB1001,1,2,50.13,148.48,341.28,60.35,28.46,36.67,49.13,4.978,0.024,352.36,2026-01-01 08:30:30,bnj_ptfe_701_plc,new184
701,2026-01-01 08:30:40,OP101,JOB1001,1,2,49.51,152.94,338.12,60.71,29.42,36.87,48.52,4.95,0.021,349.8,2026-01-01 08:30:40,bnj_ptfe_701_plc,new185
701,2026-01-01 08:30:50,OP101,JOB1001,1,2,50.02,149.25,339.76,60.83,31.5,37.07,49.02,4.979,0.038,349.74,2026-01-01 08:30:50,bnj_ptfe_701_plc,new186
701,2026-01-01 08:31:00,OP101,JOB1001,1,2,50.51,153.48,341.45,62.43,30.84,37.27,49.5,4.977,0.023,348.81,2026-01-01 08:31:00,bnj_ptfe_701_plc,new187
701,2026-01-01 08:31:10,OP101,JOB1001,1,2,49.43,147.47,340.18,60.01,29.13,37.47,48.44,5.038,0.033,349.41,2026-01-01 08:31:10,bnj_ptfe_701_plc,new188
701,2026-01-01 08:31:20,OP101,JOB1001,1,2,49.5,148.07,338.92,60.82,29.38,37.68,48.51,5.04,0.032,351.26,2026-01-01 08:31:20,bnj_ptfe_701_plc,new189
701,2026-01-01 08:31:30,OP101,JOB1001,1,2,49.45,151.03,341.36,61.06,31.16,37.88,48.46,5.01,0.034,350.33,2026-01-01 08:31:30,bnj_ptfe_701_plc,new190
701,2026-01-01 08:31:40,OP101,JOB1001,1,2,50.52,154.45,340.67,59.72,29.83,38.08,49.51,4.955,0.026,349.93,2026-01-01 08:31:40,bnj_ptfe_701_plc,new191
701,2026-01-01 08:31:50,OP101,JOB1001,1,2,49.75,150.28,340.62,61.84,30.57,38.28,48.76,5.038,0.027,351.32,2026-01-01 08:31:50,bnj_ptfe_701_plc,new192
701,2026-01-01 08:32:00,OP101,JOB1001,1,2,50.25,148.45,340.58,61.62,30.68,38.48,49.24,4.958,0.022,348.71,2026-01-01 08:32:00,bnj_ptfe_701_plc,new193
701,2026-01-01 08:32:10,OP101,JOB1001,1,2,50.51,146.67,341.95,59.95,29.26,38.68,49.5,4.97,0.027,349.06,2026-01-01 08:32:10,bnj_ptfe_701_plc,new194
701,2026-01-01 08:32:20,OP101,JOB1001,1,2,50.6,146.25,341.97,62.32,30.22,38.88,49.59,4.957,0.031,349.85,2026-01-01 08:32:20,bnj_ptfe_701_plc,new195
701,2026-01-01 08:32:30,OP101,JOB1001,1,2,50.65,148.4,339.13,61.45,31.72,39.08,49.64,5.015,0.04,351.72,2026-01-01 08:32:30,bnj_ptfe_701_plc,new196
701,2026-01-01 08:32:40,OP101,JOB1001,1,2,50.7,154.67,338.56,60.42,30.65,39.28,49.69,5.034,0.037,352.26,2026-01-01 08:32:40,bnj_ptfe_701_plc,new197
701,2026-01-01 08:32:50,OP101,JOB1001,1,2,49.23,147.05,341.3,57.34,28.67,39.48,48.25,5.027,0.021,348.36,2026-01-01 08:32:50,bnj_ptfe_701_plc,new198
701,2026-01-01 08:33:00,OP101,JOB1001,1,2,50.61,150.98,339.46,62.63,29.95,39.68,49.6,5.025,0.039,347.53,2026-01-01 08:33:00,bnj_ptfe_701_plc,new199
701,2026-01-01 08:33:10,OP101,JOB1001,1,2,49.37,153.03,339.5,60.97,29.75,39.88,48.38,5.002,0.035,351.13,2026-01-01 08:33:10,bnj_ptfe_701_plc,new200
701,2026-01-01 08:33:20,OP101,JOB1001,1,2,49.32,152.74,339.89,61.87,29.56,40.08,48.33,4.997,0.022,351.91,2026-01-01 08:33:20,bnj_ptfe_701_plc,new201
701,2026-01-01 08:33:30,OP101,JOB1001,1,2,50.22,149.24,341.89,57.37,30.6,40.28,49.22,5.046,0.035,349.19,2026-01-01 08:33:30,bnj_ptfe_701_plc,new202
701,2026-01-01 08:33:40,OP101,JOB1001,1,2,50.02,147.77,339.71,60.33,29.21,40.48,49.02,4.977,0.037,348.57,2026-01-01 08:33:40,bnj_ptfe_701_plc,new203
701,2026-01-01 08:33:50,OP101,JOB1001,1,2,49.9,152.22,339.56,59.41,28.92,40.68,48.9,4.993,0.026,347.49,2026-01-01 08:33:50,bnj_ptfe_701_plc,new204
701,2026-01-01 08:34:00,OP101,JOB1001,1,2,49.9,154.65,340.93,62.08,28.11,40.88,48.9,5.002,0.022,352.78,2026-01-01 08:34:00,bnj_ptfe_701_plc,new205
701,2026-01-01 08:34:10,OP101,JOB1001,1,2,49.94,151.8,341.51,59.32,29.03,41.08,48.94,4.964,0.038,350.09,2026-01-01 08:34:10,bnj_ptfe_701_plc,new206
701,2026-01-01 08:34:20,OP101,JOB1001,1,2,50.15,154.25,340.19,58.97,31.33,41.28,49.15,5.041,0.04,348.94,2026-01-01 08:34:20,bnj_ptfe_701_plc,new207
701,2026-01-01 08:34:30,OP101,JOB1001,1,2,50.45,148.92,339.41,62.24,28.93,41.48,49.44,4.988,0.032,352.71,2026-01-01 08:34:30,bnj_ptfe_701_plc,new208
701,2026-01-01 08:34:40,OP101,JOB1001,1,2,49.63,148.82,338.5,60.16,30.21,41.68,48.64,5.038,0.037,352.42,2026-01-01 08:34:40,bnj_ptfe_701_plc,new209
701,2026-01-01 08:34:50,OP101,JOB1001,1,2,49.39,146.5,339.52,58.48,30.04,41.88,48.4,5.027,0.037,350.46,2026-01-01 08:34:50,bnj_ptfe_701_plc,new210
701,2026-01-01 08:35:00,OP101,JOB1001,1,2,50.13,152.79,339.3,61.36,28.54,42.08,49.13,5.027,0.037,350.23,2026-01-01 08:35:00,bnj_ptfe_701_plc,new211
701,2026-01-01 08:35:10,OP101,JOB1001,1,2,50.56,151.19,340.92,61.71,31.11,42.28,49.55,4.996,0.029,348.16,2026-01-01 08:35:10,bnj_ptfe_701_plc,new212
701,2026-01-01 08:35:20,OP101,JOB1001,1,2,49.69,149.1,340.49,60.77,30.77,42.48,48.7,4.981,0.028,352.24,2026-01-01 08:35:20,bnj_ptfe_701_plc,new213
701,2026-01-01 08:35:30,OP101,JOB1001,1,2,49.7,154.8,341.3,62.62,29.85,42.69,48.71,4.987,0.033,348.03,2026-01-01 08:35:30,bnj_ptfe_701_plc,new214
701,2026-01-01 08:35:40,OP101,JOB1001,1,2,49.96,153.39,339.74,59.85,29.23,42.89,48.96,4.994,0.028,351.89,2026-01-01 08:35:40,bnj_ptfe_701_plc,new215
701,2026-01-01 08:35:50,OP101,JOB1001,1,2,49.22,150.54,341.77,59.03,31.19,43.09,48.24,5.013,0.036,347.75,2026-01-01 08:35:50,bnj_ptfe_701_plc,new216
701,2026-01-01 08:36:00,OP101,JOB1001,1,2,49.88,147.31,338.67,58.3,30.18,43.29,48.88,5.049,0.031,347.66,2026-01-01 08:36:00,bnj_ptfe_701_plc,new217
701,2026-01-01 08:36:10,OP101,JOB1001,1,2,49.62,145.79,340.43,62.28,29.59,43.49,48.63,5.038,0.03,349.47,2026-01-01 08:36:10,bnj_ptfe_701_plc,new218
701,2026-01-01 08:36:20,OP101,JOB1001,1,2,49.42,150.07,339.25,61.07,31.72,43.69,48.43,5.021,0.021,347.33,2026-01-01 08:36:20,bnj_ptfe_701_plc,new219
701,2026-01-01 08:36:30,OP101,JOB1001,1,2,49.63,151.84,340.85,59.6,31.28,43.89,48.64,5.037,0.027,351.03,2026-01-01 08:36:30,bnj_ptfe_701_plc,new220
701,2026-01-01 08:36:40,OP101,JOB1001,1,2,49.44,147.74,341.43,58.33,31.94,44.09,48.45,4.977,0.037,350.32,2026-01-01 08:36:40,bnj_ptfe_701_plc,new221
701,2026-01-01 08:36:50,OP101,JOB1001,1,2,49.58,150.64,339.69,59.59,30.03,44.29,48.59,4.962,0.027,349.58,2026-01-01 08:36:50,bnj_ptfe_701_plc,new222
701,2026-01-01 08:37:00,OP101,JOB1001,1,2,49.42,153.83,339.51,59.21,28.87,44.49,48.43,5.026,0.03,349.97,2026-01-01 08:37:00,bnj_ptfe_701_plc,new223
701,2026-01-01 08:37:10,OP101,JOB1001,1,2,49.76,154.36,340.67,61.18,30.02,44.69,48.76,4.969,0.028,352.24,2026-01-01 08:37:10,bnj_ptfe_701_plc,new224
701,2026-01-01 08:37:20,OP101,JOB1001,1,2,50.69,152.34,340.61,60.04,29.9,44.89,49.68,5.037,0.032,350.28,2026-01-01 08:37:20,bnj_ptfe_701_plc,new225
701,2026-01-01 08:37:30,OP101,JOB1001,1,2,49.57,152.43,340.32,61.6,31.33,45.09,48.58,5.003,0.024,348.17,2026-01-01 08:37:30,bnj_ptfe_701_plc,new226
701,2026-01-01 08:37:40,OP101,JOB1001,1,2,50.39,151.62,340.63,57.45,28.69,45.29,49.38,4.994,0.034,350.46,2026-01-01 08:37:40,bnj_ptfe_701_plc,new227
701,2026-01-01 08:37:50,OP101,JOB1001,1,2,50.73,153.59,338.04,58.55,30.54,45.49,49.72,4.961,0.027,347.1,2026-01-01 08:37:50,bnj_ptfe_701_plc,new228
701,2026-01-01 08:38:00,OP101,JOB1001,1,2,50.71,147.54,339.37,62.83,29.43,45.69,49.7,5.011,0.031,350.05,2026-01-01 08:38:00,bnj_ptfe_701_plc,new229
701,2026-01-01 08:38:10,OP101,JOB1001,1,2,50.6,151.82,341.03,57.84,28.38,45.89,49.59,4.996,0.027,352.91,2026-01-01 08:38:10,bnj_ptfe_701_plc,new230
701,2026-01-01 08:38:20,OP101,JOB1001,1,2,49.86,152.14,338.41,61.86,31.79,46.09,48.86,4.977,0.03,349.23,2026-01-01 08:38:20,bnj_ptfe_701_plc,new231
701,2026-01-01 08:38:30,OP101,JOB1001,1,2,50.3,147.7,339.63,61.76,30.92,46.29,49.29,5.012,0.027,347.18,2026-01-01 08:38:30,bnj_ptfe_701_plc,new232
701,2026-01-01 08:38:40,OP101,JOB1001,1,2,50.52,153.06,341.58,58.03,29.71,46.49,49.51,5.023,0.038,350.62,2026-01-01 08:38:40,bnj_ptfe_701_plc,new233
701,2026-01-01 08:38:50,OP101,JOB1001,1,2,49.24,151.89,341.4,60.36,30.51,46.69,48.26,5.023,0.024,351.62,2026-01-01 08:38:50,bnj_ptfe_701_plc,new234
701,2026-01-01 08:39:00,OP101,JOB1001,1,2,49.39,150.84,341.45,62.87,30.41,46.89,48.4,5.036,0.034,351.04,2026-01-01 08:39:00,bnj_ptfe_701_plc,new235
701,2026-01-01 08:39:10,OP101,JOB1001,1,2,50.48,150.11,338.64,60.27,28.49,47.09,49.47,4.969,0.027,352.37,2026-01-01 08:39:10,bnj_ptfe_701_plc,new236
701,2026-01-01 08:39:20,OP101,JOB1001,1,2,49.6,147.45,339.88,60.49,28.76,47.29,48.61,4.976,0.031,352.37,2026-01-01 08:39:20,bnj_ptfe_701_plc,new237
701,2026-01-01 08:39:30,OP101,JOB1001,1,2,50.68,145.73,338.61,61.76,31.42,47.49,49.67,5.005,0.039,350.93,2026-01-01 08:39:30,bnj_ptfe_701_plc,new238
701,2026-01-01 08:39:40,OP101,JOB1001,1,2,50.76,152.29,338.49,59.77,30.92,47.7,49.74,5.001,0.025,348.94,2026-01-01 08:39:40,bnj_ptfe_701_plc,new239
701,2026-01-01 08:39:50,OP101,JOB1001,1,2,50.03,147.05,340.97,58.74,28.92,47.9,49.03,5.047,0.033,351.97,2026-01-01 08:39:50,bnj_ptfe_701_plc,new240
701,2026-01-01 08:40:00,OP101,JOB1001,1,2,50.44,149.64,341.14,58.73,31.87,48.1,49.43,5.048,0.033,350.99,2026-01-01 08:40:00,bnj_ptfe_701_plc,new241
701,2026-01-01 08:40:10,OP101,JOB1001,1,2,50.56,151.8,339.62,57.38,31.75,48.3,49.55,5.03,0.034,347.34,2026-01-01 08:40:10,bnj_ptfe_701_plc,new242
701,2026-01-01 08:40:20,OP101,JOB1001,1,2,50.52,149.95,338.41,61.77,31.29,48.5,49.51,4.963,0.021,347.18,2026-01-01 08:40:20,bnj_ptfe_701_plc,new243
701,2026-01-01 08:40:30,OP101,JOB1001,1,2,50.48,148.46,340.85,59.75,29.45,48.7,49.47,5.038,0.024,351.2,2026-01-01 08:40:30,bnj_ptfe_701_plc,new244
701,2026-01-01 08:40:40,OP101,JOB1001,1,2,50.47,148.46,339.18,62.33,28.45,48.9,49.46,5.038,0.03,352.89,2026-01-01 08:40:40,bnj_ptfe_701_plc,new245
701,2026-01-01 08:40:50,OP101,JOB1001,1,2,49.51,148.38,338.89,61.76,28.31,49.1,48.52,5.021,0.03,351.25,2026-01-01 08:40:50,bnj_ptfe_701_plc,new246
701,2026-01-01 08:41:00,OP101,JOB1001,1,2,49.51,151.56,340.92,57.45,30.51,49.3,48.52,4.996,0.028,347.55,2026-01-01 08:41:00,bnj_ptfe_701_plc,new247
701,2026-01-01 08:41:10,OP101,JOB1001,1,2,49.56,146.57,338.04,62.78,31.11,49.5,48.57,4.968,0.031,347.96,2026-01-01 08:41:10,bnj_ptfe_701_plc,new248
701,2026-01-01 08:41:20,OP101,JOB1001,1,2,50.55,152.06,341.49,57.8,29.53,49.7,49.54,4.986,0.023,349.12,2026-01-01 08:41:20,bnj_ptfe_701_plc,new249
701,2026-01-01 08:41:30,OP101,JOB1001,1,2,49.97,147.8,339.99,59.79,31.13,49.9,48.97,5.003,0.028,352.82,2026-01-01 08:41:30,bnj_ptfe_701_plc,new250
701,2026-01-01 08:41:40,OP101,JOB1001,1,2,49.85,149.04,339.65,58.38,31.36,50.1,48.85,5.013,0.024,352.04,2026-01-01 08:41:40,bnj_ptfe_701_plc,new251
701,2026-01-01 08:41:50,OP101,JOB1001,1,2,50.12,151.83,340.84,60.92,30.45,50.3,49.12,4.977,0.028,352.47,2026-01-01 08:41:50,bnj_ptfe_701_plc,new252
701,2026-01-01 08:42:00,OP101,JOB1001,1,2,50.46,151.51,339.87,58.69,29.69,50.5,49.45,4.98,0.038,347.61,2026-01-01 08:42:00,bnj_ptfe_701_plc,new253
701,2026-01-01 08:42:10,OP101,JOB1001,1,2,50.17,149.52,338.65,60.85,31.93,50.7,49.17,5.001,0.034,352.11,2026-01-01 08:42:10,bnj_ptfe_701_plc,new254
701,2026-01-01 08:42:20,OP101,JOB1001,1,2,50.18,146.4,338,58.25,31.62,50.9,49.18,5.033,0.021,349.71,2026-01-01 08:42:20,bnj_ptfe_701_plc,new255
701,2026-01-01 08:42:30,OP101,JOB1001,1,2,49.59,146.82,340.48,59.11,28.48,51.1,48.6,5.002,0.022,349.21,2026-01-01 08:42:30,bnj_ptfe_701_plc,new256
701,2026-01-01 08:42:40,OP101,JOB1001,1,2,49.22,154.84,340.05,57.03,28.12,51.3,48.24,5.011,0.034,349.71,2026-01-01 08:42:40,bnj_ptfe_701_plc,new257
701,2026-01-01 08:42:50,OP101,JOB1001,1,2,49.23,152.45,339.6,60.39,31.95,51.5,48.25,4.981,0.034,350.3,2026-01-01 08:42:50,bnj_ptfe_701_plc,new258
701,2026-01-01 08:43:00,OP101,JOB1001,1,2,50.01,148.95,339.81,60.11,31.54,51.7,49.01,5.035,0.034,352.22,2026-01-01 08:43:00,bnj_ptfe_701_plc,new259
701,2026-01-01 08:43:10,OP101,JOB1001,1,2,49.94,149.93,340.37,60.17,28.96,51.9,48.94,4.959,0.022,348.54,2026-01-01 08:43:10,bnj_ptfe_701_plc,new260
701,2026-01-01 08:43:20,OP101,JOB1001,1,2,50.28,145.08,340.81,61.09,31.94,52.1,49.27,5,0.033,349.36,2026-01-01 08:43:20,bnj_ptfe_701_plc,new261
701,2026-01-01 08:43:30,OP101,JOB1001,1,2,49.36,145.38,340.09,57.95,31.55,52.3,48.37,5.01,0.026,348.62,2026-01-01 08:43:30,bnj_ptfe_701_plc,new262
701,2026-01-01 08:43:40,OP101,JOB1001,1,2,49.89,145.8,340.96,62.77,30.29,52.51,48.89,5.048,0.036,347.25,2026-01-01 08:43:40,bnj_ptfe_701_plc,new263
701,2026-01-01 08:43:50,OP101,JOB1001,1,2,49.77,152.24,340.87,61.01,30.8,52.71,48.77,4.978,0.037,352.25,2026-01-01 08:43:50,bnj_ptfe_701_plc,new264
701,2026-01-01 08:44:00,OP101,JOB1001,1,2,50.55,145.24,339.81,59.38,30.36,52.91,49.54,4.977,0.031,352.35,2026-01-01 08:44:00,bnj_ptfe_701_plc,new265
701,2026-01-01 08:44:10,OP101,JOB1001,1,2,49.3,147.92,339.1,58.22,28.22,53.11,48.31,4.962,0.028,347.45,2026-01-01 08:44:10,bnj_ptfe_701_plc,new266
701,2026-01-01 08:44:20,OP101,JOB1001,1,2,49.68,145.36,341.11,60.45,29.54,53.31,48.69,4.971,0.027,349.08,2026-01-01 08:44:20,bnj_ptfe_701_plc,new267
701,2026-01-01 08:44:30,OP101,JOB1001,1,2,50.42,145.26,339.73,61.7,28.38,53.51,49.41,5.006,0.03,350.19,2026-01-01 08:44:30,bnj_ptfe_701_plc,new268
701,2026-01-01 08:44:40,OP101,JOB1001,1,2,49.27,153.66,338.81,60.55,28.13,53.71,48.28,5.018,0.038,347.62,2026-01-01 08:44:40,bnj_ptfe_701_plc,new269
701,2026-01-01 08:44:50,OP101,JOB1001,1,2,49.92,145.45,339.92,62.86,30.56,53.91,48.92,4.998,0.026,348.78,2026-01-01 08:44:50,bnj_ptfe_701_plc,new270
701,2026-01-01 08:45:00,OP101,JOB1001,1,2,49.44,147.66,339.71,61.11,30.6,54.11,48.45,5.04,0.022,352.03,2026-01-01 08:45:00,bnj_ptfe_701_plc,new271
701,2026-01-01 08:45:10,OP101,JOB1001,1,2,50.05,147.52,338.13,60.38,30.4,54.31,49.05,5.003,0.024,349.94,2026-01-01 08:45:10,bnj_ptfe_701_plc,new272
701,2026-01-01 08:45:20,OP101,JOB1001,1,2,50.57,152.63,341.38,59.97,31.59,54.51,49.56,4.977,0.036,351.87,2026-01-01 08:45:20,bnj_ptfe_701_plc,new273
701,2026-01-01 08:45:30,OP101,JOB1001,1,2,49.56,147,338.94,61.24,31.15,54.71,48.57,4.968,0.024,350.07,2026-01-01 08:45:30,bnj_ptfe_701_plc,new274
701,2026-01-01 08:45:40,OP101,JOB1001,1,2,50.36,147.45,340.15,59.16,28.38,54.91,49.35,4.97,0.04,350.41,2026-01-01 08:45:40,bnj_ptfe_701_plc,new275
701,2026-01-01 08:45:50,OP101,JOB1001,1,2,50.35,153.39,340.36,57.21,30.98,55.11,49.34,4.972,0.032,349.39,2026-01-01 08:45:50,bnj_ptfe_701_plc,new276
701,2026-01-01 08:46:00,OP101,JOB1001,1,2,50.09,147.71,339.04,61.75,29.91,55.31,49.09,5.037,0.034,347.39,2026-01-01 08:46:00,bnj_ptfe_701_plc,new277
701,2026-01-01 08:46:10,OP101,JOB1001,1,2,50.1,153.5,339.44,59.48,31.28,55.51,49.1,5.032,0.035,352.17,2026-01-01 08:46:10,bnj_ptfe_701_plc,new278
701,2026-01-01 08:46:20,OP101,JOB1001,1,2,49.71,145.91,338.72,58,29.88,55.71,48.72,4.956,0.03,350.96,2026-01-01 08:46:20,bnj_ptfe_701_plc,new279
701,2026-01-01 08:46:30,OP101,JOB1001,1,2,50.04,146.1,340.47,57.6,31.58,55.91,49.04,4.985,0.038,348.83,2026-01-01 08:46:30,bnj_ptfe_701_plc,new280
701,2026-01-01 08:46:40,OP101,JOB1001,1,2,50.64,151.63,341.41,61.66,31.86,56.11,49.63,5.015,0.028,349.22,2026-01-01 08:46:40,bnj_ptfe_701_plc,new281
701,2026-01-01 08:46:50,OP101,JOB1001,1,2,50.02,153.18,338.76,61.36,31.79,56.31,49.02,5.037,0.021,351.84,2026-01-01 08:46:50,bnj_ptfe_701_plc,new282
701,2026-01-01 08:47:00,OP101,JOB1001,1,2,50.31,148.7,341.25,62.41,31.5,56.51,49.3,5.023,0.037,351.48,2026-01-01 08:47:00,bnj_ptfe_701_plc,new283
701,2026-01-01 08:47:10,OP101,JOB1001,1,2,50.05,154.68,340.02,61.13,30.83,56.71,49.05,4.984,0.028,348.82,2026-01-01 08:47:10,bnj_ptfe_701_plc,new284
701,2026-01-01 08:47:20,OP101,JOB1001,1,2,50.01,151.67,338.49,62.71,30.71,56.91,49.01,5.031,0.032,349.44,2026-01-01 08:47:20,bnj_ptfe_701_plc,new285
701,2026-01-01 08:47:30,OP101,JOB1001,1,2,50.63,154.13,338.99,57.12,29.55,57.11,49.62,5.039,0.03,352.74,2026-01-01 08:47:30,bnj_ptfe_701_plc,new286
701,2026-01-01 08:47:40,OP101,JOB1001,1,2,49.33,152.23,341.63,58.03,29.82,57.31,48.34,4.987,0.029,351.93,2026-01-01 08:47:40,bnj_ptfe_701_plc,new287
701,2026-01-01 08:47:50,OP101,JOB1001,1,2,50.5,145.42,340.35,62.9,30.99,57.52,49.49,5.01,0.033,350.02,2026-01-01 08:47:50,bnj_ptfe_701_plc,new288
701,2026-01-01 08:48:00,OP101,JOB1001,1,2,49.48,145.48,340.93,62.53,28.02,57.72,48.49,5.037,0.036,350.7,2026-01-01 08:48:00,bnj_ptfe_701_plc,new289
701,2026-01-01 08:48:10,OP101,JOB1001,1,2,50.08,154.3,338.6,58.93,30.71,57.92,49.08,4.963,0.027,350.74,2026-01-01 08:48:10,bnj_ptfe_701_plc,new290
701,2026-01-01 08:48:20,OP101,JOB1001,1,2,49.56,147.61,338.86,59.68,31.71,58.12,48.57,4.956,0.022,348.55,2026-01-01 08:48:20,bnj_ptfe_701_plc,new291
701,2026-01-01 08:48:30,OP101,JOB1001,1,2,49.35,146.41,339.86,59.72,30.05,58.32,48.36,4.951,0.03,349.55,2026-01-01 08:48:30,bnj_ptfe_701_plc,new292
701,2026-01-01 08:48:40,OP101,JOB1001,1,2,49.45,150.66,339.76,58.32,28.76,58.52,48.46,4.995,0.025,352.34,2026-01-01 08:48:40,bnj_ptfe_701_plc,new293
701,2026-01-01 08:48:50,OP101,JOB1001,1,2,49.32,151.6,340.56,58.13,29.78,58.72,48.33,5.009,0.021,349.07,2026-01-01 08:48:50,bnj_ptfe_701_plc,new294
701,2026-01-01 08:49:00,OP101,JOB1001,1,2,50.32,153.58,339.29,58.69,31.59,58.92,49.31,4.985,0.021,348.49,2026-01-01 08:49:00,bnj_ptfe_701_plc,new295
701,2026-01-01 08:49:10,OP101,JOB1001,1,2,50.23,146.67,340.94,57.6,29.33,59.12,49.23,5.031,0.036,350.95,2026-01-01 08:49:10,bnj_ptfe_701_plc,new296
701,2026-01-01 08:49:20,OP101,JOB1001,1,2,50.78,149.83,341.08,57.48,30.76,59.32,49.76,4.992,0.038,349.6,2026-01-01 08:49:20,bnj_ptfe_701_plc,new297
701,2026-01-01 08:49:30,OP101,JOB1001,1,2,50.03,150.73,339.89,62.02,29.66,59.52,49.03,4.955,0.036,350.7,2026-01-01 08:49:30,bnj_ptfe_701_plc,new298
701,2026-01-01 08:49:40,OP101,JOB1001,1,2,50.67,145.84,341.82,57.46,30.6,59.72,49.66,4.97,0.032,348.48,2026-01-01 08:49:40,bnj_ptfe_701_plc,new299
701,2026-01-01 08:49:50,OP101,JOB1001,1,2,50.14,153.11,338.41,58.21,28.91,59.92,49.14,4.988,0.026,348.03,2026-01-01 08:49:50,bnj_ptfe_701_plc,new300
701,2026-01-01 08:50:00,OP101,JOB1001,1,2,50.27,153.12,340.07,58.49,30.65,60.12,49.26,5.017,0.023,351.15,2026-01-01 08:50:00,bnj_ptfe_701_plc,new301
701,2026-01-01 08:50:10,OP101,JOB1001,1,2,49.59,145.31,341.6,60.23,30.75,60.32,48.6,4.954,0.021,351.66,2026-01-01 08:50:10,bnj_ptfe_701_plc,new302
701,2026-01-01 08:50:20,OP101,JOB1001,1,2,49.98,150.08,341.06,58.59,31.84,60.52,48.98,4.957,0.036,350.51,2026-01-01 08:50:20,bnj_ptfe_701_plc,new303
701,2026-01-01 08:50:30,OP101,JOB1001,1,2,49.69,149.66,338.76,61.34,31.99,60.72,48.7,5.035,0.026,348.39,2026-01-01 08:50:30,bnj_ptfe_701_plc,new304
701,2026-01-01 08:50:40,OP101,JOB1001,1,2,50.25,152.49,338.11,61.06,31.34,60.92,49.24,5.035,0.021,350.37,2026-01-01 08:50:40,bnj_ptfe_701_plc,new305
701,2026-01-01 08:50:50,OP101,JOB1001,1,2,49.81,145.52,339.49,62.6,28.73,61.12,48.81,5.003,0.029,350.69,2026-01-01 08:50:50,bnj_ptfe_701_plc,new306
701,2026-01-01 08:51:00,OP101,JOB1001,1,2,50.18,151.89,341.59,58.91,29.31,61.32,49.18,5.01,0.035,352.16,2026-01-01 08:51:00,bnj_ptfe_701_plc,new307
701,2026-01-01 08:51:10,OP101,JOB1001,1,2,49.4,152.31,338.23,61.25,28.09,61.52,48.41,5.047,0.038,348.53,2026-01-01 08:51:10,bnj_ptfe_701_plc,new308
701,2026-01-01 08:51:20,OP101,JOB1001,1,2,49.86,148.94,340.37,60.97,28.1,61.72,48.86,5.035,0.023,351.78,2026-01-01 08:51:20,bnj_ptfe_701_plc,new309
701,2026-01-01 08:51:30,OP101,JOB1001,1,2,49.99,145.95,341.46,59.12,28.9,61.92,48.99,5.037,0.029,351.59,2026-01-01 08:51:30,bnj_ptfe_701_plc,new310
701,2026-01-01 08:51:40,OP101,JOB1001,1,2,50.27,147.28,339.91,58.57,29.24,62.12,49.26,5.038,0.028,348.67,2026-01-01 08:51:40,bnj_ptfe_701_plc,new311
701,2026-01-01 08:51:50,OP101,JOB1001,1,2,49.79,152.21,338.22,61.7,31.04,62.32,48.79,5.018,0.039,352.02,2026-01-01 08:51:50,bnj_ptfe_701_plc,new312
701,2026-01-01 08:52:00,OP101,JOB1001,1,2,49.68,151.11,338.44,61.96,30.54,62.53,48.69,4.985,0.036,347.36,2026-01-01 08:52:00,bnj_ptfe_701_plc,new313
701,2026-01-01 08:52:10,OP101,JOB1001,1,2,50.24,149.81,340.29,58.91,31.03,62.73,49.24,5.042,0.029,348.15,2026-01-01 08:52:10,bnj_ptfe_701_plc,new314
701,2026-01-01 08:52:20,OP101,JOB1001,1,2,49.45,148.94,340.67,59.56,30.92,62.93,48.46,4.96,0.022,350.27,2026-01-01 08:52:20,bnj_ptfe_701_plc,new315
701,2026-01-01 08:52:30,OP101,JOB1001,1,2,50.76,148.82,338.61,57.12,28.79,63.13,49.74,4.969,0.026,350.91,2026-01-01 08:52:30,bnj_ptfe_701_plc,new316
701,2026-01-01 08:52:40,OP101,JOB1001,1,2,50.05,154.4,339.3,57.95,31.51,63.33,49.05,5.03,0.035,349.91,2026-01-01 08:52:40,bnj_ptfe_701_plc,new317
701,2026-01-01 08:52:50,OP101,JOB1001,1,2,49.24,153.76,338.24,61.2,30.69,63.53,48.26,4.969,0.027,351.47,2026-01-01 08:52:50,bnj_ptfe_701_plc,new318
701,2026-01-01 08:53:00,OP101,JOB1001,1,2,49.27,145.87,338.72,59.57,30.1,63.73,48.28,4.993,0.024,351.22,2026-01-01 08:53:00,bnj_ptfe_701_plc,new319
701,2026-01-01 08:53:10,OP101,JOB1001,1,2,50.27,145.69,341.34,57.27,31.26,63.93,49.26,4.974,0.036,348.74,2026-01-01 08:53:10,bnj_ptfe_701_plc,new320
701,2026-01-01 08:53:20,OP101,JOB1001,1,2,49.79,151.56,340.59,61.48,31.28,64.13,48.79,4.981,0.032,351.07,2026-01-01 08:53:20,bnj_ptfe_701_plc,new321
701,2026-01-01 08:53:30,OP101,JOB1001,1,2,50.52,152.77,340.18,62.56,31.25,64.33,49.51,5.018,0.031,348.46,2026-01-01 08:53:30,bnj_ptfe_701_plc,new322
701,2026-01-01 08:53:40,OP101,JOB1001,1,2,50.34,151.75,340.92,61.18,31.58,64.53,49.33,4.981,0.027,347.59,2026-01-01 08:53:40,bnj_ptfe_701_plc,new323
701,2026-01-01 08:53:50,OP101,JOB1001,1,2,49.89,148.96,339.55,58.11,30.17,64.73,48.89,4.989,0.021,348.94,2026-01-01 08:53:50,bnj_ptfe_701_plc,new324
701,2026-01-01 08:54:00,OP101,JOB1001,1,2,50.74,148.08,340.13,62.44,30.93,64.93,49.73,4.999,0.026,350.49,2026-01-01 08:54:00,bnj_ptfe_701_plc,new325
701,2026-01-01 08:54:10,OP101,JOB1001,1,2,49.79,149.25,340.46,61.39,31.89,65.13,48.79,5.034,0.024,350.44,2026-01-01 08:54:10,bnj_ptfe_701_plc,new326
701,2026-01-01 08:54:20,OP101,JOB1001,1,2,50.37,148.39,339.24,59.65,29.03,65.33,49.36,5.012,0.029,348.9,2026-01-01 08:54:20,bnj_ptfe_701_plc,new327
701,2026-01-01 08:54:30,OP101,JOB1001,1,2,50.42,154.39,339.37,57.79,29.45,65.53,49.41,5.023,0.026,348.27,2026-01-01 08:54:30,bnj_ptfe_701_plc,new328
701,2026-01-01 08:54:40,OP101,JOB1001,1,2,50.53,146.35,338.74,59.57,29.9,65.73,49.52,4.98,0.034,349.46,2026-01-01 08:54:40,bnj_ptfe_701_plc,new329
701,2026-01-01 08:54:50,OP101,JOB1001,1,2,49.59,150.77,340.56,60.83,30.36,65.93,48.6,4.989,0.031,350.74,2026-01-01 08:54:50,bnj_ptfe_701_plc,new330
701,2026-01-01 08:55:00,OP101,JOB1001,1,2,50.78,150.28,340.63,62.38,30.33,66.13,49.76,4.996,0.04,347.49,2026-01-01 08:55:00,bnj_ptfe_701_plc,new331
701,2026-01-01 08:55:10,OP101,JOB1001,1,2,50.7,150.09,340.17,58.66,28.37,66.33,49.69,4.953,0.024,352.38,2026-01-01 08:55:10,bnj_ptfe_701_plc,new332
701,2026-01-01 08:55:20,OP101,JOB1001,1,2,49.6,149.52,339,60.36,30.73,66.53,48.61,5.046,0.024,350.56,2026-01-01 08:55:20,bnj_ptfe_701_plc,new333
701,2026-01-01 08:55:30,OP101,JOB1001,1,2,50.4,150.39,339.11,60.94,28.5,66.73,49.39,5.038,0.033,347.55,2026-01-01 08:55:30,bnj_ptfe_701_plc,new334
701,2026-01-01 08:55:40,OP101,JOB1001,1,2,50.7,148.32,338.7,62.64,30.82,66.93,49.69,4.987,0.028,347.46,2026-01-01 08:55:40,bnj_ptfe_701_plc,new335
701,2026-01-01 08:55:50,OP101,JOB1001,1,2,50.52,152.13,340.45,60.96,30.22,67.13,49.51,5.007,0.03,350.07,2026-01-01 08:55:50,bnj_ptfe_701_plc,new336
701,2026-01-01 08:56:00,OP101,JOB1001,1,2,49.85,148.37,338.33,58.07,31.2,67.33,48.85,5.038,0.034,350.32,2026-01-01 08:56:00,bnj_ptfe_701_plc,new337
701,2026-01-01 08:56:10,OP101,JOB1001,1,2,50.74,150.4,341.26,57.95,31.15,67.54,49.73,4.963,0.021,350.15,2026-01-01 08:56:10,bnj_ptfe_701_plc,new338
701,2026-01-01 08:56:20,OP101,JOB1001,1,2,50.49,149.1,339.56,62.51,29.27,67.74,49.48,5.005,0.035,348.04,2026-01-01 08:56:20,bnj_ptfe_701_plc,new339
701,2026-01-01 08:56:30,OP101,JOB1001,1,2,49.24,149.16,341.07,62.76,28.52,67.94,48.26,5.031,0.029,348.48,2026-01-01 08:56:30,bnj_ptfe_701_plc,new340
701,2026-01-01 08:56:40,OP101,JOB1001,1,2,49.55,152.65,338.85,57.18,31.54,68.14,48.56,4.957,0.021,347.82,2026-01-01 08:56:40,bnj_ptfe_701_plc,new341
701,2026-01-01 08:56:50,OP101,JOB1001,1,2,49.79,153.57,338.69,59.11,28.95,68.34,48.79,4.963,0.02,352.79,2026-01-01 08:56:50,bnj_ptfe_701_plc,new342
701,2026-01-01 08:57:00,OP101,JOB1001,1,2,49.83,152.24,338.69,61.82,30.96,68.54,48.83,5.004,0.03,350.36,2026-01-01 08:57:00,bnj_ptfe_701_plc,new343
701,2026-01-01 08:57:10,OP101,JOB1001,1,2,49.46,148.57,339.16,62.2,30.64,68.74,48.47,5.025,0.025,348.17,2026-01-01 08:57:10,bnj_ptfe_701_plc,new344
701,2026-01-01 08:57:20,OP101,JOB1001,1,2,50.12,151.8,338.89,62.54,28.56,68.94,49.12,5.027,0.036,349.15,2026-01-01 08:57:20,bnj_ptfe_701_plc,new345
701,2026-01-01 08:57:30,OP101,JOB1001,1,2,50.77,153.67,339.77,62.09,29.99,69.14,49.75,4.99,0.029,352.26,2026-01-01 08:57:30,bnj_ptfe_701_plc,new346
701,2026-01-01 08:57:40,OP101,JOB1001,1,2,49.9,148.61,341.6,57.58,28.88,69.34,48.9,4.993,0.032,349.94,2026-01-01 08:57:40,bnj_ptfe_701_plc,new347
701,2026-01-01 08:57:50,OP101,JOB1001,1,2,50.39,150.07,339.55,60.83,30,69.54,49.38,5.044,0.029,347.03,2026-01-01 08:57:50,bnj_ptfe_701_plc,new348
701,2026-01-01 08:58:00,OP101,JOB1001,1,2,50.59,152.57,338.7,62.32,31.58,69.74,49.58,5.008,0.027,352.78,2026-01-01 08:58:00,bnj_ptfe_701_plc,new349
701,2026-01-01 08:58:10,OP101,JOB1001,1,2,49.43,148.02,338.46,61.13,28.76,69.94,48.44,5.039,0.023,349.05,2026-01-01 08:58:10,bnj_ptfe_701_plc,new350
701,2026-01-01 08:58:20,OP101,JOB1001,1,2,49.7,146.58,338.05,58.59,29.48,70.14,48.71,5.047,0.028,351.33,2026-01-01 08:58:20,bnj_ptfe_701_plc,new351
701,2026-01-01 08:58:30,OP101,JOB1001,1,2,49.25,146.48,338.12,61.11,29.75,70.34,48.27,4.981,0.025,349.97,2026-01-01 08:58:30,bnj_ptfe_701_plc,new352
701,2026-01-01 08:58:40,OP101,JOB1001,1,2,49.89,154.7,338.26,61.49,30.6,70.54,48.89,5.035,0.026,352.32,2026-01-01 08:58:40,bnj_ptfe_701_plc,new353
701,2026-01-01 08:58:50,OP101,JOB1001,1,2,50.35,151.95,341.49,57.6,30.55,70.74,49.34,5.042,0.03,352.42,2026-01-01 08:58:50,bnj_ptfe_701_plc,new354
701,2026-01-01 08:59:00,OP101,JOB1001,1,2,49.43,153.08,341.55,58.28,30.75,70.94,48.44,4.962,0.021,347.41,2026-01-01 08:59:00,bnj_ptfe_701_plc,new355
701,2026-01-01 08:59:10,OP101,JOB1001,1,2,49.49,148.47,340.87,62.68,31.72,71.14,48.5,4.99,0.032,349.72,2026-01-01 08:59:10,bnj_ptfe_701_plc,new356
701,2026-01-01 08:59:20,OP101,JOB1001,1,2,49.41,150.92,338.05,59.99,31.38,71.34,48.42,5.045,0.04,349.59,2026-01-01 08:59:20,bnj_ptfe_701_plc,new357
701,2026-01-01 08:59:30,OP101,JOB1001,1,2,49.38,152.47,339.47,60.08,28.67,71.54,48.39,5.014,0.022,351.87,2026-01-01 08:59:30,bnj_ptfe_701_plc,new358
701,2026-01-01 08:59:40,OP101,JOB1001,1,2,49.95,154.89,338.86,61.48,31.29,71.74,48.95,4.981,0.034,350.92,2026-01-01 08:59:40,bnj_ptfe_701_plc,new359
701,2026-01-01 08:59:50,OP101,JOB1001,1,2,50.48,152.21,339.59,62.64,30.79,71.94,49.47,4.959,0.023,352.93,2026-01-01 08:59:50,bnj_ptfe_701_plc,new360
701,2026-01-01 09:00:00,OP101,JOB1001,1,2,49.44,146.02,339.13,57.48,31.39,72.14,48.45,4.961,0.024,352.62,2026-01-01 09:00:00,bnj_ptfe_701_plc,new361
701,2026-01-01 09:00:10,OP101,JOB1001,1,2,50.12,153.97,340.51,58.23,30.32,72.34,49.12,5.028,0.023,349.25,2026-01-01 09:00:10,bnj_ptfe_701_plc,new362
701,2026-01-01 09:00:20,OP101,JOB1001,1,2,50.3,151.62,341.35,62.58,29.36,72.55,49.29,4.976,0.029,352.8,2026-01-01 09:00:20,bnj_ptfe_701_plc,new363
701,2026-01-01 09:00:30,OP101,JOB1001,1,2,49.76,153.42,340.7,57.74,30.32,72.75,48.76,5.011,0.028,347.91,2026-01-01 09:00:30,bnj_ptfe_701_plc,new364
701,2026-01-01 09:00:40,OP101,JOB1001,1,2,50.38,153.99,339.8,62.24,28.54,72.95,49.37,4.958,0.03,350.82,2026-01-01 09:00:40,bnj_ptfe_701_plc,new365
701,2026-01-01 09:00:50,OP101,JOB1001,1,2,49.41,149.14,339.7,62.73,29.11,73.15,48.42,5.009,0.036,351.48,2026-01-01 09:00:50,bnj_ptfe_701_plc,new366
701,2026-01-01 09:01:00,OP101,JOB1001,1,2,49.35,154.67,340.03,60.84,29.46,73.35,48.36,5.023,0.02,350.2,2026-01-01 09:01:00,bnj_ptfe_701_plc,new367
701,2026-01-01 09:01:10,OP101,JOB1001,1,2,50.55,150.55,340.75,58.09,28.31,73.55,49.54,4.981,0.034,349.38,2026-01-01 09:01:10,bnj_ptfe_701_plc,new368
701,2026-01-01 09:01:20,OP101,JOB1001,1,2,50.61,153.93,341.13,61.13,29.92,73.75,49.6,4.962,0.039,350.98,2026-01-01 09:01:20,bnj_ptfe_701_plc,new369
701,2026-01-01 09:01:30,OP101,JOB1001,1,2,50,145.62,339.2,62.94,31.44,73.95,49,4.999,0.035,352.83,2026-01-01 09:01:30,bnj_ptfe_701_plc,new370
701,2026-01-01 09:01:40,OP101,JOB1001,1,2,49.58,153.34,338.33,57.05,30.66,74.15,48.59,5.019,0.034,350.77,2026-01-01 09:01:40,bnj_ptfe_701_plc,new371
701,2026-01-01 09:01:50,OP101,JOB1001,1,2,50.56,149.79,339.49,59.64,30.17,74.35,49.55,4.983,0.031,352.58,2026-01-01 09:01:50,bnj_ptfe_701_plc,new372
701,2026-01-01 09:02:00,OP101,JOB1001,1,2,50,149.53,341.68,60.41,31.91,74.55,49,5.046,0.036,350.23,2026-01-01 09:02:00,bnj_ptfe_701_plc,new373
701,2026-01-01 09:02:10,OP101,JOB1001,1,2,49.65,153.45,339.35,62.35,31.34,74.75,48.66,5.025,0.032,352.28,2026-01-01 09:02:10,bnj_ptfe_701_plc,new374
701,2026-01-01 09:02:20,OP101,JOB1001,1,2,50.18,147.19,339.78,58.39,28.44,74.95,49.18,5.045,0.023,352.67,2026-01-01 09:02:20,bnj_ptfe_701_plc,new375
701,2026-01-01 09:02:30,OP101,JOB1001,1,2,49.84,152.61,341.26,60.78,31.33,75.15,48.84,4.979,0.028,348.58,2026-01-01 09:02:30,bnj_ptfe_701_plc,new376
701,2026-01-01 09:02:40,OP101,JOB1001,1,2,49.54,152.14,341.53,62.99,28.37,75.35,48.55,4.986,0.031,350.55,2026-01-01 09:02:40,bnj_ptfe_701_plc,new377
701,2026-01-01 09:02:50,OP101,JOB1001,1,2,49.32,152.55,341.29,61.78,30.76,75.55,48.33,4.998,0.035,347.8,2026-01-01 09:02:50,bnj_ptfe_701_plc,new378
701,2026-01-01 09:03:00,OP101,JOB1001,1,2,50.53,147.18,338.61,61.65,28.37,75.75,49.52,5.039,0.02,347.06,2026-01-01 09:03:00,bnj_ptfe_701_plc,new379
701,2026-01-01 09:03:10,OP101,JOB1001,1,2,49.75,150.7,339.09,59.81,28.86,75.95,48.76,5.002,0.027,352.59,2026-01-01 09:03:10,bnj_ptfe_701_plc,new380
701,2026-01-01 09:03:20,OP101,JOB1001,1,2,49.81,154.29,338.03,59.3,31.71,76.15,48.81,5.014,0.022,350.28,2026-01-01 09:03:20,bnj_ptfe_701_plc,new381
701,2026-01-01 09:03:30,OP101,JOB1001,1,2,49.33,146.84,341.24,62.48,29.7,76.35,48.34,5.008,0.025,347.72,2026-01-01 09:03:30,bnj_ptfe_701_plc,new382
701,2026-01-01 09:03:40,OP101,JOB1001,1,2,50.77,154.1,340.87,59.1,29.72,76.55,49.75,4.958,0.026,351.78,2026-01-01 09:03:40,bnj_ptfe_701_plc,new383
701,2026-01-01 09:03:50,OP101,JOB1001,1,2,49.41,145.94,340.17,62.28,28.27,76.75,48.42,5.02,0.039,348.47,2026-01-01 09:03:50,bnj_ptfe_701_plc,new384
701,2026-01-01 09:04:00,OP101,JOB1001,1,2,49.89,148.08,341.12,61.09,29.3,76.95,48.89,4.997,0.021,348.27,2026-01-01 09:04:00,bnj_ptfe_701_plc,new385
701,2026-01-01 09:04:10,OP101,JOB1001,1,2,50.09,147.47,341.55,60.29,28.51,77.15,49.09,5.021,0.021,352.89,2026-01-01 09:04:10,bnj_ptfe_701_plc,new386
701,2026-01-01 09:04:20,OP101,JOB1001,1,2,50.54,151.66,340.27,62.11,28.65,77.35,49.53,4.968,0.022,351.63,2026-01-01 09:04:20,bnj_ptfe_701_plc,new387
701,2026-01-01 09:04:30,OP101,JOB1001,1,2,49.73,151.97,340.34,62.49,28.43,77.56,48.74,5.015,0.021,349.64,2026-01-01 09:04:30,bnj_ptfe_701_plc,new388
701,2026-01-01 09:04:40,OP101,JOB1001,1,2,49.62,146.39,341.63,57.43,28.64,77.76,48.63,5.048,0.021,349.51,2026-01-01 09:04:40,bnj_ptfe_701_plc,new389
701,2026-01-01 09:04:50,OP101,JOB1001,1,2,49.68,149.5,340.08,62.54,30.46,77.96,48.69,4.987,0.034,352.03,2026-01-01 09:04:50,bnj_ptfe_701_plc,new390
701,2026-01-01 09:05:00,OP101,JOB1001,1,2,50.2,146.27,339.93,62.1,29.19,78.16,49.2,4.996,0.028,350.02,2026-01-01 09:05:00,bnj_ptfe_701_plc,new391
701,2026-01-01 09:05:10,OP101,JOB1001,1,2,50.49,151.02,341.09,57.61,28.35,78.36,49.48,4.952,0.027,348.66,2026-01-01 09:05:10,bnj_ptfe_701_plc,new392
701,2026-01-01 09:05:20,OP101,JOB1001,1,2,49.22,151.36,338.33,57.49,31.2,78.56,48.24,4.979,0.037,350.52,2026-01-01 09:05:20,bnj_ptfe_701_plc,new393
701,2026-01-01 09:05:30,OP101,JOB1001,1,2,50.38,149.69,340.38,60.56,31.02,78.76,49.37,5.03,0.021,347.67,2026-01-01 09:05:30,bnj_ptfe_701_plc,new394
701,2026-01-01 09:05:40,OP101,JOB1001,1,2,50.73,150.52,340.61,58.13,29.31,78.96,49.72,4.992,0.024,347.87,2026-01-01 09:05:40,bnj_ptfe_701_plc,new395
701,2026-01-01 09:05:50,OP101,JOB1001,1,2,50.56,151.75,339.71,57.94,30.72,79.16,49.55,4.976,0.029,347.49,2026-01-01 09:05:50,bnj_ptfe_701_plc,new396
701,2026-01-01 09:06:00,OP101,JOB1001,1,2,49.28,148.72,338.55,60.71,29.98,79.36,48.29,5.047,0.027,351.49,2026-01-01 09:06:00,bnj_ptfe_701_plc,new397
701,2026-01-01 09:06:10,OP101,JOB1001,1,2,49.22,148.43,338.98,62.32,28.82,79.56,48.24,5.013,0.032,351.18,2026-01-01 09:06:10,bnj_ptfe_701_plc,new398
701,2026-01-01 09:06:20,OP101,JOB1001,1,2,50.28,152.74,341.81,59.5,28.86,79.76,49.27,5.024,0.03,347.26,2026-01-01 09:06:20,bnj_ptfe_701_plc,new399
701,2026-01-01 09:06:30,OP101,JOB1001,1,2,50.6,148.93,340.95,58.48,28.32,79.96,49.59,5.021,0.038,347.58,2026-01-01 09:06:30,bnj_ptfe_701_plc,new400
701,2026-01-01 09:06:40,OP101,JOB1001,1,2,49.25,146.37,339.35,57.78,29.63,80.16,48.27,4.981,0.038,349.02,2026-01-01 09:06:40,bnj_ptfe_701_plc,new401
701,2026-01-01 09:06:50,OP101,JOB1001,1,2,49.47,150.06,341.35,59.4,29.27,80.36,48.48,5,0.034,350.53,2026-01-01 09:06:50,bnj_ptfe_701_plc,new402
701,2026-01-01 09:07:00,OP101,JOB1001,1,2,50.63,146.11,338.85,58.82,28.94,80.56,49.62,4.962,0.021,350.22,2026-01-01 09:07:00,bnj_ptfe_701_plc,new403
701,2026-01-01 09:07:10,OP101,JOB1001,1,2,49.87,151.73,340.16,62.75,31.07,80.76,48.87,4.983,0.021,350.73,2026-01-01 09:07:10,bnj_ptfe_701_plc,new404
701,2026-01-01 09:07:20,OP101,JOB1001,1,2,49.41,148.62,338.94,57.91,30.97,80.96,48.42,5.007,0.04,349.33,2026-01-01 09:07:20,bnj_ptfe_701_plc,new405
701,2026-01-01 09:07:30,OP101,JOB1001,1,2,50.64,147.59,339.58,57.33,30.48,81.16,49.63,4.966,0.033,349.09,2026-01-01 09:07:30,bnj_ptfe_701_plc,new406
701,2026-01-01 09:07:40,OP101,JOB1001,1,2,50.73,145.84,341.27,60.04,28.33,81.36,49.72,5.042,0.039,348,2026-01-01 09:07:40,bnj_ptfe_701_plc,new407
701,2026-01-01 09:07:50,OP101,JOB1001,1,2,49.35,154.29,340.92,57.89,29.76,81.56,48.36,4.988,0.025,350.93,2026-01-01 09:07:50,bnj_ptfe_701_plc,new408
701,2026-01-01 09:08:00,OP101,JOB1001,1,2,49.83,149.01,341.52,62.21,29.9,81.76,48.83,4.976,0.023,351.4,2026-01-01 09:08:00,bnj_ptfe_701_plc,new409
701,2026-01-01 09:08:10,OP101,JOB1001,1,2,50.04,151.79,339.8,61.88,28.18,81.96,49.04,4.979,0.04,349.6,2026-01-01 09:08:10,bnj_ptfe_701_plc,new410
701,2026-01-01 09:08:20,OP101,JOB1001,1,2,50.4,154.57,340.18,58.58,28.01,82.16,49.39,5.014,0.027,350.41,2026-01-01 09:08:20,bnj_ptfe_701_plc,new411
701,2026-01-01 09:08:30,OP101,JOB1001,1,2,50.38,149.3,339.12,58.44,28.47,82.36,49.37,4.998,0.027,352.48,2026-01-01 09:08:30,bnj_ptfe_701_plc,new412
701,2026-01-01 09:08:40,OP101,JOB1001,1,2,49.47,153.8,340.2,59.35,29.3,82.57,48.48,4.976,0.029,352.37,2026-01-01 09:08:40,bnj_ptfe_701_plc,new413
701,2026-01-01 09:08:50,OP101,JOB1001,1,2,50.48,150.29,339.57,62.22,30.52,82.77,49.47,5.009,0.038,350.93,2026-01-01 09:08:50,bnj_ptfe_701_plc,new414
701,2026-01-01 09:09:00,OP101,JOB1001,1,2,49.51,151.06,341.08,61.16,28.29,82.97,48.52,5.04,0.037,347.3,2026-01-01 09:09:00,bnj_ptfe_701_plc,new415
701,2026-01-01 09:09:10,OP101,JOB1001,1,2,49.61,154.17,341.53,62.41,28.5,83.17,48.62,4.983,0.038,348.9,2026-01-01 09:09:10,bnj_ptfe_701_plc,new416
701,2026-01-01 09:09:20,OP101,JOB1001,1,2,50.71,151.73,338.68,57.95,30.86,83.37,49.7,4.989,0.027,348.97,2026-01-01 09:09:20,bnj_ptfe_701_plc,new417
701,2026-01-01 09:09:30,OP101,JOB1001,1,2,50.35,151.29,339.14,57.97,29.47,83.57,49.34,5.035,0.034,347.55,2026-01-01 09:09:30,bnj_ptfe_701_plc,new418
701,2026-01-01 09:09:40,OP101,JOB1001,1,2,50.29,148.53,339.88,58.22,30.05,83.77,49.28,5.027,0.038,351.39,2026-01-01 09:09:40,bnj_ptfe_701_plc,new419
701,2026-01-01 09:09:50,OP101,JOB1001,1,2,50.35,154.59,338.36,57.18,30.78,83.97,49.34,4.971,0.023,350.81,2026-01-01 09:09:50,bnj_ptfe_701_plc,new420
701,2026-01-01 09:10:00,OP101,JOB1001,1,2,50.71,146.07,340.24,60.79,28.04,84.17,49.7,4.96,0.028,352.12,2026-01-01 09:10:00,bnj_ptfe_701_plc,new421
701,2026-01-01 09:10:10,OP101,JOB1001,1,2,50.12,148.92,338.62,60.35,30.5,84.37,49.12,4.994,0.022,347.89,2026-01-01 09:10:10,bnj_ptfe_701_plc,new422
701,2026-01-01 09:10:20,OP101,JOB1001,1,2,50.11,151.98,340.05,60.37,28.97,84.57,49.11,5.009,0.025,348.52,2026-01-01 09:10:20,bnj_ptfe_701_plc,new423
701,2026-01-01 09:10:30,OP101,JOB1001,1,2,50.77,151.7,339.74,60.58,28.45,84.77,49.75,4.971,0.031,352.84,2026-01-01 09:10:30,bnj_ptfe_701_plc,new424
701,2026-01-01 09:10:40,OP101,JOB1001,1,2,50.61,151.07,338.28,59.45,29.23,84.97,49.6,4.954,0.028,347.24,2026-01-01 09:10:40,bnj_ptfe_701_plc,new425
701,2026-01-01 09:10:50,OP101,JOB1001,1,2,49.76,147.61,338.46,61.89,29.07,85.17,48.76,5.036,0.032,349,2026-01-01 09:10:50,bnj_ptfe_701_plc,new426
701,2026-01-01 09:11:00,OP101,JOB1001,1,2,49.74,153.98,338.48,59.91,31.31,85.37,48.75,4.978,0.022,352.09,2026-01-01 09:11:00,bnj_ptfe_701_plc,new427
701,2026-01-01 09:11:10,OP101,JOB1001,1,2,49.33,151.43,339.65,62.95,29.26,85.57,48.34,5.023,0.023,350.33,2026-01-01 09:11:10,bnj_ptfe_701_plc,new428
701,2026-01-01 09:11:20,OP101,JOB1001,1,2,50.78,152.79,340.61,60.39,30.51,85.77,49.76,4.962,0.033,351.97,2026-01-01 09:11:20,bnj_ptfe_701_plc,new429
701,2026-01-01 09:11:30,OP101,JOB1001,1,2,49.64,152.49,339.92,60,31.03,85.97,48.65,4.981,0.029,352.53,2026-01-01 09:11:30,bnj_ptfe_701_plc,new430
701,2026-01-01 09:11:40,OP101,JOB1001,1,2,49.66,154.48,341.73,57.77,30.11,86.17,48.67,5.015,0.03,347.18,2026-01-01 09:11:40,bnj_ptfe_701_plc,new431
701,2026-01-01 09:11:50,OP101,JOB1001,1,2,50.26,148.04,339.04,59.57,28.3,86.37,49.25,4.961,0.023,350.84,2026-01-01 09:11:50,bnj_ptfe_701_plc,new432
701,2026-01-01 09:12:00,OP101,JOB1001,1,2,49.22,153.06,340.6,58.79,31.52,86.57,48.24,4.986,0.021,352.47,2026-01-01 09:12:00,bnj_ptfe_701_plc,new433
701,2026-01-01 09:12:10,OP101,JOB1001,1,2,50.47,153.26,341.15,61.49,29.28,86.77,49.46,4.963,0.037,351.43,2026-01-01 09:12:10,bnj_ptfe_701_plc,new434
701,2026-01-01 09:12:20,OP101,JOB1001,1,2,50.78,149.45,339.33,61.1,31.86,86.97,49.76,5.035,0.024,350.52,2026-01-01 09:12:20,bnj_ptfe_701_plc,new435
701,2026-01-01 09:12:30,OP101,JOB1001,1,2,49.55,151.18,339.43,62.82,30.68,87.17,48.56,5.001,0.034,350.42,2026-01-01 09:12:30,bnj_ptfe_701_plc,new436
701,2026-01-01 09:12:40,OP101,JOB1001,1,2,49.38,149.6,341.08,57.76,30.2,87.37,48.39,5.044,0.021,347.24,2026-01-01 09:12:40,bnj_ptfe_701_plc,new437
701,2026-01-01 09:12:50,OP101,JOB1001,1,2,49.44,147.32,338.22,59.8,31.98,87.58,48.45,4.97,0.032,350.21,2026-01-01 09:12:50,bnj_ptfe_701_plc,new438
701,2026-01-01 09:13:00,OP101,JOB1001,1,2,49.79,151.22,338.99,62.93,28.37,87.78,48.79,4.96,0.032,351.83,2026-01-01 09:13:00,bnj_ptfe_701_plc,new439
701,2026-01-01 09:13:10,OP101,JOB1001,1,2,50.39,151.22,340.45,60.7,30.27,87.98,49.38,4.987,0.035,351.36,2026-01-01 09:13:10,bnj_ptfe_701_plc,new440
701,2026-01-01 09:13:20,OP101,JOB1001,1,2,49.86,148.86,339.63,61.66,29.64,88.18,48.86,4.974,0.035,348.74,2026-01-01 09:13:20,bnj_ptfe_701_plc,new441
701,2026-01-01 09:13:30,OP101,JOB1001,1,2,49.53,150.27,338.55,62.2,29.88,88.38,48.54,5.008,0.022,350.32,2026-01-01 09:13:30,bnj_ptfe_701_plc,new442
701,2026-01-01 09:13:40,OP101,JOB1001,1,2,50.68,151.58,341.63,61.27,30.06,88.58,49.67,5.023,0.033,349.31,2026-01-01 09:13:40,bnj_ptfe_701_plc,new443
701,2026-01-01 09:13:50,OP101,JOB1001,1,2,49.67,145.99,341.99,58.51,28.41,88.78,48.68,4.956,0.022,349.4,2026-01-01 09:13:50,bnj_ptfe_701_plc,new444
701,2026-01-01 09:14:00,OP101,JOB1001,1,2,49.77,152.22,340.53,57.61,31.85,88.98,48.77,5.004,0.025,352.44,2026-01-01 09:14:00,bnj_ptfe_701_plc,new445
701,2026-01-01 09:14:10,OP101,JOB1001,1,2,49.93,146.14,340.22,61.63,30.61,89.18,48.93,4.996,0.027,351.48,2026-01-01 09:14:10,bnj_ptfe_701_plc,new446
701,2026-01-01 09:14:20,OP101,JOB1001,1,2,50.04,154.14,338.03,61.11,29.67,89.38,49.04,5.049,0.029,350.43,2026-01-01 09:14:20,bnj_ptfe_701_plc,new447
701,2026-01-01 09:14:30,OP101,JOB1001,1,2,50.46,148.88,339.32,61.32,28.07,89.58,49.45,5.018,0.039,350.32,2026-01-01 09:14:30,bnj_ptfe_701_plc,new448
701,2026-01-01 09:14:40,OP101,JOB1001,1,2,50.26,153.89,338.38,60.78,28.17,89.78,49.25,5.034,0.038,350.43,2026-01-01 09:14:40,bnj_ptfe_701_plc,new449
701,2026-01-01 09:14:50,OP101,JOB1001,1,2,49.93,146.22,339.69,61.36,31.65,89.98,48.93,4.959,0.036,350.48,2026-01-01 09:14:50,bnj_ptfe_701_plc,new450
701,2026-01-01 09:15:00,OP101,JOB1001,1,2,50,152.2,341.62,57.84,28.64,90.18,49,5.04,0.037,347.16,2026-01-01 09:15:00,bnj_ptfe_701_plc,new451
701,2026-01-01 09:15:10,OP101,JOB1001,1,2,48.98,151.38,340.83,60.15,29.65,90.38,48,4.953,0.028,348.53,2026-01-01 09:15:10,bnj_ptfe_701_plc,new452
701,2026-01-01 09:15:20,OP101,JOB1001,1,2,47.96,153.97,341.18,58.95,29.48,90.58,47,5.028,0.027,348.38,2026-01-01 09:15:20,bnj_ptfe_701_plc,new453
701,2026-01-01 09:15:30,OP101,JOB1001,1,2,46.94,151.38,340.75,62.97,31.64,90.78,46,5.006,0.023,348.1,2026-01-01 09:15:30,bnj_ptfe_701_plc,new454
701,2026-01-01 09:15:40,OP101,JOB1001,1,2,45.92,149.18,339.29,62.13,28.8,90.98,45,5.012,0.028,350.35,2026-01-01 09:15:40,bnj_ptfe_701_plc,new455
701,2026-01-01 09:15:50,OP101,JOB1001,1,2,44.9,150.06,341.74,60.93,30.26,91.18,44,5.005,0.024,350.9,2026-01-01 09:15:50,bnj_ptfe_701_plc,new456
701,2026-01-01 09:16:00,OP101,JOB1001,1,2,43.88,146.46,338.8,61.19,28.35,91.38,43,5.021,0.039,351.04,2026-01-01 09:16:00,bnj_ptfe_701_plc,new457
701,2026-01-01 09:16:10,OP101,JOB1001,1,2,42.86,146.17,341.37,59.08,30.98,91.58,42,5.026,0.031,347.57,2026-01-01 09:16:10,bnj_ptfe_701_plc,new458
701,2026-01-01 09:16:20,OP101,JOB1001,1,2,41.84,146.51,339.31,58.65,30.2,91.78,41,5.007,0.037,347.13,2026-01-01 09:16:20,bnj_ptfe_701_plc,new459
701,2026-01-01 09:16:30,OP101,JOB1001,1,2,40.82,153.86,340.85,61.75,29.45,91.98,40,4.981,0.024,349.05,2026-01-01 09:16:30,bnj_ptfe_701_plc,new460
701,2026-01-01 09:16:40,OP101,JOB1001,1,2,39.8,146.21,341.06,62.91,29.17,92.18,39,4.991,0.021,349.4,2026-01-01 09:16:40,bnj_ptfe_701_plc,new461
701,2026-01-01 09:16:50,OP101,JOB1001,1,2,38.78,152.4,340.2,58.06,30.4,92.38,38,5.016,0.037,347.74,2026-01-01 09:16:50,bnj_ptfe_701_plc,new462
701,2026-01-01 09:17:00,OP101,JOB1001,1,2,37.76,149.93,341.54,61.06,29.91,92.59,37,5.034,0.034,349.11,2026-01-01 09:17:00,bnj_ptfe_701_plc,new463
701,2026-01-01 09:17:10,OP101,JOB1001,1,2,36.73,151.49,341.06,58.23,30.34,92.79,36,5.036,0.03,352.9,2026-01-01 09:17:10,bnj_ptfe_701_plc,new464
701,2026-01-01 09:17:20,OP101,JOB1001,1,2,35.71,151.67,339.94,57.02,28.79,92.99,35,5.021,0.038,347.76,2026-01-01 09:17:20,bnj_ptfe_701_plc,new465
701,2026-01-01 09:17:30,OP101,JOB1001,1,2,34.69,151.27,340.36,60.1,30.53,93.19,34,5,0.038,348.35,2026-01-01 09:17:30,bnj_ptfe_701_plc,new466
701,2026-01-01 09:17:40,OP101,JOB1001,1,2,33.67,154.46,338.35,58.38,30.07,93.39,33,5,0.032,348.46,2026-01-01 09:17:40,bnj_ptfe_701_plc,new467
701,2026-01-01 09:17:50,OP101,JOB1001,1,2,32.65,151.62,341.62,62.74,28.28,93.59,32,4.968,0.032,350.99,2026-01-01 09:17:50,bnj_ptfe_701_plc,new468
701,2026-01-01 09:18:00,OP101,JOB1001,1,2,31.63,145.89,338.43,62.96,29.39,93.79,31,5.043,0.033,350.04,2026-01-01 09:18:00,bnj_ptfe_701_plc,new469
701,2026-01-01 09:18:10,OP101,JOB1001,1,2,30.61,148.94,338.56,57.27,31.86,93.99,30,5.025,0.022,347.54,2026-01-01 09:18:10,bnj_ptfe_701_plc,new470
701,2026-01-01 09:18:20,OP101,JOB1001,1,2,29.59,150.37,339.16,57.38,31.61,94.19,29,4.966,0.031,352.99,2026-01-01 09:18:20,bnj_ptfe_701_plc,new471
701,2026-01-01 09:18:30,OP101,JOB1001,1,2,28.57,145.35,339.48,61.7,30.09,94.39,28,5.022,0.028,348.08,2026-01-01 09:18:30,bnj_ptfe_701_plc,new472
701,2026-01-01 09:18:40,OP101,JOB1001,1,2,27.55,147.85,340.39,61.39,30.48,94.59,27,5.024,0.027,350.21,2026-01-01 09:18:40,bnj_ptfe_701_plc,new473
701,2026-01-01 09:18:50,OP101,JOB1001,1,2,26.53,151.43,341.86,57.36,31.81,94.79,26,4.976,0.033,347.09,2026-01-01 09:18:50,bnj_ptfe_701_plc,new474
701,2026-01-01 09:19:00,OP101,JOB1001,1,2,25.51,152.23,340.19,62.54,29.35,94.99,25,4.994,0.031,349.15,2026-01-01 09:19:00,bnj_ptfe_701_plc,new475
701,2026-01-01 09:19:10,OP101,JOB1001,1,2,24.49,145.91,341.64,62.59,31.96,95.19,24,4.976,0.024,347.12,2026-01-01 09:19:10,bnj_ptfe_701_plc,new476
701,2026-01-01 09:19:20,OP101,JOB1001,1,2,23.47,151.73,340.11,62.97,29.37,95.39,23,5.044,0.026,352.68,2026-01-01 09:19:20,bnj_ptfe_701_plc,new477
701,2026-01-01 09:19:30,OP101,JOB1001,1,2,22.45,146.4,341.94,58.03,31.9,95.59,22,5.026,0.022,348.03,2026-01-01 09:19:30,bnj_ptfe_701_plc,new478
701,2026-01-01 09:19:40,OP101,JOB1001,1,2,21.43,148.06,340.12,61.15,29.23,95.79,21,5.005,0.034,350.49,2026-01-01 09:19:40,bnj_ptfe_701_plc,new479
701,2026-01-01 09:19:50,OP101,JOB1001,1,2,20.41,148.98,341.63,61.8,31.01,95.99,20,4.972,0.038,347.79,2026-01-01 09:19:50,bnj_ptfe_701_plc,new480
701,2026-01-01 09:20:00,OP101,JOB1001,1,2,19.39,147.11,341.28,61.34,28.3,96.19,19,5.047,0.028,349.6,2026-01-01 09:20:00,bnj_ptfe_701_plc,new481
701,2026-01-01 09:20:10,OP101,JOB1001,1,2,18.37,146.18,338.03,61.41,30.29,96.39,18,5.008,0.039,348.9,2026-01-01 09:20:10,bnj_ptfe_701_plc,new482
701,2026-01-01 09:20:20,OP101,JOB1001,1,2,17.35,154.64,340.78,59.57,28,96.59,17,5.013,0.021,352.08,2026-01-01 09:20:20,bnj_ptfe_701_plc,new483
701,2026-01-01 09:20:30,OP101,JOB1001,1,2,16.33,153.99,340.53,59.15,31.68,96.79,16,5.025,0.02,349.28,2026-01-01 09:20:30,bnj_ptfe_701_plc,new484
701,2026-01-01 09:20:40,OP101,JOB1001,1,2,15.31,145.12,338.36,61.85,29.04,96.99,15,5.019,0.025,352.25,2026-01-01 09:20:40,bnj_ptfe_701_plc,new485
701,2026-01-01 09:20:50,OP101,JOB1001,1,2,14.29,145.62,340.35,60.85,31.45,97.19,14,5.028,0.038,351.23,2026-01-01 09:20:50,bnj_ptfe_701_plc,new486
701,2026-01-01 09:21:00,OP101,JOB1001,1,2,13.27,146.91,341.95,62.01,30.71,97.39,13,4.994,0.027,347.03,2026-01-01 09:21:00,bnj_ptfe_701_plc,new487
701,2026-01-01 09:21:10,OP101,JOB1001,1,2,12.24,152.65,340.31,59.71,29.48,97.6,12,5.018,0.031,348.64,2026-01-01 09:21:10,bnj_ptfe_701_plc,new488
701,2026-01-01 09:21:20,OP101,JOB1001,1,2,11.22,151.36,340.89,62.16,28.62,97.8,11,4.976,0.021,348.09,2026-01-01 09:21:20,bnj_ptfe_701_plc,new489
701,2026-01-01 09:21:30,OP101,JOB1001,1,2,10.2,146.04,339.47,59.45,30.6,98,10,5.032,0.027,352.26,2026-01-01 09:21:30,bnj_ptfe_701_plc,new490
701,2026-01-01 09:21:40,OP101,JOB1001,1,2,9.18,149.2,340.46,60.03,31.56,98.2,9,5.029,0.039,351.61,2026-01-01 09:21:40,bnj_ptfe_701_plc,new491
701,2026-01-01 09:21:50,OP101,JOB1001,1,2,8.16,151.95,341.44,58.09,31.14,98.4,8,4.95,0.028,348.22,2026-01-01 09:21:50,bnj_ptfe_701_plc,new492
701,2026-01-01 09:22:00,OP101,JOB1001,1,2,7.14,151.09,341.35,58.38,31.87,98.6,7,4.953,0.036,351.66,2026-01-01 09:22:00,bnj_ptfe_701_plc,new493
701,2026-01-01 09:22:10,OP101,JOB1001,1,2,6.12,153.49,340.79,59.45,30.74,98.8,6,5.044,0.031,350.87,2026-01-01 09:22:10,bnj_ptfe_701_plc,new494
701,2026-01-01 09:22:20,OP101,JOB1001,1,2,5.1,149.94,341.52,60.69,30.25,99,5,5.026,0.034,350.28,2026-01-01 09:22:20,bnj_ptfe_701_plc,new495
701,2026-01-01 09:22:30,OP101,JOB1001,1,1,4.08,154.58,340.99,62.18,29.19,99.2,4,5.021,0.022,349.88,2026-01-01 09:22:30,bnj_ptfe_701_plc,new496
701,2026-01-01 09:22:40,OP101,JOB1001,1,1,3.06,153.76,340.78,57.52,30.09,99.4,3,5.041,0.026,347.93,2026-01-01 09:22:40,bnj_ptfe_701_plc,new497
701,2026-01-01 09:22:50,OP101,JOB1001,1,1,2.04,148.66,341.71,58.49,30.53,99.6,2,5.024,0.026,351.32,2026-01-01 09:22:50,bnj_ptfe_701_plc,new498
701,2026-01-01 09:23:00,OP101,JOB1001,1,1,1.02,153.1,339.38,61.32,30.44,99.8,1,5.042,0.037,347.04,2026-01-01 09:23:00,bnj_ptfe_701_plc,new499
701,2026-01-01 09:23:10,OP101,JOB1001,1,1,0,153.53,339.63,61.86,31.06,100,0,5.012,0.037,348.46,2026-01-01 09:23:10,bnj_ptfe_701_plc,new500
701,2026-01-01 09:23:20,OP102,JOB1002,2,1,0,151.28,338.33,61.05,31.42,0,0,4.979,0.036,352.19,2026-01-01 09:23:20,bnj_ptfe_701_plc,new501
701,2026-01-01 09:23:30,OP102,JOB1002,2,1,2.08,152.92,339.88,61.5,31.14,0.2,2.04,4.957,0.022,349.46,2026-01-01 09:23:30,bnj_ptfe_701_plc,new502
701,2026-01-01 09:23:40,OP102,JOB1002,2,1,4.17,153.16,340.3,57.77,31.67,0.4,4.09,5.046,0.024,349.33,2026-01-01 09:23:40,bnj_ptfe_701_plc,new503
701,2026-01-01 09:23:50,OP102,JOB1002,2,2,6.25,148.13,340.69,62.34,28.71,0.6,6.12,5.015,0.033,351.69,2026-01-01 09:23:50,bnj_ptfe_701_plc,new504
701,2026-01-01 09:24:00,OP102,JOB1002,2,2,8.33,150.38,338.56,61.59,29.43,0.8,8.16,5.047,0.028,347.7,2026-01-01 09:24:00,bnj_ptfe_701_plc,new505
701,2026-01-01 09:24:10,OP102,JOB1002,2,2,10.42,147.76,340.24,62.19,31.48,1,10.21,4.998,0.031,352.03,2026-01-01 09:24:10,bnj_ptfe_701_plc,new506
701,2026-01-01 09:24:20,OP102,JOB1002,2,2,12.5,153.8,339.49,60.27,30.85,1.2,12.25,4.96,0.036,351.9,2026-01-01 09:24:20,bnj_ptfe_701_plc,new507
701,2026-01-01 09:24:30,OP102,JOB1002,2,2,14.58,152.95,338.19,58.33,28.79,1.4,14.29,5.031,0.035,350.04,2026-01-01 09:24:30,bnj_ptfe_701_plc,new508
701,2026-01-01 09:24:40,OP102,JOB1002,2,2,16.67,154.08,339.18,57.58,29.65,1.6,16.34,5.033,0.034,348.48,2026-01-01 09:24:40,bnj_ptfe_701_plc,new509
701,2026-01-01 09:24:50,OP102,JOB1002,2,2,18.75,146.6,339.16,57.19,29.75,1.8,18.38,4.984,0.04,351.85,2026-01-01 09:24:50,bnj_ptfe_701_plc,new510
701,2026-01-01 09:25:00,OP102,JOB1002,2,2,20.83,153.12,339.9,57.17,30.91,2,20.41,5.009,0.024,348.33,2026-01-01 09:25:00,bnj_ptfe_701_plc,new511
701,2026-01-01 09:25:10,OP102,JOB1002,2,2,22.92,146.61,338.81,59.22,31.9,2.2,22.46,4.968,0.039,347.94,2026-01-01 09:25:10,bnj_ptfe_701_plc,new512
701,2026-01-01 09:25:20,OP102,JOB1002,2,2,25,152.53,340.34,57.37,28.55,2.4,24.5,5.015,0.021,347.9,2026-01-01 09:25:20,bnj_ptfe_701_plc,new513
701,2026-01-01 09:25:30,OP102,JOB1002,2,2,27.08,153.15,339.9,60.25,29.29,2.61,26.54,4.97,0.03,349.48,2026-01-01 09:25:30,bnj_ptfe_701_plc,new514
701,2026-01-01 09:25:40,OP102,JOB1002,2,2,29.17,149.43,338.9,59.71,31.27,2.81,28.59,5.022,0.032,351.72,2026-01-01 09:25:40,bnj_ptfe_701_plc,new515
701,2026-01-01 09:25:50,OP102,JOB1002,2,2,31.25,149.77,338.3,62.98,28.85,3.01,30.62,5.038,0.037,348.62,2026-01-01 09:25:50,bnj_ptfe_701_plc,new516
701,2026-01-01 09:26:00,OP102,JOB1002,2,2,33.33,146.39,339.47,62.76,28.32,3.21,32.66,5.029,0.03,348.78,2026-01-01 09:26:00,bnj_ptfe_701_plc,new517
701,2026-01-01 09:26:10,OP102,JOB1002,2,2,35.42,152.58,338.16,61.68,29.1,3.41,34.71,4.988,0.039,347.85,2026-01-01 09:26:10,bnj_ptfe_701_plc,new518
701,2026-01-01 09:26:20,OP102,JOB1002,2,2,37.5,150.92,339.16,60.57,31.57,3.61,36.75,4.989,0.038,350.79,2026-01-01 09:26:20,bnj_ptfe_701_plc,new519
701,2026-01-01 09:26:30,OP102,JOB1002,2,2,39.58,154.49,339.34,58.37,31.59,3.81,38.79,5.046,0.029,347.3,2026-01-01 09:26:30,bnj_ptfe_701_plc,new520
701,2026-01-01 09:26:40,OP102,JOB1002,2,2,41.67,149.11,338.53,57.16,30.52,4.01,40.84,4.968,0.03,349.37,2026-01-01 09:26:40,bnj_ptfe_701_plc,new521
701,2026-01-01 09:26:50,OP102,JOB1002,2,2,43.75,153.52,340.9,61.7,28.17,4.21,42.88,4.969,0.024,351.71,2026-01-01 09:26:50,bnj_ptfe_701_plc,new522
701,2026-01-01 09:27:00,OP102,JOB1002,2,2,45.83,147.51,340.97,59.61,29.48,4.41,44.91,4.95,0.031,347.9,2026-01-01 09:27:00,bnj_ptfe_701_plc,new523
701,2026-01-01 09:27:10,OP102,JOB1002,2,2,47.92,148.47,341.1,59.36,30.7,4.61,46.96,4.963,0.036,349.32,2026-01-01 09:27:10,bnj_ptfe_701_plc,new524
701,2026-01-01 09:27:20,OP102,JOB1002,2,2,50,149.23,339.45,62.86,28.15,4.81,49,5.031,0.031,348.62,2026-01-01 09:27:20,bnj_ptfe_701_plc,new525
701,2026-01-01 09:27:30,OP102,JOB1002,2,2,49.69,151.91,338.78,60.29,28.05,5.01,48.7,5.019,0.03,347.08,2026-01-01 09:27:30,bnj_ptfe_701_plc,new526
701,2026-01-01 09:27:40,OP102,JOB1002,2,2,49.99,154.82,339,61.92,29.79,5.21,48.99,4.977,0.026,352.32,2026-01-01 09:27:40,bnj_ptfe_701_plc,new527
701,2026-01-01 09:27:50,OP102,JOB1002,2,2,49.63,147.03,338.51,61.21,30.69,5.41,48.64,5.003,0.039,350.17,2026-01-01 09:27:50,bnj_ptfe_701_plc,new528
701,2026-01-01 09:28:00,OP102,JOB1002,2,2,50.52,146.04,340.47,58.6,31.21,5.61,49.51,4.96,0.027,352.32,2026-01-01 09:28:00,bnj_ptfe_701_plc,new529
701,2026-01-01 09:28:10,OP102,JOB1002,2,2,49.36,149.53,338.62,62.38,31.93,5.81,48.37,4.992,0.037,352.3,2026-01-01 09:28:10,bnj_ptfe_701_plc,new530
701,2026-01-01 09:28:20,OP102,JOB1002,2,2,49.69,154.96,338.98,62.87,31.38,6.01,48.7,4.973,0.034,349.06,2026-01-01 09:28:20,bnj_ptfe_701_plc,new531
701,2026-01-01 09:28:30,OP102,JOB1002,2,2,49.24,153.04,338.06,58.99,31.08,6.21,48.26,5.04,0.04,349.68,2026-01-01 09:28:30,bnj_ptfe_701_plc,new532
701,2026-01-01 09:28:40,OP102,JOB1002,2,2,50.74,149.09,341.13,57.94,30.72,6.41,49.73,5.048,0.034,352.23,2026-01-01 09:28:40,bnj_ptfe_701_plc,new533
701,2026-01-01 09:28:50,OP102,JOB1002,2,2,50.6,154.54,339.06,59.02,28.7,6.61,49.59,4.986,0.026,351.12,2026-01-01 09:28:50,bnj_ptfe_701_plc,new534
701,2026-01-01 09:29:00,OP102,JOB1002,2,2,50.25,145.26,340.19,62.55,29.04,6.81,49.24,5.045,0.025,349.66,2026-01-01 09:29:00,bnj_ptfe_701_plc,new535
701,2026-01-01 09:29:10,OP102,JOB1002,2,2,49.72,146.14,340.73,61.69,30.47,7.01,48.73,4.959,0.035,348.81,2026-01-01 09:29:10,bnj_ptfe_701_plc,new536
701,2026-01-01 09:29:20,OP102,JOB1002,2,2,50.59,152.92,338.58,62.86,28.53,7.21,49.58,4.987,0.022,349.19,2026-01-01 09:29:20,bnj_ptfe_701_plc,new537
701,2026-01-01 09:29:30,OP102,JOB1002,2,2,50.25,147.09,339.31,59.41,29.08,7.41,49.24,5.029,0.023,347.09,2026-01-01 09:29:30,bnj_ptfe_701_plc,new538
701,2026-01-01 09:29:40,OP102,JOB1002,2,2,49.99,149.9,339.92,61.09,30.92,7.62,48.99,4.95,0.023,351.18,2026-01-01 09:29:40,bnj_ptfe_701_plc,new539
701,2026-01-01 09:29:50,OP102,JOB1002,2,2,49.63,150.33,341.99,57.32,28.29,7.82,48.64,4.976,0.02,352.31,2026-01-01 09:29:50,bnj_ptfe_701_plc,new540
701,2026-01-01 09:30:00,OP102,JOB1002,2,2,49.58,145.13,341.08,59.77,30.83,8.02,48.59,5.038,0.032,350.74,2026-01-01 09:30:00,bnj_ptfe_701_plc,new541
701,2026-01-01 09:30:10,OP102,JOB1002,2,2,50,150.51,340.89,62.06,30.75,8.22,49,5.012,0.027,352.07,2026-01-01 09:30:10,bnj_ptfe_701_plc,new542
701,2026-01-01 09:30:20,OP102,JOB1002,2,2,50.16,148.9,339.51,58.88,28.91,8.42,49.16,4.976,0.035,349.41,2026-01-01 09:30:20,bnj_ptfe_701_plc,new543
701,2026-01-01 09:30:30,OP102,JOB1002,2,2,50.1,146.87,338.58,61.48,28.38,8.62,49.1,4.966,0.038,351.14,2026-01-01 09:30:30,bnj_ptfe_701_plc,new544
701,2026-01-01 09:30:40,OP102,JOB1002,2,2,50.04,148.93,339.5,60.14,30.71,8.82,49.04,4.977,0.037,350,2026-01-01 09:30:40,bnj_ptfe_701_plc,new545
701,2026-01-01 09:30:50,OP102,JOB1002,2,2,49.38,148.93,339.43,61.49,31.18,9.02,48.39,4.997,0.028,349.09,2026-01-01 09:30:50,bnj_ptfe_701_plc,new546
701,2026-01-01 09:31:00,OP102,JOB1002,2,2,49.59,152.15,341.44,62.65,30.4,9.22,48.6,5.049,0.027,349.86,2026-01-01 09:31:00,bnj_ptfe_701_plc,new547
701,2026-01-01 09:31:10,OP102,JOB1002,2,2,50.63,153.23,341.96,57.79,28.36,9.42,49.62,4.983,0.033,351.6,2026-01-01 09:31:10,bnj_ptfe_701_plc,new548
701,2026-01-01 09:31:20,OP102,JOB1002,2,2,49.43,152.77,340.24,58.66,30.76,9.62,48.44,5.044,0.037,349.1,2026-01-01 09:31:20,bnj_ptfe_701_plc,new549
701,2026-01-01 09:31:30,OP102,JOB1002,2,2,49.45,148.7,341.81,60.82,28.1,9.82,48.46,5.02,0.037,350.5,2026-01-01 09:31:30,bnj_ptfe_701_plc,new550
701,2026-01-01 09:31:40,OP102,JOB1002,2,2,50.18,146.19,340.48,62.52,30.68,10.02,49.18,5.001,0.026,349.9,2026-01-01 09:31:40,bnj_ptfe_701_plc,new551
701,2026-01-01 09:31:50,OP102,JOB1002,2,2,49.51,153.28,341.86,57.14,29.37,10.22,48.52,4.986,0.029,350.94,2026-01-01 09:31:50,bnj_ptfe_701_plc,new552
701,2026-01-01 09:32:00,OP102,JOB1002,2,2,49.37,147.37,340,57.66,29.06,10.42,48.38,4.977,0.023,348.03,2026-01-01 09:32:00,bnj_ptfe_701_plc,new553
701,2026-01-01 09:32:10,OP102,JOB1002,2,2,49.58,148.97,339.84,58.36,28.18,10.62,48.59,4.988,0.025,351.47,2026-01-01 09:32:10,bnj_ptfe_701_plc,new554
701,2026-01-01 09:32:20,OP102,JOB1002,2,2,50.73,149.76,338.21,62.17,31.85,10.82,49.72,5.008,0.024,347.5,2026-01-01 09:32:20,bnj_ptfe_701_plc,new555
701,2026-01-01 09:32:30,OP102,JOB1002,2,2,49.32,146.2,338.89,62.09,29.01,11.02,48.33,5.034,0.027,348.96,2026-01-01 09:32:30,bnj_ptfe_701_plc,new556
701,2026-01-01 09:32:40,OP102,JOB1002,2,2,50.43,149.25,339.95,57.39,29.54,11.22,49.42,5.048,0.033,352.48,2026-01-01 09:32:40,bnj_ptfe_701_plc,new557
701,2026-01-01 09:32:50,OP102,JOB1002,2,2,50.77,154.8,340.7,58.16,31.4,11.42,49.75,4.988,0.021,347.96,2026-01-01 09:32:50,bnj_ptfe_701_plc,new558
701,2026-01-01 09:33:00,OP102,JOB1002,2,2,50.02,146.57,341.19,57.66,29.15,11.62,49.02,5.019,0.028,352.95,2026-01-01 09:33:00,bnj_ptfe_701_plc,new559
701,2026-01-01 09:33:10,OP102,JOB1002,2,2,49.57,152.49,339.9,58.19,30.4,11.82,48.58,5.037,0.028,347.24,2026-01-01 09:33:10,bnj_ptfe_701_plc,new560
701,2026-01-01 09:33:20,OP102,JOB1002,2,2,49.31,146.84,339.2,61.65,30.43,12.02,48.32,5.035,0.039,347.43,2026-01-01 09:33:20,bnj_ptfe_701_plc,new561
701,2026-01-01 09:33:30,OP102,JOB1002,2,2,49.68,150.9,341.29,61.81,30.4,12.22,48.69,4.993,0.023,352.9,2026-01-01 09:33:30,bnj_ptfe_701_plc,new562
701,2026-01-01 09:33:40,OP102,JOB1002,2,2,49.66,148.39,341.65,62.51,30.59,12.42,48.67,5.024,0.022,347.58,2026-01-01 09:33:40,bnj_ptfe_701_plc,new563
701,2026-01-01 09:33:50,OP102,JOB1002,2,2,49.52,150.62,338.76,62.43,29.5,12.63,48.53,5.031,0.026,349.48,2026-01-01 09:33:50,bnj_ptfe_701_plc,new564
701,2026-01-01 09:34:00,OP102,JOB1002,2,2,50.67,147.19,341.48,60.88,30.54,12.83,49.66,5.012,0.04,347.88,2026-01-01 09:34:00,bnj_ptfe_701_plc,new565
701,2026-01-01 09:34:10,OP102,JOB1002,2,2,49.68,153.31,339.48,57.33,28.02,13.03,48.69,5.024,0.038,352.95,2026-01-01 09:34:10,bnj_ptfe_701_plc,new566
701,2026-01-01 09:34:20,OP102,JOB1002,2,2,50.59,153.3,339.2,60.79,31.55,13.23,49.58,4.957,0.036,348.99,2026-01-01 09:34:20,bnj_ptfe_701_plc,new567
701,2026-01-01 09:34:30,OP102,JOB1002,2,2,49.52,145.23,341.58,59.9,28.22,13.43,48.53,5.014,0.035,349.75,2026-01-01 09:34:30,bnj_ptfe_701_plc,new568
701,2026-01-01 09:34:40,OP102,JOB1002,2,2,50.41,146.5,340.17,57.12,29.59,13.63,49.4,4.978,0.027,349.44,2026-01-01 09:34:40,bnj_ptfe_701_plc,new569
701,2026-01-01 09:34:50,OP102,JOB1002,2,2,49.86,147.98,338.25,57.85,29.25,13.83,48.86,4.954,0.035,351.78,2026-01-01 09:34:50,bnj_ptfe_701_plc,new570
701,2026-01-01 09:35:00,OP102,JOB1002,2,2,49.29,150.4,338.77,60.65,30.11,14.03,48.3,4.953,0.032,349.4,2026-01-01 09:35:00,bnj_ptfe_701_plc,new571
701,2026-01-01 09:35:10,OP102,JOB1002,2,2,49.28,153.65,340.62,62.41,30.16,14.23,48.29,4.999,0.027,350.47,2026-01-01 09:35:10,bnj_ptfe_701_plc,new572
701,2026-01-01 09:35:20,OP102,JOB1002,2,2,50.35,146.65,341.52,58.35,28.86,14.43,49.34,4.959,0.026,349.85,2026-01-01 09:35:20,bnj_ptfe_701_plc,new573
701,2026-01-01 09:35:30,OP102,JOB1002,2,2,50.39,150.23,340.22,59.21,31.06,14.63,49.38,5.001,0.022,350.97,2026-01-01 09:35:30,bnj_ptfe_701_plc,new574
701,2026-01-01 09:35:40,OP102,JOB1002,2,2,49.74,153.63,338.87,62.72,31.53,14.83,48.75,4.956,0.034,350.41,2026-01-01 09:35:40,bnj_ptfe_701_plc,new575
701,2026-01-01 09:35:50,OP102,JOB1002,2,2,50.06,148.4,339.09,59.42,28.54,15.03,49.06,4.961,0.034,349.64,2026-01-01 09:35:50,bnj_ptfe_701_plc,new576
701,2026-01-01 09:36:00,OP102,JOB1002,2,2,49.83,153.05,340.06,58.11,30.16,15.23,48.83,4.96,0.022,351.54,2026-01-01 09:36:00,bnj_ptfe_701_plc,new577
701,2026-01-01 09:36:10,OP102,JOB1002,2,2,50.77,147.67,340.44,60.42,29.17,15.43,49.75,4.967,0.022,348.88,2026-01-01 09:36:10,bnj_ptfe_701_plc,new578
701,2026-01-01 09:36:20,OP102,JOB1002,2,2,50.1,150.28,339.45,57.31,31.91,15.63,49.1,5.028,0.02,350.15,2026-01-01 09:36:20,bnj_ptfe_701_plc,new579
701,2026-01-01 09:36:30,OP102,JOB1002,2,2,49.89,149.2,338.14,60.67,31.03,15.83,48.89,5.022,0.031,347.63,2026-01-01 09:36:30,bnj_ptfe_701_plc,new580
701,2026-01-01 09:36:40,OP102,JOB1002,2,2,49.73,149.88,339.95,60.1,31.52,16.03,48.74,5.034,0.027,347.66,2026-01-01 09:36:40,bnj_ptfe_701_plc,new581
701,2026-01-01 09:36:50,OP102,JOB1002,2,2,49.75,149.98,338.8,60.94,31,16.23,48.76,5.021,0.039,349.01,2026-01-01 09:36:50,bnj_ptfe_701_plc,new582
701,2026-01-01 09:37:00,OP102,JOB1002,2,2,50.5,152.8,341.35,61.1,30.5,16.43,49.49,4.988,0.036,347.64,2026-01-01 09:37:00,bnj_ptfe_701_plc,new583
701,2026-01-01 09:37:10,OP102,JOB1002,2,2,49.58,147.04,338.36,61.24,31.25,16.63,48.59,4.962,0.025,349.91,2026-01-01 09:37:10,bnj_ptfe_701_plc,new584
701,2026-01-01 09:37:20,OP102,JOB1002,2,2,50.07,145.26,341.39,61.26,30.48,16.83,49.07,4.97,0.031,347.81,2026-01-01 09:37:20,bnj_ptfe_701_plc,new585
701,2026-01-01 09:37:30,OP102,JOB1002,2,2,49.48,148.78,339.27,61.25,31.47,17.03,48.49,5.027,0.038,349.11,2026-01-01 09:37:30,bnj_ptfe_701_plc,new586
701,2026-01-01 09:37:40,OP102,JOB1002,2,2,49.39,151.19,341.68,60.78,28,17.23,48.4,4.984,0.02,347.7,2026-01-01 09:37:40,bnj_ptfe_701_plc,new587
701,2026-01-01 09:37:50,OP102,JOB1002,2,2,50.02,146.04,339.7,60.1,28.96,17.43,49.02,4.975,0.025,350.14,2026-01-01 09:37:50,bnj_ptfe_701_plc,new588
701,2026-01-01 09:38:00,OP102,JOB1002,2,2,50.57,147.92,339.28,61.96,29.55,17.64,49.56,5.045,0.037,352.64,2026-01-01 09:38:00,bnj_ptfe_701_plc,new589
701,2026-01-01 09:38:10,OP102,JOB1002,2,2,50.09,147.52,339.17,61.67,30.65,17.84,49.09,4.974,0.023,348.16,2026-01-01 09:38:10,bnj_ptfe_701_plc,new590
701,2026-01-01 09:38:20,OP102,JOB1002,2,2,49.83,146.4,338.05,58.6,29.69,18.04,48.83,4.974,0.034,352.18,2026-01-01 09:38:20,bnj_ptfe_701_plc,new591
701,2026-01-01 09:38:30,OP102,JOB1002,2,2,50.21,148.3,341.98,60.85,29.47,18.24,49.21,4.964,0.022,347.13,2026-01-01 09:38:30,bnj_ptfe_701_plc,new592
701,2026-01-01 09:38:40,OP102,JOB1002,2,2,50.38,146.99,340.47,62.62,29.83,18.44,49.37,5.026,0.029,349.06,2026-01-01 09:38:40,bnj_ptfe_701_plc,new593
701,2026-01-01 09:38:50,OP102,JOB1002,2,2,50.29,151.54,338.18,57.13,28.03,18.64,49.28,5.005,0.029,352.57,2026-01-01 09:38:50,bnj_ptfe_701_plc,new594
701,2026-01-01 09:39:00,OP102,JOB1002,2,2,50.58,151.9,338.58,62.62,30.61,18.84,49.57,5.004,0.031,348.02,2026-01-01 09:39:00,bnj_ptfe_701_plc,new595
701,2026-01-01 09:39:10,OP102,JOB1002,2,2,50.78,147.03,339.85,61.23,28.38,19.04,49.76,5.027,0.028,351.22,2026-01-01 09:39:10,bnj_ptfe_701_plc,new596
701,2026-01-01 09:39:20,OP102,JOB1002,2,2,50.65,153.26,341.62,58.53,31.71,19.24,49.64,5.007,0.022,348.36,2026-01-01 09:39:20,bnj_ptfe_701_plc,new597
701,2026-01-01 09:39:30,OP102,JOB1002,2,2,50.34,151.64,341.85,61.34,28.69,19.44,49.33,4.995,0.031,351.7,2026-01-01 09:39:30,bnj_ptfe_701_plc,new598
701,2026-01-01 09:39:40,OP102,JOB1002,2,2,50.33,151.74,340.36,60.53,29.85,19.64,49.32,5.029,0.038,352.28,2026-01-01 09:39:40,bnj_ptfe_701_plc,new599
701,2026-01-01 09:39:50,OP102,JOB1002,2,2,49.8,145.12,339.92,57.39,28.64,19.84,48.8,5.022,0.037,348.98,2026-01-01 09:39:50,bnj_ptfe_701_plc,new600
701,2026-01-01 09:40:00,OP102,JOB1002,2,2,49.8,146.87,341.95,59.76,31.56,20.04,48.8,5.019,0.034,350.33,2026-01-01 09:40:00,bnj_ptfe_701_plc,new601
701,2026-01-01 09:40:10,OP102,JOB1002,2,2,49.65,153.21,340.21,62.63,29.06,20.24,48.66,5.047,0.033,347.05,2026-01-01 09:40:10,bnj_ptfe_701_plc,new602
701,2026-01-01 09:40:20,OP102,JOB1002,2,2,49.27,153.36,340.97,60.36,31.03,20.44,48.28,5.003,0.024,352.66,2026-01-01 09:40:20,bnj_ptfe_701_plc,new603
701,2026-01-01 09:40:30,OP102,JOB1002,2,2,49.3,150.78,339.92,62.97,29.92,20.64,48.31,5.027,0.036,350.75,2026-01-01 09:40:30,bnj_ptfe_701_plc,new604
701,2026-01-01 09:40:40,OP102,JOB1002,2,2,50.54,153.83,341.89,62.76,28.54,20.84,49.53,4.997,0.032,351.48,2026-01-01 09:40:40,bnj_ptfe_701_plc,new605
701,2026-01-01 09:40:50,OP102,JOB1002,2,2,50.75,152.07,341.62,61.42,28.65,21.04,49.73,5.028,0.022,349.31,2026-01-01 09:40:50,bnj_ptfe_701_plc,new606
701,2026-01-01 09:41:00,OP102,JOB1002,2,2,50.27,146.41,339.07,59.65,29.79,21.24,49.26,4.982,0.035,352.04,2026-01-01 09:41:00,bnj_ptfe_701_plc,new607
701,2026-01-01 09:41:10,OP102,JOB1002,2,2,49.51,154.08,339.39,57.38,28.02,21.44,48.52,4.969,0.023,352.81,2026-01-01 09:41:10,bnj_ptfe_701_plc,new608
701,2026-01-01 09:41:20,OP102,JOB1002,2,2,50.65,148.64,338.99,57.21,30.28,21.64,49.64,4.984,0.021,350.21,2026-01-01 09:41:20,bnj_ptfe_701_plc,new609
701,2026-01-01 09:41:30,OP102,JOB1002,2,2,49.98,145.16,339.04,61.8,29.68,21.84,48.98,4.988,0.036,348.71,2026-01-01 09:41:30,bnj_ptfe_701_plc,new610
701,2026-01-01 09:41:40,OP102,JOB1002,2,2,50.36,149.84,339.5,58.93,31.81,22.04,49.35,5.026,0.037,349.51,2026-01-01 09:41:40,bnj_ptfe_701_plc,new611
701,2026-01-01 09:41:50,OP102,JOB1002,2,2,49.84,154.34,339.18,57.68,29.37,22.24,48.84,5.032,0.024,348.02,2026-01-01 09:41:50,bnj_ptfe_701_plc,new612
701,2026-01-01 09:42:00,OP102,JOB1002,2,2,49.65,145.69,339.42,62.34,30.16,22.44,48.66,5.018,0.035,351.85,2026-01-01 09:42:00,bnj_ptfe_701_plc,new613
701,2026-01-01 09:42:10,OP102,JOB1002,2,2,50.75,148.9,341.27,59.16,29.83,22.65,49.73,5.034,0.03,350.73,2026-01-01 09:42:10,bnj_ptfe_701_plc,new614
701,2026-01-01 09:42:20,OP102,JOB1002,2,2,49.65,145.94,341.41,57.77,31,22.85,48.66,5.037,0.037,350.83,2026-01-01 09:42:20,bnj_ptfe_701_plc,new615
701,2026-01-01 09:42:30,OP102,JOB1002,2,2,50.61,150.5,339.11,59.56,29.56,23.05,49.6,5.023,0.025,349.96,2026-01-01 09:42:30,bnj_ptfe_701_plc,new616
701,2026-01-01 09:42:40,OP102,JOB1002,2,2,50.04,148.53,340.11,59.31,28.29,23.25,49.04,5.04,0.03,352.41,2026-01-01 09:42:40,bnj_ptfe_701_plc,new617
701,2026-01-01 09:42:50,OP102,JOB1002,2,2,49.71,154.17,341.61,59.49,29.05,23.45,48.72,4.992,0.023,349.32,2026-01-01 09:42:50,bnj_ptfe_701_plc,new618
701,2026-01-01 09:43:00,OP102,JOB1002,2,2,49.96,149.67,341.31,60.45,28.39,23.65,48.96,5.028,0.032,351.55,2026-01-01 09:43:00,bnj_ptfe_701_plc,new619
701,2026-01-01 09:43:10,OP102,JOB1002,2,2,49.77,150.97,338.32,58.71,31.26,23.85,48.77,5.029,0.022,352.53,2026-01-01 09:43:10,bnj_ptfe_701_plc,new620
701,2026-01-01 09:43:20,OP102,JOB1002,2,2,50.43,152.07,339.59,59.33,30.94,24.05,49.42,5.013,0.037,350.16,2026-01-01 09:43:20,bnj_ptfe_701_plc,new621
701,2026-01-01 09:43:30,OP102,JOB1002,2,2,50.54,150.34,339.68,60.9,30.02,24.25,49.53,5.017,0.037,348.54,2026-01-01 09:43:30,bnj_ptfe_701_plc,new622
701,2026-01-01 09:43:40,OP102,JOB1002,2,2,50.41,153.38,340.21,58.99,31.71,24.45,49.4,5.032,0.02,349.37,2026-01-01 09:43:40,bnj_ptfe_701_plc,new623
701,2026-01-01 09:43:50,OP102,JOB1002,2,2,49.28,147.18,338.3,62.3,31.39,24.65,48.29,4.997,0.038,351.63,2026-01-01 09:43:50,bnj_ptfe_701_plc,new624
701,2026-01-01 09:44:00,OP102,JOB1002,2,2,49.62,146.3,340.09,62.62,31.95,24.85,48.63,4.995,0.025,347.98,2026-01-01 09:44:00,bnj_ptfe_701_plc,new625
701,2026-01-01 09:44:10,OP102,JOB1002,2,2,50.56,146.99,341.3,60.04,28.19,25.05,49.55,4.958,0.03,347.61,2026-01-01 09:44:10,bnj_ptfe_701_plc,new626
701,2026-01-01 09:44:20,OP102,JOB1002,2,2,50.57,146.52,341.4,60.78,29.84,25.25,49.56,4.959,0.039,347.25,2026-01-01 09:44:20,bnj_ptfe_701_plc,new627
701,2026-01-01 09:44:30,OP102,JOB1002,2,2,50.52,151.58,338.92,60.62,31.28,25.45,49.51,4.97,0.024,349.18,2026-01-01 09:44:30,bnj_ptfe_701_plc,new628
701,2026-01-01 09:44:40,OP102,JOB1002,2,2,50.14,147.08,340.79,57.42,29.47,25.65,49.14,5.038,0.039,347.12,2026-01-01 09:44:40,bnj_ptfe_701_plc,new629
701,2026-01-01 09:44:50,OP102,JOB1002,2,2,49.29,145.66,338.12,58.37,30.05,25.85,48.3,5.039,0.03,351.63,2026-01-01 09:44:50,bnj_ptfe_701_plc,new630
701,2026-01-01 09:45:00,OP102,JOB1002,2,2,49.76,147.5,341.89,59.24,28.05,26.05,48.76,5.023,0.029,352.5,2026-01-01 09:45:00,bnj_ptfe_701_plc,new631
701,2026-01-01 09:45:10,OP102,JOB1002,2,2,50.35,153.65,341.36,60.28,28.99,26.25,49.34,4.981,0.033,349.69,2026-01-01 09:45:10,bnj_ptfe_701_plc,new632
701,2026-01-01 09:45:20,OP102,JOB1002,2,2,50.22,145.94,340.37,59.34,29.27,26.45,49.22,4.981,0.028,350.9,2026-01-01 09:45:20,bnj_ptfe_701_plc,new633
701,2026-01-01 09:45:30,OP102,JOB1002,2,2,49.53,149.09,339.86,62.16,29.78,26.65,48.54,4.951,0.031,349,2026-01-01 09:45:30,bnj_ptfe_701_plc,new634
701,2026-01-01 09:45:40,OP102,JOB1002,2,2,49.86,150.56,341.18,59.18,31.54,26.85,48.86,5.005,0.028,347.84,2026-01-01 09:45:40,bnj_ptfe_701_plc,new635
701,2026-01-01 09:45:50,OP102,JOB1002,2,2,49.87,150.83,339.8,57.28,30.78,27.05,48.87,4.961,0.032,347.92,2026-01-01 09:45:50,bnj_ptfe_701_plc,new636
701,2026-01-01 09:46:00,OP102,JOB1002,2,2,49.26,145.19,340.56,62.72,31.11,27.25,48.27,4.967,0.036,347.76,2026-01-01 09:46:00,bnj_ptfe_701_plc,new637
701,2026-01-01 09:46:10,OP102,JOB1002,2,2,49.34,151.1,339.5,58.19,29.26,27.45,48.35,4.977,0.03,352.67,2026-01-01 09:46:10,bnj_ptfe_701_plc,new638
701,2026-01-01 09:46:20,OP102,JOB1002,2,2,49.21,153.32,339.77,59.06,30.01,27.66,48.23,4.998,0.036,348.92,2026-01-01 09:46:20,bnj_ptfe_701_plc,new639
701,2026-01-01 09:46:30,OP102,JOB1002,2,2,50.38,154.67,340.6,58.76,30.75,27.86,49.37,5.02,0.025,350.1,2026-01-01 09:46:30,bnj_ptfe_701_plc,new640
701,2026-01-01 09:46:40,OP102,JOB1002,2,2,50.37,146.03,340.6,60.93,28.2,28.06,49.36,4.951,0.032,347.19,2026-01-01 09:46:40,bnj_ptfe_701_plc,new641
701,2026-01-01 09:46:50,OP102,JOB1002,2,2,49.56,147.67,339.26,61.5,28.77,28.26,48.57,5.046,0.037,350.16,2026-01-01 09:46:50,bnj_ptfe_701_plc,new642
701,2026-01-01 09:47:00,OP102,JOB1002,2,2,50.24,145.36,339.57,62.32,31.41,28.46,49.24,4.957,0.038,351.87,2026-01-01 09:47:00,bnj_ptfe_701_plc,new643
701,2026-01-01 09:47:10,OP102,JOB1002,2,2,50.35,150.88,339.23,58.51,29.47,28.66,49.34,4.992,0.03,352.24,2026-01-01 09:47:10,bnj_ptfe_701_plc,new644
701,2026-01-01 09:47:20,OP102,JOB1002,2,2,49.62,152.36,342,58.09,28.14,28.86,48.63,4.99,0.02,348.78,2026-01-01 09:47:20,bnj_ptfe_701_plc,new645
701,2026-01-01 09:47:30,OP102,JOB1002,2,2,49.97,150.44,339.73,60.65,30.62,29.06,48.97,5.04,0.034,348.68,2026-01-01 09:47:30,bnj_ptfe_701_plc,new646
701,2026-01-01 09:47:40,OP102,JOB1002,2,2,50.43,146.68,339.77,61.99,29.11,29.26,49.42,5.049,0.036,350.07,2026-01-01 09:47:40,bnj_ptfe_701_plc,new647
701,2026-01-01 09:47:50,OP102,JOB1002,2,2,50.74,146.44,341.86,60.68,28.36,29.46,49.73,5.027,0.025,349.33,2026-01-01 09:47:50,bnj_ptfe_701_plc,new648
701,2026-01-01 09:48:00,OP102,JOB1002,2,2,49.64,150.1,341.69,62.39,29.5,29.66,48.65,5.038,0.035,348.53,2026-01-01 09:48:00,bnj_ptfe_701_plc,new649
701,2026-01-01 09:48:10,OP102,JOB1002,2,2,49.33,152.2,341.18,61.27,29.42,29.86,48.34,5.023,0.024,348.49,2026-01-01 09:48:10,bnj_ptfe_701_plc,new650
701,2026-01-01 09:48:20,OP102,JOB1002,2,2,50.36,149.68,338,59.42,31.62,30.06,49.35,5.015,0.022,351.76,2026-01-01 09:48:20,bnj_ptfe_701_plc,new651
701,2026-01-01 09:48:30,OP102,JOB1002,2,2,49.89,145.62,340.52,60.68,28.47,30.26,48.89,5.035,0.029,352.59,2026-01-01 09:48:30,bnj_ptfe_701_plc,new652
701,2026-01-01 09:48:40,OP102,JOB1002,2,2,50.14,146.81,339.76,61.38,29.66,30.46,49.14,4.985,0.033,348.93,2026-01-01 09:48:40,bnj_ptfe_701_plc,new653
701,2026-01-01 09:48:50,OP102,JOB1002,2,2,49.42,151.14,341.12,62.91,31.86,30.66,48.43,4.974,0.036,350.43,2026-01-01 09:48:50,bnj_ptfe_701_plc,new654
701,2026-01-01 09:49:00,OP102,JOB1002,2,2,49.68,148.97,341.55,57.6,29.85,30.86,48.69,4.958,0.022,350.61,2026-01-01 09:49:00,bnj_ptfe_701_plc,new655
701,2026-01-01 09:49:10,OP102,JOB1002,2,2,49.7,146.57,338.08,61.06,31.19,31.06,48.71,4.982,0.02,352.31,2026-01-01 09:49:10,bnj_ptfe_701_plc,new656
701,2026-01-01 09:49:20,OP102,JOB1002,2,2,49.32,150.97,338.86,57.46,29.49,31.26,48.33,4.957,0.022,347.33,2026-01-01 09:49:20,bnj_ptfe_701_plc,new657
701,2026-01-01 09:49:30,OP102,JOB1002,2,2,49.23,151.19,338.03,57.81,28.8,31.46,48.25,5.01,0.02,351.89,2026-01-01 09:49:30,bnj_ptfe_701_plc,new658
701,2026-01-01 09:49:40,OP102,JOB1002,2,2,49.33,147.2,341.64,62.84,29.17,31.66,48.34,5.041,0.032,349.92,2026-01-01 09:49:40,bnj_ptfe_701_plc,new659
701,2026-01-01 09:49:50,OP102,JOB1002,2,2,49.94,153.38,340.27,60.98,28.58,31.86,48.94,5.007,0.028,351.31,2026-01-01 09:49:50,bnj_ptfe_701_plc,new660
701,2026-01-01 09:50:00,OP102,JOB1002,2,2,50.01,151.46,339.44,59.27,28.75,32.06,49.01,5.002,0.024,349.8,2026-01-01 09:50:00,bnj_ptfe_701_plc,new661
701,2026-01-01 09:50:10,OP102,JOB1002,2,2,49.57,148.27,339.76,61.64,29.59,32.26,48.58,4.98,0.033,347.57,2026-01-01 09:50:10,bnj_ptfe_701_plc,new662
701,2026-01-01 09:50:20,OP102,JOB1002,2,2,49.61,152.82,338.56,61.72,31.97,32.46,48.62,4.973,0.035,349.12,2026-01-01 09:50:20,bnj_ptfe_701_plc,new663
701,2026-01-01 09:50:30,OP102,JOB1002,2,2,50.16,151.59,339.37,57.92,30.51,32.67,49.16,4.994,0.03,352.48,2026-01-01 09:50:30,bnj_ptfe_701_plc,new664
701,2026-01-01 09:50:40,OP102,JOB1002,2,2,50.47,147.65,341.96,60.88,29.37,32.87,49.46,4.96,0.034,347.51,2026-01-01 09:50:40,bnj_ptfe_701_plc,new665
701,2026-01-01 09:50:50,OP102,JOB1002,2,2,50.65,146.38,340.09,60.81,31.81,33.07,49.64,4.984,0.023,349.66,2026-01-01 09:50:50,bnj_ptfe_701_plc,new666
701,2026-01-01 09:51:00,OP102,JOB1002,2,2,50.48,153.86,340.53,59.58,28.65,33.27,49.47,5.047,0.022,347.47,2026-01-01 09:51:00,bnj_ptfe_701_plc,new667
701,2026-01-01 09:51:10,OP102,JOB1002,2,2,49.48,153.12,338.93,61.19,31.8,33.47,48.49,4.953,0.022,349.33,2026-01-01 09:51:10,bnj_ptfe_701_plc,new668
701,2026-01-01 09:51:20,OP102,JOB1002,2,2,49.78,149.74,338.26,59.06,31.58,33.67,48.78,5.013,0.032,349.58,2026-01-01 09:51:20,bnj_ptfe_701_plc,new669
701,2026-01-01 09:51:30,OP102,JOB1002,2,2,49.29,152.64,338.87,62.95,28.31,33.87,48.3,4.961,0.02,347.79,2026-01-01 09:51:30,bnj_ptfe_701_plc,new670
701,2026-01-01 09:51:40,OP102,JOB1002,2,2,49.61,153.11,341.5,57.42,30.52,34.07,48.62,4.996,0.038,352.26,2026-01-01 09:51:40,bnj_ptfe_701_plc,new671
701,2026-01-01 09:51:50,OP102,JOB1002,2,2,50.56,152.73,340.86,59.66,31.71,34.27,49.55,5.025,0.026,347.93,2026-01-01 09:51:50,bnj_ptfe_701_plc,new672
701,2026-01-01 09:52:00,OP102,JOB1002,2,2,49.45,154.98,340.87,62.79,30.55,34.47,48.46,5.02,0.033,352.4,2026-01-01 09:52:00,bnj_ptfe_701_plc,new673
701,2026-01-01 09:52:10,OP102,JOB1002,2,2,49.64,154.53,340.44,58.9,30.75,34.67,48.65,5.022,0.038,348.96,2026-01-01 09:52:10,bnj_ptfe_701_plc,new674
701,2026-01-01 09:52:20,OP102,JOB1002,2,2,50.74,150.54,339.5,62.52,31.37,34.87,49.73,4.991,0.023,351.43,2026-01-01 09:52:20,bnj_ptfe_701_plc,new675
701,2026-01-01 09:52:30,OP102,JOB1002,2,2,49.79,150.99,340.62,59.65,29.39,35.07,48.79,4.967,0.026,349.9,2026-01-01 09:52:30,bnj_ptfe_701_plc,new676
701,2026-01-01 09:52:40,OP102,JOB1002,2,2,49.96,148.48,340.17,62.46,31.21,35.27,48.96,4.984,0.025,348.43,2026-01-01 09:52:40,bnj_ptfe_701_plc,new677
701,2026-01-01 09:52:50,OP102,JOB1002,2,2,49.47,148.55,339.32,61.37,30.06,35.47,48.48,5.009,0.026,347.1,2026-01-01 09:52:50,bnj_ptfe_701_plc,new678
701,2026-01-01 09:53:00,OP102,JOB1002,2,2,50.49,153.73,339.48,59.69,30.6,35.67,49.48,4.991,0.034,352.61,2026-01-01 09:53:00,bnj_ptfe_701_plc,new679
701,2026-01-01 09:53:10,OP102,JOB1002,2,2,49.39,146.96,340.68,57.35,28.64,35.87,48.4,5.035,0.031,348.69,2026-01-01 09:53:10,bnj_ptfe_701_plc,new680
701,2026-01-01 09:53:20,OP102,JOB1002,2,2,49.65,147.67,339.74,59.91,31.59,36.07,48.66,4.961,0.025,348.71,2026-01-01 09:53:20,bnj_ptfe_701_plc,new681
701,2026-01-01 09:53:30,OP102,JOB1002,2,2,49.59,149.02,340.77,59.19,28.81,36.27,48.6,4.968,0.02,349.99,2026-01-01 09:53:30,bnj_ptfe_701_plc,new682
701,2026-01-01 09:53:40,OP102,JOB1002,2,2,49.38,148.35,340.11,57.89,29.2,36.47,48.39,4.998,0.039,349.61,2026-01-01 09:53:40,bnj_ptfe_701_plc,new683
701,2026-01-01 09:53:50,OP102,JOB1002,2,2,49.32,146.08,340.06,62.78,31.72,36.67,48.33,4.998,0.023,348.95,2026-01-01 09:53:50,bnj_ptfe_701_plc,new684
701,2026-01-01 09:54:00,OP102,JOB1002,2,2,50.76,146.94,340.42,62.44,31.74,36.87,49.74,4.954,0.025,350.32,2026-01-01 09:54:00,bnj_ptfe_701_plc,new685
701,2026-01-01 09:54:10,OP102,JOB1002,2,2,50.41,154.89,341.43,58.73,31.42,37.07,49.4,5.049,0.023,351.48,2026-01-01 09:54:10,bnj_ptfe_701_plc,new686
701,2026-01-01 09:54:20,OP102,JOB1002,2,2,50.1,151.03,341.1,57.19,30.99,37.27,49.1,4.975,0.036,351.86,2026-01-01 09:54:20,bnj_ptfe_701_plc,new687
701,2026-01-01 09:54:30,OP102,JOB1002,2,2,49.5,153.37,340.81,62.11,28.96,37.47,48.51,5.002,0.03,352.71,2026-01-01 09:54:30,bnj_ptfe_701_plc,new688
701,2026-01-01 09:54:40,OP102,JOB1002,2,2,50.54,148.54,338.27,57.65,29.06,37.68,49.53,4.96,0.029,352.62,2026-01-01 09:54:40,bnj_ptfe_701_plc,new689
701,2026-01-01 09:54:50,OP102,JOB1002,2,2,50.61,150.2,341.96,58.54,31.11,37.88,49.6,4.994,0.021,347.23,2026-01-01 09:54:50,bnj_ptfe_701_plc,new690
701,2026-01-01 09:55:00,OP102,JOB1002,2,2,49.7,149.27,340.22,59.15,29.06,38.08,48.71,5.02,0.038,349.86,2026-01-01 09:55:00,bnj_ptfe_701_plc,new691
701,2026-01-01 09:55:10,OP102,JOB1002,2,2,50.76,152.25,339.03,60.11,30.94,38.28,49.74,4.993,0.036,347.55,2026-01-01 09:55:10,bnj_ptfe_701_plc,new692
701,2026-01-01 09:55:20,OP102,JOB1002,2,2,50.44,153.97,340.29,59.87,29.55,38.48,49.43,5.04,0.022,347.14,2026-01-01 09:55:20,bnj_ptfe_701_plc,new693
701,2026-01-01 09:55:30,OP102,JOB1002,2,2,49.21,152.47,338.36,59.18,30.29,38.68,48.23,4.974,0.028,352.79,2026-01-01 09:55:30,bnj_ptfe_701_plc,new694
701,2026-01-01 09:55:40,OP102,JOB1002,2,2,50.62,152.62,339.35,60.45,28.05,38.88,49.61,5.013,0.023,351.38,2026-01-01 09:55:40,bnj_ptfe_701_plc,new695
701,2026-01-01 09:55:50,OP102,JOB1002,2,2,49.37,150.18,338.41,58.32,31.64,39.08,48.38,4.98,0.028,351.21,2026-01-01 09:55:50,bnj_ptfe_701_plc,new696
701,2026-01-01 09:56:00,OP102,JOB1002,2,2,50.47,153.94,340.32,57.31,31.03,39.28,49.46,4.95,0.029,352.57,2026-01-01 09:56:00,bnj_ptfe_701_plc,new697
701,2026-01-01 09:56:10,OP102,JOB1002,2,2,50.23,153.13,341.71,57.76,29.87,39.48,49.23,5.034,0.028,347.1,2026-01-01 09:56:10,bnj_ptfe_701_plc,new698
701,2026-01-01 09:56:20,OP102,JOB1002,2,2,49.51,150.79,338.85,59.66,29.31,39.68,48.52,5.049,0.028,352.01,2026-01-01 09:56:20,bnj_ptfe_701_plc,new699
701,2026-01-01 09:56:30,OP102,JOB1002,2,2,50.51,148.68,341.77,60.67,28.01,39.88,49.5,5.028,0.026,349.28,2026-01-01 09:56:30,bnj_ptfe_701_plc,new700
701,2026-01-01 09:56:40,OP102,JOB1002,2,2,49.62,151.08,338.3,57.12,30.22,40.08,48.63,4.973,0.02,347.52,2026-01-01 09:56:40,bnj_ptfe_701_plc,new701
701,2026-01-01 09:56:50,OP102,JOB1002,2,2,49.99,145.35,339.06,59.2,29.13,40.28,48.99,5.003,0.035,347.29,2026-01-01 09:56:50,bnj_ptfe_701_plc,new702
701,2026-01-01 09:57:00,OP102,JOB1002,2,2,49.58,152.71,340.31,59.89,29.26,40.48,48.59,5.004,0.037,347.22,2026-01-01 09:57:00,bnj_ptfe_701_plc,new703
701,2026-01-01 09:57:10,OP102,JOB1002,2,2,50,146.84,339.01,61.75,30.16,40.68,49,4.959,0.037,352.38,2026-01-01 09:57:10,bnj_ptfe_701_plc,new704
701,2026-01-01 09:57:20,OP102,JOB1002,2,2,49.54,151.79,341.41,61.05,28.11,40.88,48.55,5.006,0.026,348.04,2026-01-01 09:57:20,bnj_ptfe_701_plc,new705
701,2026-01-01 09:57:30,OP102,JOB1002,2,2,50.58,152.36,340.91,62.74,29.13,41.08,49.57,5.001,0.038,349.8,2026-01-01 09:57:30,bnj_ptfe_701_plc,new706
701,2026-01-01 09:57:40,OP102,JOB1002,2,2,49.98,145.36,340.69,63,31.59,41.28,48.98,5.012,0.038,347.78,2026-01-01 09:57:40,bnj_ptfe_701_plc,new707
701,2026-01-01 09:57:50,OP102,JOB1002,2,2,50.73,154.48,340.69,61.22,31.01,41.48,49.72,4.959,0.021,350.59,2026-01-01 09:57:50,bnj_ptfe_701_plc,new708
701,2026-01-01 09:58:00,OP102,JOB1002,2,2,50.31,153.88,340.05,62.15,30.17,41.68,49.3,4.988,0.035,350.65,2026-01-01 09:58:00,bnj_ptfe_701_plc,new709
701,2026-01-01 09:58:10,OP102,JOB1002,2,2,49.24,152.93,338.24,60.76,28.52,41.88,48.26,4.967,0.028,349.47,2026-01-01 09:58:10,bnj_ptfe_701_plc,new710
701,2026-01-01 09:58:20,OP102,JOB1002,2,2,50.52,145.34,339.87,59.06,30.49,42.08,49.51,5.049,0.022,347.87,2026-01-01 09:58:20,bnj_ptfe_701_plc,new711
701,2026-01-01 09:58:30,OP102,JOB1002,2,2,49.73,154.5,340.87,59.71,29.16,42.28,48.74,5.047,0.034,351.23,2026-01-01 09:58:30,bnj_ptfe_701_plc,new712
701,2026-01-01 09:58:40,OP102,JOB1002,2,2,50.06,146.65,340.82,62.17,28.74,42.48,49.06,4.962,0.026,349.71,2026-01-01 09:58:40,bnj_ptfe_701_plc,new713
701,2026-01-01 09:58:50,OP102,JOB1002,2,2,49.38,154.13,340.52,60.96,28.36,42.69,48.39,4.998,0.03,351.82,2026-01-01 09:58:50,bnj_ptfe_701_plc,new714
701,2026-01-01 09:59:00,OP102,JOB1002,2,2,49.25,149.58,339.41,62.05,28.37,42.89,48.27,4.974,0.026,352.01,2026-01-01 09:59:00,bnj_ptfe_701_plc,new715
701,2026-01-01 09:59:10,OP102,JOB1002,2,2,49.68,153.06,340.34,59.67,31.29,43.09,48.69,4.967,0.036,349.05,2026-01-01 09:59:10,bnj_ptfe_701_plc,new716
701,2026-01-01 09:59:20,OP102,JOB1002,2,2,49.83,151.24,340.02,61.79,31.84,43.29,48.83,4.955,0.037,348.91,2026-01-01 09:59:20,bnj_ptfe_701_plc,new717
701,2026-01-01 09:59:30,OP102,JOB1002,2,2,49.27,154.1,339.11,60.3,28.38,43.49,48.28,4.979,0.031,351.57,2026-01-01 09:59:30,bnj_ptfe_701_plc,new718
701,2026-01-01 09:59:40,OP102,JOB1002,2,2,50.76,153.61,339.29,58.27,28.64,43.69,49.74,5.007,0.023,348.75,2026-01-01 09:59:40,bnj_ptfe_701_plc,new719
701,2026-01-01 09:59:50,OP102,JOB1002,2,2,49.22,151.24,340.27,59.59,28.95,43.89,48.24,4.987,0.039,347.61,2026-01-01 09:59:50,bnj_ptfe_701_plc,new720
701,2026-01-01 10:00:00,OP102,JOB1002,2,2,50.48,149.71,341.89,61.72,30.54,44.09,49.47,5.017,0.027,350.98,2026-01-01 10:00:00,bnj_ptfe_701_plc,new721
701,2026-01-01 10:00:10,OP102,JOB1002,2,2,49.95,151.64,341.64,60.61,31.54,44.29,48.95,4.999,0.022,347.94,2026-01-01 10:00:10,bnj_ptfe_701_plc,new722
701,2026-01-01 10:00:20,OP102,JOB1002,2,2,49.8,146.37,340.05,57.21,29.5,44.49,48.8,4.971,0.037,348.72,2026-01-01 10:00:20,bnj_ptfe_701_plc,new723
701,2026-01-01 10:00:30,OP102,JOB1002,2,2,49.36,151.58,338.38,57.2,29.75,44.69,48.37,4.968,0.02,347.02,2026-01-01 10:00:30,bnj_ptfe_701_plc,new724
701,2026-01-01 10:00:40,OP102,JOB1002,2,2,49.77,153.25,339.73,60.53,28.06,44.89,48.77,4.974,0.034,351.31,2026-01-01 10:00:40,bnj_ptfe_701_plc,new725
701,2026-01-01 10:00:50,OP102,JOB1002,2,2,49.69,150.85,340.91,62.71,28.49,45.09,48.7,5.042,0.034,350.67,2026-01-01 10:00:50,bnj_ptfe_701_plc,new726
701,2026-01-01 10:01:00,OP102,JOB1002,2,2,49.23,150.23,341.72,62.73,31.68,45.29,48.25,4.952,0.033,350.92,2026-01-01 10:01:00,bnj_ptfe_701_plc,new727
701,2026-01-01 10:01:10,OP102,JOB1002,2,2,50.11,151.18,338.5,60.03,31.53,45.49,49.11,4.95,0.032,347.42,2026-01-01 10:01:10,bnj_ptfe_701_plc,new728
701,2026-01-01 10:01:20,OP102,JOB1002,2,2,49.83,150.72,340.93,62.36,30.3,45.69,48.83,4.954,0.035,352.09,2026-01-01 10:01:20,bnj_ptfe_701_plc,new729
701,2026-01-01 10:01:30,OP102,JOB1002,2,2,50.73,148.08,339.57,58.88,29.72,45.89,49.72,5.029,0.034,352.06,2026-01-01 10:01:30,bnj_ptfe_701_plc,new730
701,2026-01-01 10:01:40,OP102,JOB1002,2,2,49.84,152.65,340.79,58.38,28.29,46.09,48.84,5.045,0.036,349.89,2026-01-01 10:01:40,bnj_ptfe_701_plc,new731
701,2026-01-01 10:01:50,OP102,JOB1002,2,2,49.37,147.87,339.43,58.3,28.61,46.29,48.38,5.01,0.031,352.23,2026-01-01 10:01:50,bnj_ptfe_701_plc,new732
701,2026-01-01 10:02:00,OP102,JOB1002,2,2,50.73,148.05,339.29,57.92,29.28,46.49,49.72,5.019,0.028,350.55,2026-01-01 10:02:00,bnj_ptfe_701_plc,new733
701,2026-01-01 10:02:10,OP102,JOB1002,2,2,50.49,152.59,340.71,62.78,30.07,46.69,49.48,4.953,0.023,351.77,2026-01-01 10:02:10,bnj_ptfe_701_plc,new734
701,2026-01-01 10:02:20,OP102,JOB1002,2,2,50.14,148.9,338.83,62.65,29.85,46.89,49.14,4.995,0.024,351.76,2026-01-01 10:02:20,bnj_ptfe_701_plc,new735
701,2026-01-01 10:02:30,OP102,JOB1002,2,2,50.64,154.23,340.34,58.81,31.04,47.09,49.63,4.99,0.029,349.15,2026-01-01 10:02:30,bnj_ptfe_701_plc,new736
701,2026-01-01 10:02:40,OP102,JOB1002,2,2,49.79,147.72,339.25,61.03,29.84,47.29,48.79,5.047,0.027,351.9,2026-01-01 10:02:40,bnj_ptfe_701_plc,new737
701,2026-01-01 10:02:50,OP102,JOB1002,2,2,50.56,152.93,340.25,58.14,31.71,47.49,49.55,5.049,0.032,348.78,2026-01-01 10:02:50,bnj_ptfe_701_plc,new738
701,2026-01-01 10:03:00,OP102,JOB1002,2,2,49.93,151.49,340.07,61.94,28.76,47.7,48.93,4.97,0.034,350.17,2026-01-01 10:03:00,bnj_ptfe_701_plc,new739
701,2026-01-01 10:03:10,OP102,JOB1002,2,2,49.81,147.44,338.69,57.8,30.81,47.9,48.81,5.027,0.034,352.46,2026-01-01 10:03:10,bnj_ptfe_701_plc,new740
701,2026-01-01 10:03:20,OP102,JOB1002,2,2,50.13,153.04,340.8,58.99,29.44,48.1,49.13,5.028,0.035,352.73,2026-01-01 10:03:20,bnj_ptfe_701_plc,new741
701,2026-01-01 10:03:30,OP102,JOB1002,2,2,49.75,149.43,339.4,57.2,28.34,48.3,48.76,5.025,0.036,350.55,2026-01-01 10:03:30,bnj_ptfe_701_plc,new742
701,2026-01-01 10:03:40,OP102,JOB1002,2,2,49.76,147.45,339.95,61.73,29.72,48.5,48.76,5.031,0.036,352.52,2026-01-01 10:03:40,bnj_ptfe_701_plc,new743
701,2026-01-01 10:03:50,OP102,JOB1002,2,2,49.79,147.48,340.71,59.46,30.65,48.7,48.79,5.012,0.029,349.45,2026-01-01 10:03:50,bnj_ptfe_701_plc,new744
701,2026-01-01 10:04:00,OP102,JOB1002,2,2,50.1,151.4,341.17,58.32,28.28,48.9,49.1,4.965,0.026,352.28,2026-01-01 10:04:00,bnj_ptfe_701_plc,new745
701,2026-01-01 10:04:10,OP102,JOB1002,2,2,50.38,149.21,341.47,61.83,28.74,49.1,49.37,5.012,0.04,349.01,2026-01-01 10:04:10,bnj_ptfe_701_plc,new746
701,2026-01-01 10:04:20,OP102,JOB1002,2,2,49.33,147.02,341.31,59.99,29.98,49.3,48.34,4.975,0.03,349.27,2026-01-01 10:04:20,bnj_ptfe_701_plc,new747
701,2026-01-01 10:04:30,OP102,JOB1002,2,2,49.38,149.03,338.43,57.45,29.43,49.5,48.39,5.035,0.039,349.8,2026-01-01 10:04:30,bnj_ptfe_701_plc,new748
701,2026-01-01 10:04:40,OP102,JOB1002,2,2,50.26,149.42,339.96,61.1,28.81,49.7,49.25,5.043,0.03,352.63,2026-01-01 10:04:40,bnj_ptfe_701_plc,new749
701,2026-01-01 10:04:50,OP102,JOB1002,2,2,49.74,148.27,338.35,61.25,28.79,49.9,48.75,4.996,0.034,350.04,2026-01-01 10:04:50,bnj_ptfe_701_plc,new750
701,2026-01-01 10:05:00,OP102,JOB1002,2,2,50.43,148.36,341.7,61.18,28.3,50.1,49.42,5.045,0.028,352.56,2026-01-01 10:05:00,bnj_ptfe_701_plc,new751
701,2026-01-01 10:05:10,OP102,JOB1002,2,2,49.81,147.28,340.92,60.14,30.79,50.3,48.81,4.998,0.033,349.48,2026-01-01 10:05:10,bnj_ptfe_701_plc,new752
701,2026-01-01 10:05:20,OP102,JOB1002,2,2,49.59,154.72,341.73,57.47,29.54,50.5,48.6,4.961,0.031,350.12,2026-01-01 10:05:20,bnj_ptfe_701_plc,new753
701,2026-01-01 10:05:30,OP102,JOB1002,2,2,50.59,150.6,339.9,60.7,31.75,50.7,49.58,5.004,0.034,351.79,2026-01-01 10:05:30,bnj_ptfe_701_plc,new754
701,2026-01-01 10:05:40,OP102,JOB1002,2,2,50.58,150.43,338.84,57.3,29.75,50.9,49.57,5.049,0.035,352.95,2026-01-01 10:05:40,bnj_ptfe_701_plc,new755
701,2026-01-01 10:05:50,OP102,JOB1002,2,2,50.58,154.23,341.45,59.49,31.82,51.1,49.57,5.002,0.034,352.14,2026-01-01 10:05:50,bnj_ptfe_701_plc,new756
701,2026-01-01 10:06:00,OP102,JOB1002,2,2,49.54,149.9,338.56,59.93,31.22,51.3,48.55,4.975,0.034,349.02,2026-01-01 10:06:00,bnj_ptfe_701_plc,new757
701,2026-01-01 10:06:10,OP102,JOB1002,2,2,50.37,150.9,338.12,60.54,29.43,51.5,49.36,4.972,0.037,349.67,2026-01-01 10:06:10,bnj_ptfe_701_plc,new758
701,2026-01-01 10:06:20,OP102,JOB1002,2,2,49.6,149.94,338.38,60.02,29.83,51.7,48.61,4.962,0.033,348.28,2026-01-01 10:06:20,bnj_ptfe_701_plc,new759
701,2026-01-01 10:06:30,OP102,JOB1002,2,2,50.32,145.76,341.2,60.37,28.02,51.9,49.31,4.958,0.021,352.76,2026-01-01 10:06:30,bnj_ptfe_701_plc,new760
701,2026-01-01 10:06:40,OP102,JOB1002,2,2,49.96,154.5,338.53,59.63,29.77,52.1,48.96,5.028,0.038,351.34,2026-01-01 10:06:40,bnj_ptfe_701_plc,new761
701,2026-01-01 10:06:50,OP102,JOB1002,2,2,50.44,148.32,340.73,60.28,29.01,52.3,49.43,4.978,0.024,349.88,2026-01-01 10:06:50,bnj_ptfe_701_plc,new762
701,2026-01-01 10:07:00,OP102,JOB1002,2,2,49.91,154.88,341.45,59.59,31.06,52.51,48.91,5,0.033,349.18,2026-01-01 10:07:00,bnj_ptfe_701_plc,new763
701,2026-01-01 10:07:10,OP102,JOB1002,2,2,50.7,148.05,341.7,58.27,31.27,52.71,49.69,4.959,0.039,349.03,2026-01-01 10:07:10,bnj_ptfe_701_plc,new764
701,2026-01-01 10:07:20,OP102,JOB1002,2,2,50.46,148.5,339.71,59.66,28.2,52.91,49.45,4.959,0.038,347.8,2026-01-01 10:07:20,bnj_ptfe_701_plc,new765
701,2026-01-01 10:07:30,OP102,JOB1002,2,2,49.66,150.07,338.04,58.54,31.75,53.11,48.67,4.973,0.037,351,2026-01-01 10:07:30,bnj_ptfe_701_plc,new766
701,2026-01-01 10:07:40,OP102,JOB1002,2,2,49.74,146.81,341.69,60.54,29.18,53.31,48.75,5.038,0.022,349.73,2026-01-01 10:07:40,bnj_ptfe_701_plc,new767
701,2026-01-01 10:07:50,OP102,JOB1002,2,2,49.6,147.76,340.33,61.08,29.04,53.51,48.61,5.027,0.029,347.26,2026-01-01 10:07:50,bnj_ptfe_701_plc,new768
701,2026-01-01 10:08:00,OP102,JOB1002,2,2,49.53,152.65,338.62,57.14,28.92,53.71,48.54,4.952,0.036,350.17,2026-01-01 10:08:00,bnj_ptfe_701_plc,new769
701,2026-01-01 10:08:10,OP102,JOB1002,2,2,49.96,147.38,339.61,57.52,31.49,53.91,48.96,4.995,0.022,348.68,2026-01-01 10:08:10,bnj_ptfe_701_plc,new770
701,2026-01-01 10:08:20,OP102,JOB1002,2,2,50.74,145.41,338.85,62.34,30.38,54.11,49.73,5.033,0.025,352.17,2026-01-01 10:08:20,bnj_ptfe_701_plc,new771
701,2026-01-01 10:08:30,OP102,JOB1002,2,2,50.5,149.28,341.53,58.97,31.77,54.31,49.49,5.022,0.034,352.47,2026-01-01 10:08:30,bnj_ptfe_701_plc,new772
701,2026-01-01 10:08:40,OP102,JOB1002,2,2,49.46,151.05,341.75,62.84,31.57,54.51,48.47,5.032,0.036,349.04,2026-01-01 10:08:40,bnj_ptfe_701_plc,new773
701,2026-01-01 10:08:50,OP102,JOB1002,2,2,49.66,147.79,341.3,62.6,31.97,54.71,48.67,4.963,0.038,350.62,2026-01-01 10:08:50,bnj_ptfe_701_plc,new774
701,2026-01-01 10:09:00,OP102,JOB1002,2,2,49.71,154.97,341.77,60.83,31.9,54.91,48.72,5.033,0.039,350.99,2026-01-01 10:09:00,bnj_ptfe_701_plc,new775
701,2026-01-01 10:09:10,OP102,JOB1002,2,2,50.63,149.6,338.87,59.36,29.47,55.11,49.62,5.042,0.034,348.58,2026-01-01 10:09:10,bnj_ptfe_701_plc,new776
701,2026-01-01 10:09:20,OP102,JOB1002,2,2,50.01,147.86,340.35,58.16,31.49,55.31,49.01,5.014,0.036,347.16,2026-01-01 10:09:20,bnj_ptfe_701_plc,new777
701,2026-01-01 10:09:30,OP102,JOB1002,2,2,49.37,146.8,340.89,60.44,29.87,55.51,48.38,4.954,0.036,349.05,2026-01-01 10:09:30,bnj_ptfe_701_plc,new778
701,2026-01-01 10:09:40,OP102,JOB1002,2,2,50.79,149.72,341.44,59.16,28.26,55.71,49.77,5.023,0.02,347.17,2026-01-01 10:09:40,bnj_ptfe_701_plc,new779
701,2026-01-01 10:09:50,OP102,JOB1002,2,2,50.67,150.76,340.69,57.65,29.79,55.91,49.66,5.047,0.023,348.15,2026-01-01 10:09:50,bnj_ptfe_701_plc,new780
701,2026-01-01 10:10:00,OP102,JOB1002,2,2,50.75,150.62,341.86,58.94,29.16,56.11,49.73,4.954,0.03,349.18,2026-01-01 10:10:00,bnj_ptfe_701_plc,new781
701,2026-01-01 10:10:10,OP102,JOB1002,2,2,50.28,153.7,339.78,57.19,30.88,56.31,49.27,5.047,0.027,351.24,2026-01-01 10:10:10,bnj_ptfe_701_plc,new782
701,2026-01-01 10:10:20,OP102,JOB1002,2,2,50.63,148.9,338.5,61.24,28.89,56.51,49.62,4.951,0.026,351.7,2026-01-01 10:10:20,bnj_ptfe_701_plc,new783
701,2026-01-01 10:10:30,OP102,JOB1002,2,2,49.43,147.68,339.09,62.51,28.58,56.71,48.44,4.971,0.038,351.23,2026-01-01 10:10:30,bnj_ptfe_701_plc,new784
701,2026-01-01 10:10:40,OP102,JOB1002,2,2,49.88,148.75,338.33,62.79,28.68,56.91,48.88,4.954,0.036,347.04,2026-01-01 10:10:40,bnj_ptfe_701_plc,new785
701,2026-01-01 10:10:50,OP102,JOB1002,2,2,49.61,148.77,340.04,62.39,31.98,57.11,48.62,5.014,0.023,350.1,2026-01-01 10:10:50,bnj_ptfe_701_plc,new786
701,2026-01-01 10:11:00,OP102,JOB1002,2,2,50.56,153.46,338.06,61.5,31.76,57.31,49.55,5.039,0.026,351.43,2026-01-01 10:11:00,bnj_ptfe_701_plc,new787
701,2026-01-01 10:11:10,OP102,JOB1002,2,2,49.74,149.15,341.8,59.69,31.89,57.52,48.75,5.04,0.026,350.37,2026-01-01 10:11:10,bnj_ptfe_701_plc,new788
701,2026-01-01 10:11:20,OP102,JOB1002,2,2,50.56,148.81,339.23,57.57,28.11,57.72,49.55,4.972,0.029,351.34,2026-01-01 10:11:20,bnj_ptfe_701_plc,new789
701,2026-01-01 10:11:30,OP102,JOB1002,2,2,50.23,145.62,341.72,58.75,28.79,57.92,49.23,5.042,0.034,351.62,2026-01-01 10:11:30,bnj_ptfe_701_plc,new790
701,2026-01-01 10:11:40,OP102,JOB1002,2,2,49.93,147,338.67,57.07,31.42,58.12,48.93,5.044,0.039,347.03,2026-01-01 10:11:40,bnj_ptfe_701_plc,new791
701,2026-01-01 10:11:50,OP102,JOB1002,2,2,50.18,153.48,338.32,60.29,31.07,58.32,49.18,4.957,0.036,348.33,2026-01-01 10:11:50,bnj_ptfe_701_plc,new792
701,2026-01-01 10:12:00,OP102,JOB1002,2,2,50.35,149.03,339.4,62.54,30.56,58.52,49.34,5.03,0.037,347.14,2026-01-01 10:12:00,bnj_ptfe_701_plc,new793
701,2026-01-01 10:12:10,OP102,JOB1002,2,2,49.8,153.74,340.55,60.7,31.68,58.72,48.8,5,0.022,347.54,2026-01-01 10:12:10,bnj_ptfe_701_plc,new794
701,2026-01-01 10:12:20,OP102,JOB1002,2,2,49.38,147.11,341.75,61.01,29.68,58.92,48.39,5.008,0.039,348.21,2026-01-01 10:12:20,bnj_ptfe_701_plc,new795
701,2026-01-01 10:12:30,OP102,JOB1002,2,2,50.77,147.16,340.57,60.6,28.48,59.12,49.75,5.022,0.028,350.64,2026-01-01 10:12:30,bnj_ptfe_701_plc,new796
701,2026-01-01 10:12:40,OP102,JOB1002,2,2,49.23,147.51,341.21,60.86,31.31,59.32,48.25,5.04,0.024,352.95,2026-01-01 10:12:40,bnj_ptfe_701_plc,new797
701,2026-01-01 10:12:50,OP102,JOB1002,2,2,50.39,147.13,338.81,61.82,29.41,59.52,49.38,5.036,0.031,352.09,2026-01-01 10:12:50,bnj_ptfe_701_plc,new798
701,2026-01-01 10:13:00,OP102,JOB1002,2,2,50.44,153.41,340.39,62.66,30.71,59.72,49.43,5.041,0.03,351.83,2026-01-01 10:13:00,bnj_ptfe_701_plc,new799
701,2026-01-01 10:13:10,OP102,JOB1002,2,2,49.28,147.86,341.48,60.96,28.82,59.92,48.29,5.003,0.032,349,2026-01-01 10:13:10,bnj_ptfe_701_plc,new800
701,2026-01-01 10:13:20,OP102,JOB1002,2,2,50.61,149.38,341.96,62.6,31.51,60.12,49.6,4.976,0.021,351.65,2026-01-01 10:13:20,bnj_ptfe_701_plc,new801
701,2026-01-01 10:13:30,OP102,JOB1002,2,2,50.55,152.8,339.37,60.22,29.69,60.32,49.54,4.954,0.033,348.73,2026-01-01 10:13:30,bnj_ptfe_701_plc,new802
701,2026-01-01 10:13:40,OP102,JOB1002,2,2,50.33,153.87,341.62,59.68,29.42,60.52,49.32,5.014,0.031,351.88,2026-01-01 10:13:40,bnj_ptfe_701_plc,new803
701,2026-01-01 10:13:50,OP102,JOB1002,2,2,49.28,146.53,339.2,59.37,31.93,60.72,48.29,5.019,0.034,351.49,2026-01-01 10:13:50,bnj_ptfe_701_plc,new804
701,2026-01-01 10:14:00,OP102,JOB1002,2,2,49.83,153.16,339.2,58.64,30.43,60.92,48.83,4.966,0.033,348.24,2026-01-01 10:14:00,bnj_ptfe_701_plc,new805
701,2026-01-01 10:14:10,OP102,JOB1002,2,2,50.28,151.11,339.26,61.66,31.55,61.12,49.27,5.003,0.037,349.81,2026-01-01 10:14:10,bnj_ptfe_701_plc,new806
701,2026-01-01 10:14:20,OP102,JOB1002,2,2,50.52,148.27,339.34,62.89,31.55,61.32,49.51,5.029,0.023,351.32,2026-01-01 10:14:20,bnj_ptfe_701_plc,new807
701,2026-01-01 10:14:30,OP102,JOB1002,2,2,49.21,147.96,339.45,58.42,30.06,61.52,48.23,4.98,0.022,349.51,2026-01-01 10:14:30,bnj_ptfe_701_plc,new808
701,2026-01-01 10:14:40,OP102,JOB1002,2,2,50.76,154.27,340.62,62.46,29.77,61.72,49.74,5.013,0.036,348.8,2026-01-01 10:14:40,bnj_ptfe_701_plc,new809
701,2026-01-01 10:14:50,OP102,JOB1002,2,2,50.17,148.82,341.17,60.91,29.29,61.92,49.17,4.999,0.036,350.66,2026-01-01 10:14:50,bnj_ptfe_701_plc,new810
701,2026-01-01 10:15:00,OP102,JOB1002,2,2,50.65,153.78,341.62,58.22,28.42,62.12,49.64,5.018,0.036,350.84,2026-01-01 10:15:00,bnj_ptfe_701_plc,new811
701,2026-01-01 10:15:10,OP102,JOB1002,2,2,50.52,154.44,340.64,62.78,30.91,62.32,49.51,5.017,0.025,349.2,2026-01-01 10:15:10,bnj_ptfe_701_plc,new812
701,2026-01-01 10:15:20,OP102,JOB1002,2,2,50.61,146.62,338.43,60.63,30.97,62.53,49.6,5.04,0.029,350.05,2026-01-01 10:15:20,bnj_ptfe_701_plc,new813
701,2026-01-01 10:15:30,OP102,JOB1002,2,2,50.29,146.65,338.82,57.37,28.84,62.73,49.28,4.991,0.027,348.47,2026-01-01 10:15:30,bnj_ptfe_701_plc,new814
701,2026-01-01 10:15:40,OP102,JOB1002,2,2,49.46,151.08,341.71,61.76,28.01,62.93,48.47,4.981,0.021,348.16,2026-01-01 10:15:40,bnj_ptfe_701_plc,new815
701,2026-01-01 10:15:50,OP102,JOB1002,2,2,50.72,146.86,339.07,60.47,28.23,63.13,49.71,4.987,0.023,349.09,2026-01-01 10:15:50,bnj_ptfe_701_plc,new816
701,2026-01-01 10:16:00,OP102,JOB1002,2,2,49.89,150.69,339.7,58.99,30.93,63.33,48.89,5.046,0.027,348.68,2026-01-01 10:16:00,bnj_ptfe_701_plc,new817
701,2026-01-01 10:16:10,OP102,JOB1002,2,2,49.68,145.46,338.06,59.42,28.89,63.53,48.69,4.957,0.035,351.35,2026-01-01 10:16:10,bnj_ptfe_701_plc,new818
701,2026-01-01 10:16:20,OP102,JOB1002,2,2,49.71,151.01,340.09,62.83,28.26,63.73,48.72,5.008,0.02,352.36,2026-01-01 10:16:20,bnj_ptfe_701_plc,new819
701,2026-01-01 10:16:30,OP102,JOB1002,2,2,50.6,152.47,338.36,59.33,31.16,63.93,49.59,4.957,0.039,350.71,2026-01-01 10:16:30,bnj_ptfe_701_plc,new820
701,2026-01-01 10:16:40,OP102,JOB1002,2,2,50.55,148.26,341.65,62.04,31.91,64.13,49.54,4.998,0.024,352.98,2026-01-01 10:16:40,bnj_ptfe_701_plc,new821
701,2026-01-01 10:16:50,OP102,JOB1002,2,2,50.12,152.64,340.41,58.13,31.47,64.33,49.12,4.964,0.022,351.13,2026-01-01 10:16:50,bnj_ptfe_701_plc,new822
701,2026-01-01 10:17:00,OP102,JOB1002,2,2,50.11,149.05,338.46,60.19,30.64,64.53,49.11,4.987,0.025,350.8,2026-01-01 10:17:00,bnj_ptfe_701_plc,new823
701,2026-01-01 10:17:10,OP102,JOB1002,2,2,49.79,147.84,338.67,58.88,31.62,64.73,48.79,4.974,0.031,352.87,2026-01-01 10:17:10,bnj_ptfe_701_plc,new824
701,2026-01-01 10:17:20,OP102,JOB1002,2,2,49.36,153.17,339.64,59.93,28.46,64.93,48.37,5.005,0.025,351.41,2026-01-01 10:17:20,bnj_ptfe_701_plc,new825
701,2026-01-01 10:17:30,OP102,JOB1002,2,2,50.29,153.1,340.91,57.98,31.74,65.13,49.28,5.021,0.038,347.21,2026-01-01 10:17:30,bnj_ptfe_701_plc,new826
701,2026-01-01 10:17:40,OP102,JOB1002,2,2,50.31,152.85,340.94,58.46,28.96,65.33,49.3,4.957,0.037,351.7,2026-01-01 10:17:40,bnj_ptfe_701_plc,new827
701,2026-01-01 10:17:50,OP102,JOB1002,2,2,50.38,153.1,340.84,57.26,31.2,65.53,49.37,5.004,0.037,348.45,2026-01-01 10:17:50,bnj_ptfe_701_plc,new828
701,2026-01-01 10:18:00,OP102,JOB1002,2,2,50.22,149.61,341.83,59.69,28.94,65.73,49.22,5.045,0.02,348.62,2026-01-01 10:18:00,bnj_ptfe_701_plc,new829
701,2026-01-01 10:18:10,OP102,JOB1002,2,2,49.39,152.49,340.54,61.6,30.69,65.93,48.4,5.001,0.023,351.41,2026-01-01 10:18:10,bnj_ptfe_701_plc,new830
701,2026-01-01 10:18:20,OP102,JOB1002,2,2,50.44,145.39,340.42,60.41,31.75,66.13,49.43,4.983,0.025,352.01,2026-01-01 10:18:20,bnj_ptfe_701_plc,new831
701,2026-01-01 10:18:30,OP102,JOB1002,2,2,49.46,151.54,339.84,58.17,30.2,66.33,48.47,5.01,0.021,347.07,2026-01-01 10:18:30,bnj_ptfe_701_plc,new832
701,2026-01-01 10:18:40,OP102,JOB1002,2,2,49.66,153.27,339.01,59.17,31.57,66.53,48.67,5.024,0.022,347.29,2026-01-01 10:18:40,bnj_ptfe_701_plc,new833
701,2026-01-01 10:18:50,OP102,JOB1002,2,2,50.36,148.78,338.24,58.92,28.02,66.73,49.35,4.968,0.033,351.15,2026-01-01 10:18:50,bnj_ptfe_701_plc,new834
701,2026-01-01 10:19:00,OP102,JOB1002,2,2,49.44,146.45,341.39,60.02,31.88,66.93,48.45,4.981,0.02,349.29,2026-01-01 10:19:00,bnj_ptfe_701_plc,new835
701,2026-01-01 10:19:10,OP102,JOB1002,2,2,49.43,149.88,339.96,60.53,29.57,67.13,48.44,5.005,0.022,352.87,2026-01-01 10:19:10,bnj_ptfe_701_plc,new836
701,2026-01-01 10:19:20,OP102,JOB1002,2,2,50.13,146.12,341.39,57.48,29.68,67.33,49.13,4.979,0.039,348.54,2026-01-01 10:19:20,bnj_ptfe_701_plc,new837
701,2026-01-01 10:19:30,OP102,JOB1002,2,2,49.59,150.48,340.12,60.48,29.45,67.54,48.6,4.973,0.038,352.73,2026-01-01 10:19:30,bnj_ptfe_701_plc,new838
701,2026-01-01 10:19:40,OP102,JOB1002,2,2,50.66,145.51,339.13,60.4,30.45,67.74,49.65,4.952,0.031,350.38,2026-01-01 10:19:40,bnj_ptfe_701_plc,new839
701,2026-01-01 10:19:50,OP102,JOB1002,2,2,49.58,150.75,339.86,61.91,30.21,67.94,48.59,5.024,0.04,350.76,2026-01-01 10:19:50,bnj_ptfe_701_plc,new840
701,2026-01-01 10:20:00,OP102,JOB1002,2,2,49.91,154.38,339.58,58.92,28.32,68.14,48.91,4.976,0.023,349.71,2026-01-01 10:20:00,bnj_ptfe_701_plc,new841
701,2026-01-01 10:20:10,OP102,JOB1002,2,2,50.44,148.58,339.38,59.07,29.59,68.34,49.43,4.99,0.036,352.29,2026-01-01 10:20:10,bnj_ptfe_701_plc,new842
701,2026-01-01 10:20:20,OP102,JOB1002,2,2,49.54,152.38,338.92,62.12,29.65,68.54,48.55,5.042,0.023,350.64,2026-01-01 10:20:20,bnj_ptfe_701_plc,new843
701,2026-01-01 10:20:30,OP102,JOB1002,2,2,49.45,145.6,340.57,58.14,30.21,68.74,48.46,4.965,0.031,347.14,2026-01-01 10:20:30,bnj_ptfe_701_plc,new844
701,2026-01-01 10:20:40,OP102,JOB1002,2,2,49.56,148.41,339.98,60.38,31.74,68.94,48.57,4.979,0.023,347.28,2026-01-01 10:20:40,bnj_ptfe_701_plc,new845
701,2026-01-01 10:20:50,OP102,JOB1002,2,2,49.96,150.79,340.07,58.17,29.9,69.14,48.96,4.95,0.026,347.7,2026-01-01 10:20:50,bnj_ptfe_701_plc,new846
701,2026-01-01 10:21:00,OP102,JOB1002,2,2,49.6,153.98,340.13,60.94,30.86,69.34,48.61,5.012,0.027,347.64,2026-01-01 10:21:00,bnj_ptfe_701_plc,new847
701,2026-01-01 10:21:10,OP102,JOB1002,2,2,50.54,153.01,341.51,57.66,30.85,69.54,49.53,5.009,0.025,350.56,2026-01-01 10:21:10,bnj_ptfe_701_plc,new848
701,2026-01-01 10:21:20,OP102,JOB1002,2,2,50.64,145.85,338.06,59.63,30.22,69.74,49.63,4.964,0.036,352.47,2026-01-01 10:21:20,bnj_ptfe_701_plc,new849
701,2026-01-01 10:21:30,OP102,JOB1002,2,2,50.13,152.84,339.05,61.67,30.3,69.94,49.13,4.983,0.037,352.24,2026-01-01 10:21:30,bnj_ptfe_701_plc,new850
701,2026-01-01 10:21:40,OP102,JOB1002,2,2,50.36,147.93,339.86,60.99,30.7,70.14,49.35,4.99,0.036,347.6,2026-01-01 10:21:40,bnj_ptfe_701_plc,new851
701,2026-01-01 10:21:50,OP102,JOB1002,2,2,49.4,152.68,341.67,61.91,30.25,70.34,48.41,4.968,0.022,347.67,2026-01-01 10:21:50,bnj_ptfe_701_plc,new852
701,2026-01-01 10:22:00,OP102,JOB1002,2,2,49.78,148.84,338.68,62.62,29.56,70.54,48.78,5.03,0.034,351.83,2026-01-01 10:22:00,bnj_ptfe_701_plc,new853
701,2026-01-01 10:22:10,OP102,JOB1002,2,2,50.21,150.09,341.01,61.39,31.78,70.74,49.21,4.971,0.027,348.84,2026-01-01 10:22:10,bnj_ptfe_701_plc,new854
701,2026-01-01 10:22:20,OP102,JOB1002,2,2,50.78,152.24,341.78,58.68,28.21,70.94,49.76,5.019,0.029,350.03,2026-01-01 10:22:20,bnj_ptfe_701_plc,new855
701,2026-01-01 10:22:30,OP102,JOB1002,2,2,50.67,148.14,340.7,60.38,29.03,71.14,49.66,5.034,0.033,347.69,2026-01-01 10:22:30,bnj_ptfe_701_plc,new856
701,2026-01-01 10:22:40,OP102,JOB1002,2,2,49.72,146.59,340.85,60.95,31.46,71.34,48.73,4.96,0.038,352.91,2026-01-01 10:22:40,bnj_ptfe_701_plc,new857
701,2026-01-01 10:22:50,OP102,JOB1002,2,2,50.51,152.75,340.48,59.74,30.43,71.54,49.5,5.029,0.024,352.78,2026-01-01 10:22:50,bnj_ptfe_701_plc,new858
701,2026-01-01 10:23:00,OP102,JOB1002,2,2,49.75,152.48,341.25,58.46,29.55,71.74,48.76,4.997,0.026,351.69,2026-01-01 10:23:00,bnj_ptfe_701_plc,new859
701,2026-01-01 10:23:10,OP102,JOB1002,2,2,50.35,147.49,339.13,58.05,28.78,71.94,49.34,4.989,0.035,350.17,2026-01-01 10:23:10,bnj_ptfe_701_plc,new860
701,2026-01-01 10:23:20,OP102,JOB1002,2,2,50.01,150.97,340.94,57.32,29.5,72.14,49.01,4.982,0.025,351.03,2026-01-01 10:23:20,bnj_ptfe_701_plc,new861
701,2026-01-01 10:23:30,OP102,JOB1002,2,2,50.68,148.02,340.49,58.84,31.22,72.34,49.67,5.047,0.029,350.19,2026-01-01 10:23:30,bnj_ptfe_701_plc,new862
701,2026-01-01 10:23:40,OP102,JOB1002,2,2,50.58,148.51,338.33,62.71,31.06,72.55,49.57,5.006,0.036,352.07,2026-01-01 10:23:40,bnj_ptfe_701_plc,new863
701,2026-01-01 10:23:50,OP102,JOB1002,2,2,49.85,146.33,341.31,58.26,29.58,72.75,48.85,5.008,0.036,351.02,2026-01-01 10:23:50,bnj_ptfe_701_plc,new864
701,2026-01-01 10:24:00,OP102,JOB1002,2,2,50.77,151.65,339.54,57.23,29.75,72.95,49.75,4.98,0.02,347,2026-01-01 10:24:00,bnj_ptfe_701_plc,new865
701,2026-01-01 10:24:10,OP102,JOB1002,2,2,49.96,151.15,340.48,57.85,29.45,73.15,48.96,5.017,0.031,352.34,2026-01-01 10:24:10,bnj_ptfe_701_plc,new866
701,2026-01-01 10:24:20,OP102,JOB1002,2,2,49.58,149.86,338.38,62.47,31.77,73.35,48.59,5.036,0.025,352.53,2026-01-01 10:24:20,bnj_ptfe_701_plc,new867
701,2026-01-01 10:24:30,OP102,JOB1002,2,2,49.93,148.03,339.94,57.97,31.72,73.55,48.93,4.998,0.033,352.72,2026-01-01 10:24:30,bnj_ptfe_701_plc,new868
701,2026-01-01 10:24:40,OP102,JOB1002,2,2,49.9,153.53,339.52,60.52,31.22,73.75,48.9,4.97,0.031,349.99,2026-01-01 10:24:40,bnj_ptfe_701_plc,new869
701,2026-01-01 10:24:50,OP102,JOB1002,2,2,50.22,152.58,339.92,62.57,29.19,73.95,49.22,5.048,0.031,350.15,2026-01-01 10:24:50,bnj_ptfe_701_plc,new870
701,2026-01-01 10:25:00,OP102,JOB1002,2,2,50.55,154.48,341.01,57.85,31.22,74.15,49.54,4.972,0.035,349.38,2026-01-01 10:25:00,bnj_ptfe_701_plc,new871
701,2026-01-01 10:25:10,OP102,JOB1002,2,2,49.3,152.99,338.04,59.49,29.15,74.35,48.31,4.993,0.023,347.46,2026-01-01 10:25:10,bnj_ptfe_701_plc,new872
701,2026-01-01 10:25:20,OP102,JOB1002,2,2,49.64,148.57,340.99,58.54,28.21,74.55,48.65,5.018,0.037,351.13,2026-01-01 10:25:20,bnj_ptfe_701_plc,new873
701,2026-01-01 10:25:30,OP102,JOB1002,2,2,50.73,150.16,339.34,59.62,28.12,74.75,49.72,4.985,0.037,352.47,2026-01-01 10:25:30,bnj_ptfe_701_plc,new874
701,2026-01-01 10:25:40,OP102,JOB1002,2,2,50.75,145.29,339.61,58.93,30.78,74.95,49.73,5.002,0.028,347.75,2026-01-01 10:25:40,bnj_ptfe_701_plc,new875
701,2026-01-01 10:25:50,OP102,JOB1002,2,2,49.31,148.9,340.48,59.57,28.54,75.15,48.32,5.048,0.034,351.45,2026-01-01 10:25:50,bnj_ptfe_701_plc,new876
701,2026-01-01 10:26:00,OP102,JOB1002,2,2,50.74,150.26,341.62,58,30.99,75.35,49.73,5.048,0.033,351.12,2026-01-01 10:26:00,bnj_ptfe_701_plc,new877
701,2026-01-01 10:26:10,OP102,JOB1002,2,2,50.37,147.06,341.28,59.94,28.25,75.55,49.36,4.987,0.021,352.99,2026-01-01 10:26:10,bnj_ptfe_701_plc,new878
701,2026-01-01 10:26:20,OP102,JOB1002,2,2,49.79,147.37,339.99,58.11,29.94,75.75,48.79,5.015,0.032,349.07,2026-01-01 10:26:20,bnj_ptfe_701_plc,new879
701,2026-01-01 10:26:30,OP102,JOB1002,2,2,49.51,146.16,341.57,57.76,30.45,75.95,48.52,4.951,0.023,350.31,2026-01-01 10:26:30,bnj_ptfe_701_plc,new880
701,2026-01-01 10:26:40,OP102,JOB1002,2,2,50.65,154.23,338.24,57.59,28.13,76.15,49.64,5.018,0.029,352.7,2026-01-01 10:26:40,bnj_ptfe_701_plc,new881
701,2026-01-01 10:26:50,OP102,JOB1002,2,2,49.4,147.5,339.53,61.39,31.35,76.35,48.41,5.014,0.034,349.91,2026-01-01 10:26:50,bnj_ptfe_701_plc,new882
701,2026-01-01 10:27:00,OP102,JOB1002,2,2,50.33,146.4,341.78,60.51,31.14,76.55,49.32,4.975,0.031,352.12,2026-01-01 10:27:00,bnj_ptfe_701_plc,new883
701,2026-01-01 10:27:10,OP102,JOB1002,2,2,50.22,153.22,339.44,62.17,28.48,76.75,49.22,5.007,0.033,351.22,2026-01-01 10:27:10,bnj_ptfe_701_plc,new884
701,2026-01-01 10:27:20,OP102,JOB1002,2,2,49.89,152.32,339.86,60.04,28.33,76.95,48.89,4.954,0.029,347.66,2026-01-01 10:27:20,bnj_ptfe_701_plc,new885
701,2026-01-01 10:27:30,OP102,JOB1002,2,2,50.74,145.5,340.7,58.15,30.6,77.15,49.73,5.012,0.033,352.35,2026-01-01 10:27:30,bnj_ptfe_701_plc,new886
701,2026-01-01 10:27:40,OP102,JOB1002,2,2,49.69,151.21,340.66,61.75,29.35,77.35,48.7,4.978,0.023,350.22,2026-01-01 10:27:40,bnj_ptfe_701_plc,new887
701,2026-01-01 10:27:50,OP102,JOB1002,2,2,49.51,154.19,341.9,59.66,28.17,77.56,48.52,5.042,0.035,352.87,2026-01-01 10:27:50,bnj_ptfe_701_plc,new888
701,2026-01-01 10:28:00,OP102,JOB1002,2,2,50.24,152.1,338.35,62.8,30.46,77.76,49.24,4.999,0.025,351.34,2026-01-01 10:28:00,bnj_ptfe_701_plc,new889
701,2026-01-01 10:28:10,OP102,JOB1002,2,2,50.54,145.61,338.34,60.84,28.47,77.96,49.53,5.041,0.032,350.44,2026-01-01 10:28:10,bnj_ptfe_701_plc,new890
701,2026-01-01 10:28:20,OP102,JOB1002,2,2,49.57,149.34,340.92,58.79,29.76,78.16,48.58,4.971,0.028,349.55,2026-01-01 10:28:20,bnj_ptfe_701_plc,new891
701,2026-01-01 10:28:30,OP102,JOB1002,2,2,49.61,145.64,341.52,60.1,30.3,78.36,48.62,4.966,0.026,350.04,2026-01-01 10:28:30,bnj_ptfe_701_plc,new892
701,2026-01-01 10:28:40,OP102,JOB1002,2,2,50.56,149.52,340.23,61.11,28.6,78.56,49.55,5.028,0.024,349.75,2026-01-01 10:28:40,bnj_ptfe_701_plc,new893
701,2026-01-01 10:28:50,OP102,JOB1002,2,2,50.36,147.99,339.74,61.49,30.81,78.76,49.35,4.958,0.028,351.49,2026-01-01 10:28:50,bnj_ptfe_701_plc,new894
701,2026-01-01 10:29:00,OP102,JOB1002,2,2,50.2,145.25,341.76,59.56,29.79,78.96,49.2,4.951,0.037,348.31,2026-01-01 10:29:00,bnj_ptfe_701_plc,new895
701,2026-01-01 10:29:10,OP102,JOB1002,2,2,50.57,145.78,341.89,59.09,30.2,79.16,49.56,5.019,0.028,350.08,2026-01-01 10:29:10,bnj_ptfe_701_plc,new896
701,2026-01-01 10:29:20,OP102,JOB1002,2,2,50.01,154.95,338.52,60.21,30.84,79.36,49.01,5.007,0.022,352.56,2026-01-01 10:29:20,bnj_ptfe_701_plc,new897
701,2026-01-01 10:29:30,OP102,JOB1002,2,2,49.2,148.76,338.3,57.57,29.01,79.56,48.22,5.006,0.031,348.91,2026-01-01 10:29:30,bnj_ptfe_701_plc,new898
701,2026-01-01 10:29:40,OP102,JOB1002,2,2,50.59,154.85,338.15,57.23,29.83,79.76,49.58,5.01,0.029,347.88,2026-01-01 10:29:40,bnj_ptfe_701_plc,new899
701,2026-01-01 10:29:50,OP102,JOB1002,2,2,49.54,152.85,340.72,60.85,31.97,79.96,48.55,5.033,0.035,349.02,2026-01-01 10:29:50,bnj_ptfe_701_plc,new900
701,2026-01-01 10:30:00,OP102,JOB1002,2,2,49.71,153.61,339.05,59.18,28.47,80.16,48.72,4.956,0.033,347.27,2026-01-01 10:30:00,bnj_ptfe_701_plc,new901
701,2026-01-01 10:30:10,OP102,JOB1002,2,2,50,152.42,340.63,62.71,31.71,80.36,49,5.023,0.038,350.34,2026-01-01 10:30:10,bnj_ptfe_701_plc,new902
701,2026-01-01 10:30:20,OP102,JOB1002,2,2,49.26,146.62,338.74,59.24,28.44,80.56,48.27,5.03,0.037,352.86,2026-01-01 10:30:20,bnj_ptfe_701_plc,new903
701,2026-01-01 10:30:30,OP102,JOB1002,2,2,49.68,153.15,340.45,58.03,28.24,80.76,48.69,5.011,0.027,347.8,2026-01-01 10:30:30,bnj_ptfe_701_plc,new904
701,2026-01-01 10:30:40,OP102,JOB1002,2,2,50.12,150.09,341.6,62.09,29.1,80.96,49.12,5.002,0.029,351.67,2026-01-01 10:30:40,bnj_ptfe_701_plc,new905
701,2026-01-01 10:30:50,OP102,JOB1002,2,2,50.58,152.61,341.78,58.28,31.67,81.16,49.57,4.956,0.026,348.96,2026-01-01 10:30:50,bnj_ptfe_701_plc,new906
701,2026-01-01 10:31:00,OP102,JOB1002,2,2,50.58,151.24,339.07,58.16,31.63,81.36,49.57,4.998,0.04,349.66,2026-01-01 10:31:00,bnj_ptfe_701_plc,new907
701,2026-01-01 10:31:10,OP102,JOB1002,2,2,50.54,148.52,341.47,60.91,31.7,81.56,49.53,5.026,0.021,347.78,2026-01-01 10:31:10,bnj_ptfe_701_plc,new908
701,2026-01-01 10:31:20,OP102,JOB1002,2,2,49.42,153.85,341.78,58.38,29.61,81.76,48.43,5.022,0.035,347.36,2026-01-01 10:31:20,bnj_ptfe_701_plc,new909
701,2026-01-01 10:31:30,OP102,JOB1002,2,2,50.31,148.03,338.11,59.79,30.89,81.96,49.3,5.026,0.028,352.43,2026-01-01 10:31:30,bnj_ptfe_701_plc,new910
701,2026-01-01 10:31:40,OP102,JOB1002,2,2,49.28,152.3,341.14,59.98,31.38,82.16,48.29,4.951,0.034,349.62,2026-01-01 10:31:40,bnj_ptfe_701_plc,new911
701,2026-01-01 10:31:50,OP102,JOB1002,2,2,49.62,150.47,339.06,62.61,28.91,82.36,48.63,5.028,0.021,351.45,2026-01-01 10:31:50,bnj_ptfe_701_plc,new912
701,2026-01-01 10:32:00,OP102,JOB1002,2,2,49.3,151.52,340.97,59.26,30.98,82.57,48.31,5.019,0.03,352.47,2026-01-01 10:32:00,bnj_ptfe_701_plc,new913
701,2026-01-01 10:32:10,OP102,JOB1002,2,2,49.94,147.75,338.73,60.45,29.05,82.77,48.94,4.973,0.032,347.52,2026-01-01 10:32:10,bnj_ptfe_701_plc,new914
701,2026-01-01 10:32:20,OP102,JOB1002,2,2,50.33,153.1,338.87,58.89,29.81,82.97,49.32,4.983,0.029,349.48,2026-01-01 10:32:20,bnj_ptfe_701_plc,new915
701,2026-01-01 10:32:30,OP102,JOB1002,2,2,50.62,145.78,338.18,61.59,29.77,83.17,49.61,5.028,0.038,348.04,2026-01-01 10:32:30,bnj_ptfe_701_plc,new916
701,2026-01-01 10:32:40,OP102,JOB1002,2,2,49.38,145.44,341.65,60.04,30.43,83.37,48.39,4.954,0.024,352.83,2026-01-01 10:32:40,bnj_ptfe_701_plc,new917
701,2026-01-01 10:32:50,OP102,JOB1002,2,2,50.14,147.45,340.23,60.32,29.1,83.57,49.14,4.952,0.034,352.02,2026-01-01 10:32:50,bnj_ptfe_701_plc,new918
701,2026-01-01 10:33:00,OP102,JOB1002,2,2,49.8,145.27,340.65,59.44,30.82,83.77,48.8,4.98,0.021,350.82,2026-01-01 10:33:00,bnj_ptfe_701_plc,new919
701,2026-01-01 10:33:10,OP102,JOB1002,2,2,50.41,150.47,339.49,61.67,29.13,83.97,49.4,5.007,0.036,350.48,2026-01-01 10:33:10,bnj_ptfe_701_plc,new920
701,2026-01-01 10:33:20,OP102,JOB1002,2,2,49.93,154.93,339.69,57.38,30.57,84.17,48.93,4.997,0.029,352.02,2026-01-01 10:33:20,bnj_ptfe_701_plc,new921
701,2026-01-01 10:33:30,OP102,JOB1002,2,2,49.38,151.11,341.78,62.86,29.19,84.37,48.39,4.982,0.022,349.31,2026-01-01 10:33:30,bnj_ptfe_701_plc,new922
701,2026-01-01 10:33:40,OP102,JOB1002,2,2,50.15,146.38,341.7,59.75,28.96,84.57,49.15,4.97,0.037,350.47,2026-01-01 10:33:40,bnj_ptfe_701_plc,new923
701,2026-01-01 10:33:50,OP102,JOB1002,2,2,49.82,145.42,338.36,57.18,28.07,84.77,48.82,4.997,0.037,350.76,2026-01-01 10:33:50,bnj_ptfe_701_plc,new924
701,2026-01-01 10:34:00,OP102,JOB1002,2,2,49.39,152.9,340.56,57.7,28.69,84.97,48.4,4.999,0.021,349.37,2026-01-01 10:34:00,bnj_ptfe_701_plc,new925
701,2026-01-01 10:34:10,OP102,JOB1002,2,2,50.49,145.95,341.76,60.54,31.39,85.17,49.48,5.039,0.022,348.38,2026-01-01 10:34:10,bnj_ptfe_701_plc,new926
701,2026-01-01 10:34:20,OP102,JOB1002,2,2,49.46,150.61,341.49,58.72,28.98,85.37,48.47,5.02,0.039,350.3,2026-01-01 10:34:20,bnj_ptfe_701_plc,new927
701,2026-01-01 10:34:30,OP102,JOB1002,2,2,50.21,146.88,341.16,59.94,29.04,85.57,49.21,4.972,0.025,351.94,2026-01-01 10:34:30,bnj_ptfe_701_plc,new928
701,2026-01-01 10:34:40,OP102,JOB1002,2,2,50.13,154.11,338.5,57.14,28.31,85.77,49.13,5.046,0.031,347.06,2026-01-01 10:34:40,bnj_ptfe_701_plc,new929
701,2026-01-01 10:34:50,OP102,JOB1002,2,2,50.03,146.55,339.55,57.79,28.56,85.97,49.03,5.025,0.024,348.1,2026-01-01 10:34:50,bnj_ptfe_701_plc,new930
701,2026-01-01 10:35:00,OP102,JOB1002,2,2,49.21,151.08,339.9,62.4,29.26,86.17,48.23,4.971,0.025,351.83,2026-01-01 10:35:00,bnj_ptfe_701_plc,new931
701,2026-01-01 10:35:10,OP102,JOB1002,2,2,50.1,145.54,341.74,60.43,29.78,86.37,49.1,4.967,0.035,351.51,2026-01-01 10:35:10,bnj_ptfe_701_plc,new932
701,2026-01-01 10:35:20,OP102,JOB1002,2,2,49.54,152.52,339.04,57.22,29.2,86.57,48.55,5.026,0.029,349,2026-01-01 10:35:20,bnj_ptfe_701_plc,new933
701,2026-01-01 10:35:30,OP102,JOB1002,2,2,50.21,148.51,341.84,60.23,29.4,86.77,49.21,5.04,0.033,349.28,2026-01-01 10:35:30,bnj_ptfe_701_plc,new934
701,2026-01-01 10:35:40,OP102,JOB1002,2,2,50.51,152.81,338.59,60.75,28.85,86.97,49.5,5.044,0.031,350.72,2026-01-01 10:35:40,bnj_ptfe_701_plc,new935
701,2026-01-01 10:35:50,OP102,JOB1002,2,2,50.46,153.08,340.61,60.67,29.31,87.17,49.45,4.974,0.024,347.67,2026-01-01 10:35:50,bnj_ptfe_701_plc,new936
701,2026-01-01 10:36:00,OP102,JOB1002,2,2,49.75,151.19,341.99,57.43,29.02,87.37,48.76,5.035,0.026,348.8,2026-01-01 10:36:00,bnj_ptfe_701_plc,new937
701,2026-01-01 10:36:10,OP102,JOB1002,2,2,49.79,145.53,338.78,62.57,31.44,87.58,48.79,5.023,0.032,347.28,2026-01-01 10:36:10,bnj_ptfe_701_plc,new938
701,2026-01-01 10:36:20,OP102,JOB1002,2,2,49.95,150.08,339.81,62.38,30.87,87.78,48.95,5.004,0.024,349.57,2026-01-01 10:36:20,bnj_ptfe_701_plc,new939
701,2026-01-01 10:36:30,OP102,JOB1002,2,2,49.63,151.59,339.65,59.32,30.77,87.98,48.64,5.043,0.021,350.75,2026-01-01 10:36:30,bnj_ptfe_701_plc,new940
701,2026-01-01 10:36:40,OP102,JOB1002,2,2,49.38,146.96,340.59,61.22,28.31,88.18,48.39,5.013,0.027,351.05,2026-01-01 10:36:40,bnj_ptfe_701_plc,new941
701,2026-01-01 10:36:50,OP102,JOB1002,2,2,50.31,147.69,340,61.2,30.15,88.38,49.3,5.004,0.035,350.99,2026-01-01 10:36:50,bnj_ptfe_701_plc,new942
701,2026-01-01 10:37:00,OP102,JOB1002,2,2,49.54,154.88,340.05,59.6,30.23,88.58,48.55,5.015,0.039,349.63,2026-01-01 10:37:00,bnj_ptfe_701_plc,new943
701,2026-01-01 10:37:10,OP102,JOB1002,2,2,49.63,145.36,341.34,61.93,31.52,88.78,48.64,4.955,0.04,351.94,2026-01-01 10:37:10,bnj_ptfe_701_plc,new944
701,2026-01-01 10:37:20,OP102,JOB1002,2,2,50.42,145,341.54,59.07,28.69,88.98,49.41,4.99,0.032,350.77,2026-01-01 10:37:20,bnj_ptfe_701_plc,new945
701,2026-01-01 10:37:30,OP102,JOB1002,2,2,49.97,150.03,341.68,62.74,29.67,89.18,48.97,4.999,0.025,351.34,2026-01-01 10:37:30,bnj_ptfe_701_plc,new946
701,2026-01-01 10:37:40,OP102,JOB1002,2,2,49.35,153.04,340.74,57.93,28.52,89.38,48.36,5.005,0.032,349.5,2026-01-01 10:37:40,bnj_ptfe_701_plc,new947
701,2026-01-01 10:37:50,OP102,JOB1002,2,2,49.9,148.9,341.15,60.57,28.45,89.58,48.9,5.008,0.037,350.89,2026-01-01 10:37:50,bnj_ptfe_701_plc,new948
701,2026-01-01 10:38:00,OP102,JOB1002,2,2,50.72,154.49,341.23,58.7,29.49,89.78,49.71,4.973,0.028,351.66,2026-01-01 10:38:00,bnj_ptfe_701_plc,new949
701,2026-01-01 10:38:10,OP102,JOB1002,2,2,50.67,152.89,339.46,60.56,30.11,89.98,49.66,4.979,0.026,349.02,2026-01-01 10:38:10,bnj_ptfe_701_plc,new950
701,2026-01-01 10:38:20,OP102,JOB1002,2,2,50,147.29,338.3,60.21,31.6,90.18,49,5.016,0.023,351.68,2026-01-01 10:38:20,bnj_ptfe_701_plc,new951
701,2026-01-01 10:38:30,OP102,JOB1002,2,2,48.98,150.51,338.61,61.57,29.29,90.38,48,5.018,0.031,351.96,2026-01-01 10:38:30,bnj_ptfe_701_plc,new952
701,2026-01-01 10:38:40,OP102,JOB1002,2,2,47.96,146.08,340.06,59.26,31.02,90.58,47,5.033,0.039,351.88,2026-01-01 10:38:40,bnj_ptfe_701_plc,new953
701,2026-01-01 10:38:50,OP102,JOB1002,2,2,46.94,150.14,341.07,59.26,29.7,90.78,46,4.999,0.037,348.59,2026-01-01 10:38:50,bnj_ptfe_701_plc,new954
701,2026-01-01 10:39:00,OP102,JOB1002,2,2,45.92,152.73,339.91,61.29,30.6,90.98,45,4.974,0.02,349.3,2026-01-01 10:39:00,bnj_ptfe_701_plc,new955
701,2026-01-01 10:39:10,OP102,JOB1002,2,2,44.9,147.42,338.33,59.73,30.82,91.18,44,4.97,0.027,350.31,2026-01-01 10:39:10,bnj_ptfe_701_plc,new956
701,2026-01-01 10:39:20,OP102,JOB1002,2,2,43.88,145.43,339.72,57.78,28.47,91.38,43,5.026,0.032,349.6,2026-01-01 10:39:20,bnj_ptfe_701_plc,new957
701,2026-01-01 10:39:30,OP102,JOB1002,2,2,42.86,145.48,341.05,58.59,29.86,91.58,42,4.984,0.029,350.08,2026-01-01 10:39:30,bnj_ptfe_701_plc,new958
701,2026-01-01 10:39:40,OP102,JOB1002,2,2,41.84,154.31,338.22,62.55,28.31,91.78,41,5.03,0.025,351.72,2026-01-01 10:39:40,bnj_ptfe_701_plc,new959
701,2026-01-01 10:39:50,OP102,JOB1002,2,2,40.82,153.66,341.97,61.43,31.2,91.98,40,5.003,0.035,347.27,2026-01-01 10:39:50,bnj_ptfe_701_plc,new960
701,2026-01-01 10:40:00,OP102,JOB1002,2,2,39.8,154.3,340.71,60.28,31.4,92.18,39,5.014,0.026,352.75,2026-01-01 10:40:00,bnj_ptfe_701_plc,new961
701,2026-01-01 10:40:10,OP102,JOB1002,2,2,38.78,149.52,341.41,60.78,29.71,92.38,38,5.049,0.026,351.27,2026-01-01 10:40:10,bnj_ptfe_701_plc,new962
701,2026-01-01 10:40:20,OP102,JOB1002,2,2,37.76,154.88,339.36,61.44,31.39,92.59,37,5,0.031,351.52,2026-01-01 10:40:20,bnj_ptfe_701_plc,new963
701,2026-01-01 10:40:30,OP102,JOB1002,2,2,36.73,147.82,340.28,58.51,29.15,92.79,36,4.959,0.036,351.74,2026-01-01 10:40:30,bnj_ptfe_701_plc,new964
701,2026-01-01 10:40:40,OP102,JOB1002,2,2,35.71,150.09,338.01,59.8,30.1,92.99,35,5.005,0.031,351.79,2026-01-01 10:40:40,bnj_ptfe_701_plc,new965
701,2026-01-01 10:40:50,OP102,JOB1002,2,2,34.69,152.69,341.22,62.51,30.9,93.19,34,4.977,0.033,352.37,2026-01-01 10:40:50,bnj_ptfe_701_plc,new966
701,2026-01-01 10:41:00,OP102,JOB1002,2,2,33.67,150.22,339.67,61.03,28.8,93.39,33,5.016,0.035,350.45,2026-01-01 10:41:00,bnj_ptfe_701_plc,new967
701,2026-01-01 10:41:10,OP102,JOB1002,2,2,32.65,147,338.7,59.54,31.21,93.59,32,4.989,0.031,347.92,2026-01-01 10:41:10,bnj_ptfe_701_plc,new968
701,2026-01-01 10:41:20,OP102,JOB1002,2,2,31.63,145.01,338.56,62.87,28.87,93.79,31,4.99,0.033,347.37,2026-01-01 10:41:20,bnj_ptfe_701_plc,new969
701,2026-01-01 10:41:30,OP102,JOB1002,2,2,30.61,154.45,339.24,62.29,28.77,93.99,30,4.987,0.038,349.09,2026-01-01 10:41:30,bnj_ptfe_701_plc,new970
701,2026-01-01 10:41:40,OP102,JOB1002,2,2,29.59,146.43,338.07,58.86,28.88,94.19,29,5.017,0.039,347.37,2026-01-01 10:41:40,bnj_ptfe_701_plc,new971
701,2026-01-01 10:41:50,OP102,JOB1002,2,2,28.57,151,339.68,58.68,29.3,94.39,28,4.998,0.035,347.17,2026-01-01 10:41:50,bnj_ptfe_701_plc,new972
701,2026-01-01 10:42:00,OP102,JOB1002,2,2,27.55,154.02,341.76,60.8,28.92,94.59,27,5.034,0.026,351.55,2026-01-01 10:42:00,bnj_ptfe_701_plc,new973
701,2026-01-01 10:42:10,OP102,JOB1002,2,2,26.53,147.8,341.43,58.9,29.25,94.79,26,4.995,0.022,349.99,2026-01-01 10:42:10,bnj_ptfe_701_plc,new974
701,2026-01-01 10:42:20,OP102,JOB1002,2,2,25.51,152.41,341.94,58.42,30.76,94.99,25,4.956,0.037,351.91,2026-01-01 10:42:20,bnj_ptfe_701_plc,new975
701,2026-01-01 10:42:30,OP102,JOB1002,2,2,24.49,151.59,339.27,61.91,31.23,95.19,24,5.006,0.032,347.91,2026-01-01 10:42:30,bnj_ptfe_701_plc,new976
701,2026-01-01 10:42:40,OP102,JOB1002,2,2,23.47,145.48,341.33,58.94,29.67,95.39,23,5.04,0.021,351.29,2026-01-01 10:42:40,bnj_ptfe_701_plc,new977
701,2026-01-01 10:42:50,OP102,JOB1002,2,2,22.45,146.69,338.23,60.14,30.97,95.59,22,5.037,0.02,347.43,2026-01-01 10:42:50,bnj_ptfe_701_plc,new978
701,2026-01-01 10:43:00,OP102,JOB1002,2,2,21.43,146.74,340.32,60.17,28.64,95.79,21,4.985,0.033,349.67,2026-01-01 10:43:00,bnj_ptfe_701_plc,new979
701,2026-01-01 10:43:10,OP102,JOB1002,2,2,20.41,152.67,341.57,61.66,29.41,95.99,20,4.994,0.024,352.29,2026-01-01 10:43:10,bnj_ptfe_701_plc,new980
701,2026-01-01 10:43:20,OP102,JOB1002,2,2,19.39,145.14,338.9,62.84,29.71,96.19,19,4.984,0.038,348.65,2026-01-01 10:43:20,bnj_ptfe_701_plc,new981
701,2026-01-01 10:43:30,OP102,JOB1002,2,2,18.37,154.12,339.33,62.79,31.06,96.39,18,5.012,0.028,349.21,2026-01-01 10:43:30,bnj_ptfe_701_plc,new982
701,2026-01-01 10:43:40,OP102,JOB1002,2,2,17.35,151.54,340.76,62.77,31.74,96.59,17,5.024,0.031,350.02,2026-01-01 10:43:40,bnj_ptfe_701_plc,new983
701,2026-01-01 10:43:50,OP102,JOB1002,2,2,16.33,150.57,340.18,58.65,29.64,96.79,16,5.033,0.022,351.52,2026-01-01 10:43:50,bnj_ptfe_701_plc,new984
701,2026-01-01 10:44:00,OP102,JOB1002,2,2,15.31,148.83,341.44,58.08,30.02,96.99,15,4.956,0.023,349.2,2026-01-01 10:44:00,bnj_ptfe_701_plc,new985
701,2026-01-01 10:44:10,OP102,JOB1002,2,2,14.29,152.48,341.4,59.73,31.1,97.19,14,4.974,0.024,349.81,2026-01-01 10:44:10,bnj_ptfe_701_plc,new986
701,2026-01-01 10:44:20,OP102,JOB1002,2,2,13.27,147.09,338.79,60.63,30.08,97.39,13,4.974,0.034,348.59,2026-01-01 10:44:20,bnj_ptfe_701_plc,new987
701,2026-01-01 10:44:30,OP102,JOB1002,2,2,12.24,151.45,340.97,62.34,31.86,97.6,12,5.001,0.032,350.67,2026-01-01 10:44:30,bnj_ptfe_701_plc,new988
701,2026-01-01 10:44:40,OP102,JOB1002,2,2,11.22,150.4,338.77,57.75,31.82,97.8,11,4.996,0.04,348.29,2026-01-01 10:44:40,bnj_ptfe_701_plc,new989
701,2026-01-01 10:44:50,OP102,JOB1002,2,2,10.2,154.37,338.71,58.63,29.57,98,10,4.985,0.032,352.17,2026-01-01 10:44:50,bnj_ptfe_701_plc,new990
701,2026-01-01 10:45:00,OP102,JOB1002,2,2,9.18,147.22,340.01,59.09,30.95,98.2,9,4.993,0.028,351.9,2026-01-01 10:45:00,bnj_ptfe_701_plc,new991
701,2026-01-01 10:45:10,OP102,JOB1002,2,2,8.16,151.78,339.15,57.38,29.32,98.4,8,5.048,0.034,351.97,2026-01-01 10:45:10,bnj_ptfe_701_plc,new992
701,2026-01-01 10:45:20,OP102,JOB1002,2,2,7.14,151.16,340.34,61.84,29.64,98.6,7,4.97,0.031,348.41,2026-01-01 10:45:20,bnj_ptfe_701_plc,new993
701,2026-01-01 10:45:30,OP102,JOB1002,2,2,6.12,153.19,339.05,62.98,28.73,98.8,6,4.988,0.04,348.27,2026-01-01 10:45:30,bnj_ptfe_701_plc,new994
701,2026-01-01 10:45:40,OP102,JOB1002,2,2,5.1,147.05,339.56,61.61,30.67,99,5,5.01,0.037,348.84,2026-01-01 10:45:40,bnj_ptfe_701_plc,new995
701,2026-01-01 10:45:50,OP102,JOB1002,2,1,4.08,149.82,340.95,58.33,28.11,99.2,4,5.025,0.034,351.46,2026-01-01 10:45:50,bnj_ptfe_701_plc,new996
701,2026-01-01 10:46:00,OP102,JOB1002,2,1,3.06,152.44,339.67,59.86,31.32,99.4,3,5.014,0.022,347.62,2026-01-01 10:46:00,bnj_ptfe_701_plc,new997
701,2026-01-01 10:46:10,OP102,JOB1002,2,1,2.04,145.26,338.16,57.35,31.28,99.6,2,5.045,0.023,348.26,2026-01-01 10:46:10,bnj_ptfe_701_plc,new998
701,2026-01-01 10:46:20,OP102,JOB1002,2,1,1.02,152.19,340.8,57.93,31.5,99.8,1,5.012,0.033,352.88,2026-01-01 10:46:20,bnj_ptfe_701_plc,new999
701,2026-01-01 10:46:30,OP102,JOB1002,2,1,0,146.94,338.51,62.66,29.15,100,0,5.013,0.039,351.12,2026-01-01 10:46:30,bnj_ptfe_701_plc,new1000