machine_unique_id,t_stamp_raw,opn_raw,job_nbr,ignition_run_number_raw,machine_state_nbr,cat_speed,bonnet_speed,clamp_pressure,exhaust_temp,die_temp,load_cell,mandrel_position,ram_position,ram_speed,vap_1_temp,vap_2_temp,sin_1_temp,sin_2_temp,sin_3_temp,sin_4_temp,sin_5_temp,zumbach_od,zumbach_ovality,barrel_temp,insert_date_raw,run_serial,catspeed_setpoint,zumbach_auto,sin_6_temp,ambient_temp,run_number,original_table_name
601,2026-01-01 08:00:00,OP101,JOB1001,,1,-0.29,0,146.38,219.57,340.04,59.45,31.27,0,0,120.81,121.5,372.67,378.78,373.85,375.85,374.56,5.029,0.033,351.14,2026-01-01 08:00:00,RS001,50,1,378.33,24.13,1,csc_ptfe_601_plc
601,2026-01-01 08:00:10,OP101,JOB1001,,1,1.64,2.04,146.44,218.77,339.03,59.08,31.47,0.2,2.08,120.12,122.44,374.67,376.19,372.47,379.67,374.63,5.045,0.025,351.66,2026-01-01 08:00:10,RS001,50,1,373.39,25.57,1,csc_ptfe_601_plc
601,2026-01-01 08:00:20,OP101,JOB1001,,1,3.84,4.09,146.6,219.8,341.76,57.83,29.97,0.4,4.17,120.87,121.33,375.62,373,373.22,374.42,375.28,5.022,0.039,350.84,2026-01-01 08:00:20,RS001,50,1,375.86,24.19,1,csc_ptfe_601_plc
601,2026-01-01 08:00:30,OP101,JOB1001,,2,6.34,6.12,149.43,220.2,340.48,62.45,29.23,0.6,6.25,118.37,120.07,373.79,375.18,372.82,375.32,373.64,4.976,0.034,347.81,2026-01-01 08:00:30,RS001,50,1,376.34,24.68,1,csc_ptfe_601_plc
601,2026-01-01 08:00:40,OP101,JOB1001,,2,7.94,8.16,149.56,219.76,340.09,58.22,31.41,0.8,8.33,118.02,121.45,372.45,376.12,374.81,379.26,375.84,5.019,0.032,352.82,2026-01-01 08:00:40,RS001,50,1,374.46,24.12,1,csc_ptfe_601_plc
601,2026-01-01 08:00:50,OP101,JOB1001,,2,10.56,10.21,151.19,217.07,341.66,58.4,29.02,1,10.42,120.68,120.75,375.49,376.62,374.58,374.74,372.51,5.04,0.024,348.13,2026-01-01 08:00:50,RS001,50,1,375.52,25.67,1,csc_ptfe_601_plc
601,2026-01-01 08:01:00,OP101,JOB1001,,2,13,12.25,146.28,220.24,341.5,59.81,28.42,1.2,12.5,121.31,119.16,377.84,373.77,371.43,377.27,373.53,5.005,0.021,347.69,2026-01-01 08:01:00,RS001,50,1,377.11,24.04,1,csc_ptfe_601_plc
601,2026-01-01 08:01:10,OP101,JOB1001,,2,14.1,14.29,148.29,219.5,338.64,58.11,29.22,1.4,14.58,121.01,121.07,374.47,377.62,376.03,379.89,372.35,4.993,0.026,350.28,2026-01-01 08:01:10,RS001,50,1,377.93,24.81,1,csc_ptfe_601_plc
601,2026-01-01 08:01:20,OP101,JOB1001,,2,16.91,16.34,146.8,221.56,340.68,58.85,28.67,1.6,16.67,119.77,120.16,376.14,377.61,376.52,375.49,374.05,5.049,0.02,347.51,2026-01-01 08:01:20,RS001,50,1,378.9,25.35,1,csc_ptfe_601_plc
601,2026-01-01 08:01:30,OP101,JOB1001,,2,18.69,18.38,150.84,219.4,339.9,59.68,29.52,1.8,18.75,120.33,122.24,377.01,374.19,371.89,375.27,373.14,4.964,0.033,347.18,2026-01-01 08:01:30,RS001,50,1,378.65,24.3,1,csc_ptfe_601_plc
601,2026-01-01 08:01:40,OP101,JOB1001,,2,21.08,20.41,152.17,222.49,339.14,58.24,31.8,2,20.83,121.59,121.03,377.56,374.43,372.92,378.47,376.46,5.037,0.022,351.87,2026-01-01 08:01:40,RS001,50,1,378.28,25.83,1,csc_ptfe_601_plc
601,2026-01-01 08:01:50,OP101,JOB1001,,2,23.31,22.46,152.31,221.77,338.46,62.38,28.05,2.2,22.92,118.02,119.99,374.88,377.86,371.55,377.75,374.47,5.021,0.04,347.8,2026-01-01 08:01:50,RS001,50,1,373.49,24.25,1,csc_ptfe_601_plc
601,2026-01-01 08:02:00,OP101,JOB1001,,2,24.65,24.5,153.48,222.26,339.61,57.84,30.37,2.4,25,119.34,119.92,375.4,377.66,375.83,376.8,377.05,5.013,0.039,347.93,2026-01-01 08:02:00,RS001,50,1,374.13,24.48,1,csc_ptfe_601_plc
601,2026-01-01 08:02:10,OP101,JOB1001,,2,27.54,26.54,151.05,217.26,339,58.67,31.11,2.61,27.08,120.28,120.92,375.35,377.05,371.28,375.71,374.44,4.963,0.033,348.97,2026-01-01 08:02:10,RS001,50,1,373.92,25.6,1,csc_ptfe_601_plc
601,2026-01-01 08:02:20,OP101,JOB1001,,2,29.07,28.59,152.2,218.26,341.59,62.07,30.53,2.81,29.17,119.63,121.45,377.25,378.31,374.62,374.61,374.86,4.97,0.022,348.09,2026-01-01 08:02:20,RS001,50,1,377.28,25.18,1,csc_ptfe_601_plc
601,2026-01-01 08:02:30,OP101,JOB1001,,2,31.44,30.62,150.52,218.79,339.15,60.98,29.87,3.01,31.25,119.75,121.79,373.85,375.21,372.14,377.49,376.79,5.046,0.021,352.5,2026-01-01 08:02:30,RS001,50,1,373.66,24.58,1,csc_ptfe_601_plc
601,2026-01-01 08:02:40,OP101,JOB1001,,2,33.29,32.66,148.47,218.09,338.52,59.25,30.65,3.21,33.33,121.22,119.37,376.85,376.4,373.35,379.73,372.56,4.993,0.024,347.55,2026-01-01 08:02:40,RS001,50,1,377,25.38,1,csc_ptfe_601_plc
601,2026-01-01 08:02:50,OP101,JOB1001,,2,35.16,34.71,149.47,222.94,341.09,61.84,29.03,3.41,35.42,121.98,121.17,376.38,377.75,376.06,379.87,373.49,5.011,0.036,351.66,2026-01-01 08:02:50,RS001,50,1,378.11,25.69,1,csc_ptfe_601_plc
601,2026-01-01 08:03:00,OP101,JOB1001,,2,37.64,36.75,154.44,220.18,340.1,60.39,31.77,3.61,37.5,120.72,119.97,375.95,375.23,374.66,378.27,376.22,5.05,0.026,348.33,2026-01-01 08:03:00,RS001,50,1,374.9,24.16,1,csc_ptfe_601_plc
601,2026-01-01 08:03:10,OP101,JOB1001,,2,40.05,38.79,147.72,222.08,339.38,62.07,28.61,3.81,39.58,119.51,122.38,376.05,375.45,374.43,379.36,377.93,5.037,0.032,348.84,2026-01-01 08:03:10,RS001,50,1,374.58,25.82,1,csc_ptfe_601_plc
601,2026-01-01 08:03:20,OP101,JOB1001,,2,42.06,40.84,148.98,222.89,341.41,57.33,31.14,4.01,41.67,118.32,119.69,372.19,376.33,371.33,375.13,374.19,4.977,0.033,348.69,2026-01-01 08:03:20,RS001,50,1,376.94,25.3,1,csc_ptfe_601_plc
601,2026-01-01 08:03:30,OP101,JOB1001,,2,43.42,42.88,151.41,220.59,341.05,60.59,31.28,4.21,43.75,119.72,121.44,374.79,375.6,374.41,376.05,376.58,4.994,0.021,351.11,2026-01-01 08:03:30,RS001,50,1,378.31,24.24,1,csc_ptfe_601_plc
601,2026-01-01 08:03:40,OP101,JOB1001,,2,45.72,44.91,152.03,217.69,338.78,62.15,30.96,4.41,45.83,119.57,121.36,375.2,373.98,372.02,375.04,374.38,4.992,0.021,352.31,2026-01-01 08:03:40,RS001,50,1,373.95,24.3,1,csc_ptfe_601_plc
601,2026-01-01 08:03:50,OP101,JOB1001,,2,47.67,46.96,152.82,222.27,341.84,59.9,31.31,4.61,47.92,119.02,121.1,376.56,377.77,371.5,376.21,375.73,4.99,0.031,349.14,2026-01-01 08:03:50,RS001,50,1,377.27,24.09,1,csc_ptfe_601_plc
601,2026-01-01 08:04:00,OP101,JOB1001,,2,50.18,49,152.31,220.03,340.83,61.37,30.55,4.81,50,121.18,120.32,375.69,375.47,376.99,375.3,372.9,4.966,0.035,349.38,2026-01-01 08:04:00,RS001,50,1,374.44,24.22,1,csc_ptfe_601_plc
601,2026-01-01 08:04:10,OP101,JOB1001,,2,50.7,49.31,149.85,222.85,340.55,61.63,30.33,5.01,50.32,119.64,122.2,375.83,376.78,374.01,375.04,375.43,5.05,0.038,349.43,2026-01-01 08:04:10,RS001,50,1,376.24,25.44,1,csc_ptfe_601_plc
601,2026-01-01 08:04:20,OP101,JOB1001,,2,50.33,48.96,153.71,220.01,341.84,60.56,31.7,5.21,49.96,121.01,121.6,374.07,376.81,372.96,375.21,373.76,4.977,0.024,347.54,2026-01-01 08:04:20,RS001,50,1,378.68,24.28,1,csc_ptfe_601_plc
601,2026-01-01 08:04:30,OP101,JOB1001,,2,50.2,48.93,146.47,220.14,341.72,62.45,29.29,5.41,49.93,120.75,120.04,375.24,376.6,375.29,377.63,372.15,5.002,0.027,349.41,2026-01-01 08:04:30,RS001,50,1,374.99,24.44,1,csc_ptfe_601_plc
601,2026-01-01 08:04:40,OP101,JOB1001,,2,49.19,48.64,151.77,221.56,338.29,62.42,31.18,5.61,49.63,118.32,122.43,375.01,376.15,376.29,379.78,375.2,5.039,0.03,351.68,2026-01-01 08:04:40,RS001,50,1,375.23,25.07,1,csc_ptfe_601_plc
601,2026-01-01 08:04:50,OP101,JOB1001,,2,50.41,49.23,148,222.95,341.4,62.86,28.65,5.81,50.23,120.97,121.55,376.23,376.38,371.97,378.72,377.04,5.032,0.037,348.65,2026-01-01 08:04:50,RS001,50,1,376.98,24.34,1,csc_ptfe_601_plc
601,2026-01-01 08:05:00,OP101,JOB1001,,2,49.84,48.59,145.71,221.52,340.14,61.63,29.48,6.01,49.58,120.06,119.62,376.85,377.06,373.67,379.55,373.08,5.042,0.038,351.18,2026-01-01 08:05:00,RS001,50,1,375.1,24.01,1,csc_ptfe_601_plc
601,2026-01-01 08:05:10,OP101,JOB1001,,2,49.56,48.48,150.27,221.77,341.95,61.99,28.55,6.21,49.47,121.77,119,377.06,376.12,374.66,375.12,374.14,4.983,0.031,347.75,2026-01-01 08:05:10,RS001,50,1,375.62,25.82,1,csc_ptfe_601_plc
601,2026-01-01 08:05:20,OP101,JOB1001,,2,49.87,48.95,152.96,222.29,341.27,60.26,29.18,6.41,49.95,120.47,120.09,372.62,373.93,373.86,375.93,377.34,4.966,0.036,349.06,2026-01-01 08:05:20,RS001,50,1,376.65,24.83,1,csc_ptfe_601_plc
601,2026-01-01 08:05:30,OP101,JOB1001,,2,49.72,48.43,147.32,219.58,338.12,61.56,30.23,6.61,49.42,119.02,122.79,372.23,373.57,374.2,374.12,374.64,4.974,0.023,347.75,2026-01-01 08:05:30,RS001,50,1,378.39,25.46,1,csc_ptfe_601_plc
601,2026-01-01 08:05:40,OP101,JOB1001,,2,49.8,48.72,151.83,221.5,339.04,62.41,28.88,6.81,49.71,118.13,121.28,373.93,377.9,376.53,378.21,377.28,5.035,0.021,347.46,2026-01-01 08:05:40,RS001,50,1,378.18,24.09,1,csc_ptfe_601_plc
601,2026-01-01 08:05:50,OP101,JOB1001,,2,50.39,49.31,151.23,218.39,340.5,59.23,28.04,7.01,50.32,121.6,122.61,377.18,378.25,374.81,376.91,373.55,4.953,0.036,348.02,2026-01-01 08:05:50,RS001,50,1,374.14,24.13,1,csc_ptfe_601_plc
601,2026-01-01 08:06:00,OP101,JOB1001,,2,49.6,49.07,148.11,218.73,341.24,62.43,28.5,7.21,50.07,118.61,120.25,374.88,373.62,375.2,376.47,377.96,5.004,0.025,347.45,2026-01-01 08:06:00,RS001,50,1,378.87,24.08,1,csc_ptfe_601_plc
601,2026-01-01 08:06:10,OP101,JOB1001,,2,49.91,48.64,153.18,219.37,341.42,60.52,29.74,7.41,49.63,120.5,122.15,372.15,376.86,371.07,379.5,372.44,5.031,0.036,351.45,2026-01-01 08:06:10,RS001,50,1,378.82,24.07,1,csc_ptfe_601_plc
601,2026-01-01 08:06:20,OP101,JOB1001,,2,49.69,49.14,146.96,219.71,341.71,60.05,30.72,7.62,50.14,121.48,121.12,372.48,378.83,371.33,375.12,375.43,5.012,0.033,348.15,2026-01-01 08:06:20,RS001,50,1,378.87,24.73,1,csc_ptfe_601_plc
601,2026-01-01 08:06:30,OP101,JOB1001,,2,50.01,49.21,154.47,218.43,338.27,57.56,28.58,7.82,50.21,119.3,121.27,376.36,373.97,375.03,375.82,372.1,5.041,0.036,351.74,2026-01-01 08:06:30,RS001,50,1,377.45,24.19,1,csc_ptfe_601_plc
601,2026-01-01 08:06:40,OP101,JOB1001,,2,49.95,49.21,151.4,218.28,338.4,62.47,30.64,8.02,50.21,118.62,119.19,377.82,376.11,375.88,377.33,375.9,5.025,0.026,352.72,2026-01-01 08:06:40,RS001,50,1,376.55,25.69,1,csc_ptfe_601_plc
601,2026-01-01 08:06:50,OP101,JOB1001,,2,50.37,49.1,154.37,217.48,340.3,62.73,30.08,8.22,50.1,118.65,122.83,375.34,374.67,371.25,377.84,375.8,4.963,0.038,349.21,2026-01-01 08:06:50,RS001,50,1,375.32,25.49,1,csc_ptfe_601_plc
601,2026-01-01 08:07:00,OP101,JOB1001,,2,49.9,48.86,151.18,218.22,340.72,62.77,30.47,8.42,49.86,119.57,121.36,376.53,374.21,372.2,378.96,376.49,4.955,0.028,349.65,2026-01-01 08:07:00,RS001,50,1,378.51,24.36,1,csc_ptfe_601_plc
601,2026-01-01 08:07:10,OP101,JOB1001,,2,51.21,49.71,145.18,218.1,339.13,58.47,31.48,8.62,50.72,120.18,122.83,377.6,375.93,374.1,377.93,375.62,4.978,0.022,347.37,2026-01-01 08:07:10,RS001,50,1,377.5,24.9,1,csc_ptfe_601_plc
601,2026-01-01 08:07:20,OP101,JOB1001,,2,49.98,49.3,145.05,220.04,341.24,58.04,31.19,8.82,50.31,119.12,122.46,372.11,376.65,372.38,374.34,377.56,5.004,0.032,350.39,2026-01-01 08:07:20,RS001,50,1,377.9,24.41,1,csc_ptfe_601_plc
601,2026-01-01 08:07:30,OP101,JOB1001,,2,49.6,48.27,146.62,221.41,340.96,59.19,29.39,9.02,49.25,120.77,121.68,373.62,376.96,372.53,378.03,375,4.95,0.04,350.02,2026-01-01 08:07:30,RS001,50,1,377.27,24.76,1,csc_ptfe_601_plc
601,2026-01-01 08:07:40,OP101,JOB1001,,2,49.39,48.89,145.91,218.44,340.58,62.53,28.37,9.22,49.89,120.78,120.33,373.46,378.99,371.47,377.6,376.14,4.955,0.031,350.61,2026-01-01 08:07:40,RS001,50,1,374.18,25.81,1,csc_ptfe_601_plc
601,2026-01-01 08:07:50,OP101,JOB1001,,2,49.88,49.05,148.68,218.91,339.94,61.52,31.48,9.42,50.05,121.09,122.98,374.07,378.76,371.5,375.62,374.84,5.032,0.021,349.6,2026-01-01 08:07:50,RS001,50,1,373.81,25.14,1,csc_ptfe_601_plc
601,2026-01-01 08:08:00,OP101,JOB1001,,2,50.13,49.27,152.99,217.44,339.24,57.33,29.48,9.62,50.28,121.27,120.17,372.76,377.54,375.87,377.93,377.41,4.951,0.025,352.78,2026-01-01 08:08:00,RS001,50,1,376.72,24.06,1,csc_ptfe_601_plc
601,2026-01-01 08:08:10,OP101,JOB1001,,2,49.39,48.64,149.7,217.15,338.2,57.12,29.41,9.82,49.63,119.1,119.76,373.56,377.14,376.28,375.46,377.55,4.993,0.035,349.61,2026-01-01 08:08:10,RS001,50,1,374.38,24.95,1,csc_ptfe_601_plc
601,2026-01-01 08:08:20,OP101,JOB1001,,2,49.1,48.38,152.97,218.56,339.27,60.43,28.64,10.02,49.37,120.03,122.6,376.49,378.36,375.4,374.07,372.78,4.959,0.03,349.62,2026-01-01 08:08:20,RS001,50,1,378.32,25.1,1,csc_ptfe_601_plc
601,2026-01-01 08:08:30,OP101,JOB1001,,2,50.29,49.64,152.38,221.45,340.42,61.73,28.87,10.22,50.65,118.16,119.06,376.2,377.11,375.61,379.9,377.3,5.007,0.037,347.49,2026-01-01 08:08:30,RS001,50,1,378.28,25.4,1,csc_ptfe_601_plc
601,2026-01-01 08:08:40,OP101,JOB1001,,2,50.01,49.34,148.02,220.4,338.3,62.85,30.6,10.42,50.35,119.21,120.62,375.34,378.96,376.6,375.76,372.22,5.037,0.029,348.56,2026-01-01 08:08:40,RS001,50,1,374.27,24.14,1,csc_ptfe_601_plc
601,2026-01-01 08:08:50,OP101,JOB1001,,2,50.85,49.64,150.5,221.16,340.79,58.3,31.67,10.62,50.65,118.56,120.16,372.2,378.67,375.46,374.1,377.63,5.028,0.028,350.3,2026-01-01 08:08:50,RS001,50,1,374.2,24.7,1,csc_ptfe_601_plc
601,2026-01-01 08:09:00,OP101,JOB1001,,2,50.26,49.47,149.44,217.65,341.48,62.84,29.7,10.82,50.48,118.94,119.6,377.78,373.65,371.46,377.95,372.12,5.012,0.026,348.83,2026-01-01 08:09:00,RS001,50,1,378.15,24.12,1,csc_ptfe_601_plc
601,2026-01-01 08:09:10,OP101,JOB1001,,2,49.61,48.48,145.13,220.9,338.35,61.21,28.24,11.02,49.47,118.15,121.15,373.31,374.57,373.52,375.34,377.89,5.012,0.021,348.45,2026-01-01 08:09:10,RS001,50,1,377.56,25.06,1,csc_ptfe_601_plc
601,2026-01-01 08:09:20,OP101,JOB1001,,2,50.09,49.28,151.04,219.82,341.51,57.2,30.11,11.22,50.29,118.01,119.75,375.43,374.05,371.33,374.7,373.51,4.956,0.021,347.61,2026-01-01 08:09:20,RS001,50,1,378.04,25.49,1,csc_ptfe_601_plc
601,2026-01-01 08:09:30,OP101,JOB1001,,2,49.86,49.23,145.51,217.8,339.29,62.61,30.46,11.42,50.23,120.05,120.02,376.76,377.78,371.81,377.85,372.39,4.97,0.027,347.32,2026-01-01 08:09:30,RS001,50,1,377.34,24.22,1,csc_ptfe_601_plc
601,2026-01-01 08:09:40,OP101,JOB1001,,2,50.16,49.35,148.51,220.9,339.6,62.99,28.27,11.62,50.36,121.22,121.21,373.83,373.58,373.48,375.31,373,5.031,0.027,349.77,2026-01-01 08:09:40,RS001,50,1,375.67,24.6,1,csc_ptfe_601_plc
601,2026-01-01 08:09:50,OP101,JOB1001,,2,49.8,48.92,146.42,221.93,338.36,57.61,31.45,11.82,49.92,120.78,120.74,377.97,377.29,376,375.81,376.42,5.032,0.029,352.97,2026-01-01 08:09:50,RS001,50,1,375.54,24.65,1,csc_ptfe_601_plc
601,2026-01-01 08:10:00,OP101,JOB1001,,2,50.91,49.56,150.42,218.93,339.13,57.56,31.88,12.02,50.57,118.93,120.39,374.6,377.23,371.12,378.07,377.85,4.953,0.038,351.69,2026-01-01 08:10:00,RS001,50,1,373.15,25.85,1,csc_ptfe_601_plc
601,2026-01-01 08:10:10,OP101,JOB1001,,2,49.77,48.84,146.62,218.66,341.07,58.33,31.54,12.22,49.84,120.52,121.09,376.03,377.56,376.01,374.06,377.44,5.042,0.028,348.02,2026-01-01 08:10:10,RS001,50,1,374.87,24.24,1,csc_ptfe_601_plc
601,2026-01-01 08:10:20,OP101,JOB1001,,2,50.1,49.15,150.8,220.42,338.14,62.86,29.87,12.42,50.15,121.72,121.57,377.88,374.04,371.38,377.5,372.06,4.971,0.039,351.26,2026-01-01 08:10:20,RS001,50,1,377.39,25.85,1,csc_ptfe_601_plc
601,2026-01-01 08:10:30,OP101,JOB1001,,2,49.39,48.58,153.35,222.36,339.17,58.17,28.84,12.63,49.57,118.98,122.88,375.28,374.48,376.5,376.97,374.31,4.996,0.028,352.3,2026-01-01 08:10:30,RS001,50,1,375.17,25.91,1,csc_ptfe_601_plc
601,2026-01-01 08:10:40,OP101,JOB1001,,2,50.72,49.61,145.94,217.21,338.06,61.51,28.09,12.83,50.62,121.35,119.01,372.25,373.62,376.33,379.77,374.24,5.05,0.022,348.22,2026-01-01 08:10:40,RS001,50,1,378.81,24.32,1,csc_ptfe_601_plc
601,2026-01-01 08:10:50,OP101,JOB1001,,2,50.44,49.45,148.24,218.19,341.5,61.54,30.82,13.03,50.46,119.67,119,372.53,375.89,371.75,378.5,372.38,4.991,0.021,352.95,2026-01-01 08:10:50,RS001,50,1,378.03,24.51,1,csc_ptfe_601_plc
601,2026-01-01 08:11:00,OP101,JOB1001,,2,50.41,49.59,154.31,219.82,340.23,58,29.68,13.23,50.6,121.44,122.54,372.42,375.3,375.43,375.33,375.96,4.984,0.024,348.27,2026-01-01 08:11:00,RS001,50,1,377.52,25.55,1,csc_ptfe_601_plc
601,2026-01-01 08:11:10,OP101,JOB1001,,2,50.41,48.92,149.36,222.92,340.38,57.41,29.83,13.43,49.92,118.56,122.23,372.4,375.46,375.49,375.68,376.24,4.961,0.023,350.02,2026-01-01 08:11:10,RS001,50,1,376.74,25.95,1,csc_ptfe_601_plc
601,2026-01-01 08:11:20,OP101,JOB1001,,2,50.5,49.21,145.15,219.81,341.57,61.28,28.13,13.63,50.21,118.3,120.06,373.59,378.28,375.38,376.8,376.54,5,0.026,351.31,2026-01-01 08:11:20,RS001,50,1,378.71,25.13,1,csc_ptfe_601_plc
601,2026-01-01 08:11:30,OP101,JOB1001,,2,49.23,48.4,150.22,220.36,341.58,59.34,28.34,13.83,49.39,119.39,120.57,373.52,377.66,373.11,374.21,372.55,5.014,0.035,349.93,2026-01-01 08:11:30,RS001,50,1,378.02,24.82,1,csc_ptfe_601_plc
601,2026-01-01 08:11:40,OP101,JOB1001,,2,50.41,48.97,154.16,220.28,341.87,61.89,30.32,14.03,49.97,119.86,122.66,372.19,378.38,372.37,374.98,372.11,4.955,0.021,352.67,2026-01-01 08:11:40,RS001,50,1,378.39,25.63,1,csc_ptfe_601_plc
601,2026-01-01 08:11:50,OP101,JOB1001,,2,50.51,49.28,145.9,217.53,339.95,61.92,28.29,14.23,50.29,121.14,119.5,375.17,376.13,374.21,374.88,375.15,5.016,0.039,347.98,2026-01-01 08:11:50,RS001,50,1,376.7,24.38,1,csc_ptfe_601_plc
601,2026-01-01 08:12:00,OP101,JOB1001,,2,50.67,49.56,149.2,222.44,340.54,59.64,30.28,14.43,50.57,120.93,122.93,373.75,376.59,374.72,379.56,372.54,4.963,0.033,350.18,2026-01-01 08:12:00,RS001,50,1,376.37,25.46,1,csc_ptfe_601_plc
601,2026-01-01 08:12:10,OP101,JOB1001,,2,49.71,48.35,147.51,222.39,341.93,57.45,31.07,14.63,49.34,119.54,120.58,377.35,374.09,374.9,378.78,374.94,4.974,0.022,352.47,2026-01-01 08:12:10,RS001,50,1,375.49,24.71,1,csc_ptfe_601_plc
601,2026-01-01 08:12:20,OP101,JOB1001,,2,49.69,48.7,154.63,220.84,339.28,61.31,31.04,14.83,49.69,121.25,121.09,373.85,377.2,373.92,377.93,376.16,4.99,0.025,352.78,2026-01-01 08:12:20,RS001,50,1,378.36,25.92,1,csc_ptfe_601_plc
601,2026-01-01 08:12:30,OP101,JOB1001,,2,50.48,49.09,150.74,222.72,339.03,58.44,31.84,15.03,50.09,118.21,119.16,372.11,374.62,375.87,378.86,375.73,4.966,0.034,349.93,2026-01-01 08:12:30,RS001,50,1,375.15,25.77,1,csc_ptfe_601_plc
601,2026-01-01 08:12:40,OP101,JOB1001,,2,49.87,49.24,150.42,218.51,340.33,62.47,31.68,15.23,50.25,118.57,122.5,373.47,378.6,375.41,379.08,374.1,5.001,0.032,350.63,2026-01-01 08:12:40,RS001,50,1,374.62,25.68,1,csc_ptfe_601_plc
601,2026-01-01 08:12:50,OP101,JOB1001,,2,49.45,48.31,153.12,220.87,341.67,58.48,28.8,15.43,49.3,120.5,122.53,373.12,373.41,373.42,377.69,372.66,4.96,0.035,347.3,2026-01-01 08:12:50,RS001,50,1,376.2,25.32,1,csc_ptfe_601_plc
601,2026-01-01 08:13:00,OP101,JOB1001,,2,49.84,48.51,153.67,217.54,340.29,62.43,29.73,15.63,49.5,120.72,122.62,377.74,376.5,371.41,379.59,375.59,5.042,0.021,350.61,2026-01-01 08:13:00,RS001,50,1,377.18,25.24,1,csc_ptfe_601_plc
601,2026-01-01 08:13:10,OP101,JOB1001,,2,51.12,49.71,154.27,220.39,340.61,62.07,31.72,15.83,50.72,121.17,121.47,377.71,373.43,376.45,378.52,374.32,4.99,0.034,350.69,2026-01-01 08:13:10,RS001,50,1,373.93,25.95,1,csc_ptfe_601_plc
601,2026-01-01 08:13:20,OP101,JOB1001,,2,50.85,49.41,145.02,220.37,340.26,60.86,30,16.03,50.42,120.76,122.93,372.24,374.26,373.68,376.47,376.3,4.984,0.036,351.71,2026-01-01 08:13:20,RS001,50,1,376.74,24.42,1,csc_ptfe_601_plc
601,2026-01-01 08:13:30,OP101,JOB1001,,2,49.24,48.42,154.44,219.75,340.1,58.3,30.48,16.23,49.41,119.57,120.39,376.52,374.96,376.77,374.25,372.09,5.031,0.034,351.51,2026-01-01 08:13:30,RS001,50,1,377.35,25.89,1,csc_ptfe_601_plc
601,2026-01-01 08:13:40,OP101,JOB1001,,2,50.01,48.54,148.5,217.24,338.96,62.12,29.53,16.43,49.53,118.25,119.31,376.28,377.01,374,375.39,373.16,4.983,0.029,351.73,2026-01-01 08:13:40,RS001,50,1,378.71,25.44,1,csc_ptfe_601_plc
601,2026-01-01 08:13:50,OP101,JOB1001,,2,50.54,49.45,150.2,217.08,339.59,58.42,30.68,16.63,50.46,118.88,122.86,377.38,375.89,372.32,377.36,377.76,4.978,0.034,350.63,2026-01-01 08:13:50,RS001,50,1,376.67,24.03,1,csc_ptfe_601_plc
601,2026-01-01 08:14:00,OP101,JOB1001,,2,50.5,49.42,151.85,222.11,341.94,60.04,30.86,16.83,50.43,119.51,120.29,372.76,374.5,373.79,379.04,377.61,5.012,0.025,347.6,2026-01-01 08:14:00,RS001,50,1,374.79,24.65,1,csc_ptfe_601_plc
601,2026-01-01 08:14:10,OP101,JOB1001,,2,49.65,48.73,146.32,219.05,340.62,60.45,30.04,17.03,49.72,121.03,119.77,377.47,376.84,372.89,376.36,374.84,5.008,0.031,352.19,2026-01-01 08:14:10,RS001,50,1,373.95,24.64,1,csc_ptfe_601_plc
601,2026-01-01 08:14:20,OP101,JOB1001,,2,49.73,48.78,154.27,221.31,340.41,60.55,31.95,17.23,49.78,118.13,120.5,373.38,373.63,376.77,375.79,376.02,4.958,0.033,347.63,2026-01-01 08:14:20,RS001,50,1,376.11,24.3,1,csc_ptfe_601_plc
601,2026-01-01 08:14:30,OP101,JOB1001,,2,50.42,49.74,145.48,217.77,341.1,60.53,29.68,17.43,50.76,120.5,120.28,377.05,375.32,372.7,378.42,377.92,4.955,0.038,348.24,2026-01-01 08:14:30,RS001,50,1,375.06,25.52,1,csc_ptfe_601_plc
601,2026-01-01 08:14:40,OP101,JOB1001,,2,49.91,48.7,152.75,222.49,340.66,62.5,28.4,17.64,49.69,121.05,120.2,374.72,375.56,374.57,376.01,377.66,4.997,0.036,347.74,2026-01-01 08:14:40,RS001,50,1,373.82,24.27,1,csc_ptfe_601_plc
601,2026-01-01 08:14:50,OP101,JOB1001,,2,49,48.32,153.27,221.25,339.9,58.09,31.55,17.84,49.31,121.35,122.46,373.78,374.45,372.58,376.7,375.43,4.982,0.027,348.44,2026-01-01 08:14:50,RS001,50,1,374.23,25.21,1,csc_ptfe_601_plc
601,2026-01-01 08:15:00,OP101,JOB1001,,2,49.93,49.07,146.19,222.8,338.63,58.24,28.01,18.04,50.07,118.21,119.25,376.82,377.72,371.92,378.3,375.76,4.964,0.032,352.26,2026-01-01 08:15:00,RS001,50,1,376.19,25.98,1,csc_ptfe_601_plc
601,2026-01-01 08:15:10,OP101,JOB1001,,2,49.36,48.59,151.16,222.47,340.64,60.25,28.37,18.24,49.58,118.72,121.44,373.25,377.95,375.83,376.03,373.49,5.017,0.033,352.11,2026-01-01 08:15:10,RS001,50,1,376.75,24.18,1,csc_ptfe_601_plc
601,2026-01-01 08:15:20,OP101,JOB1001,,2,50.71,49.49,147.34,218.19,341.33,61.19,29.57,18.44,50.5,118.07,121.88,377.76,374.36,371.99,377.68,374.7,5.011,0.039,351.5,2026-01-01 08:15:20,RS001,50,1,378.67,25.97,1,csc_ptfe_601_plc
601,2026-01-01 08:15:30,OP101,JOB1001,,2,48.87,48.33,145.28,222.87,340.94,58.78,29.88,18.64,49.32,121.25,119.45,372.82,375.1,371.02,374.24,376.53,4.954,0.032,348.25,2026-01-01 08:15:30,RS001,50,1,378.25,24.47,1,csc_ptfe_601_plc
601,2026-01-01 08:15:40,OP101,JOB1001,,2,50.58,49.58,154.74,217.49,341.71,59.35,29.09,18.84,50.59,119.01,120.31,374.64,378.32,372.09,379.15,375.12,4.97,0.022,347.21,2026-01-01 08:15:40,RS001,50,1,377.84,25.99,1,csc_ptfe_601_plc
601,2026-01-01 08:15:50,OP101,JOB1001,,2,49.39,48.8,145.72,217.99,339.25,62.19,30.05,19.04,49.8,122,122.03,376.15,375.12,371.24,374.61,375.49,5.037,0.037,351.43,2026-01-01 08:15:50,RS001,50,1,377.89,24.57,1,csc_ptfe_601_plc
601,2026-01-01 08:16:00,OP101,JOB1001,,2,50.45,49.38,151.27,217.1,341.11,57.79,30.03,19.24,50.39,120.37,119.9,375.44,376.95,375.57,374.92,375.38,5.008,0.02,348.02,2026-01-01 08:16:00,RS001,50,1,378.1,24.57,1,csc_ptfe_601_plc
601,2026-01-01 08:16:10,OP101,JOB1001,,2,50.39,48.89,145.2,220.33,340.81,59.5,29.17,19.44,49.89,119.19,122.27,376.52,377.7,375.5,377.33,372.05,5.006,0.027,352.42,2026-01-01 08:16:10,RS001,50,1,373.99,24.74,1,csc_ptfe_601_plc
601,2026-01-01 08:16:20,OP101,JOB1001,,2,50.14,49.62,148.02,220.15,340.68,62.7,28.58,19.64,50.63,118.49,119.68,374.42,375.47,373.27,378.82,377.47,5.018,0.023,348.55,2026-01-01 08:16:20,RS001,50,1,376.65,24.99,1,csc_ptfe_601_plc
601,2026-01-01 08:16:30,OP101,JOB1001,,2,49.6,48.59,154.61,217.4,340.32,58.68,28.33,19.84,49.58,121.86,120.06,375.24,375.42,374.56,375.35,376.36,4.981,0.024,351.39,2026-01-01 08:16:30,RS001,50,1,376.48,25.81,1,csc_ptfe_601_plc
601,2026-01-01 08:16:40,OP101,JOB1001,,2,50.57,49.35,151.04,218.27,339.59,59.57,29.99,20.04,50.36,119.34,119.09,377.57,377.64,375.4,375.11,373.63,4.982,0.025,347.67,2026-01-01 08:16:40,RS001,50,1,378.62,25.16,1,csc_ptfe_601_plc
601,2026-01-01 08:16:50,OP101,JOB1001,,2,50.63,49.31,154.66,219.71,341.31,60.22,29.31,20.24,50.32,120.8,119.26,374.87,375.36,371.32,374.49,376.65,5.024,0.024,351.08,2026-01-01 08:16:50,RS001,50,1,375.87,24.51,1,csc_ptfe_601_plc
601,2026-01-01 08:17:00,OP101,JOB1001,,2,48.78,48.27,145.06,220.66,340.95,60.01,29.03,20.44,49.25,120.43,120.84,372.15,375.96,371.91,377.29,376.74,5.015,0.033,350.61,2026-01-01 08:17:00,RS001,50,1,377.79,24.02,1,csc_ptfe_601_plc
601,2026-01-01 08:17:10,OP101,JOB1001,,2,50.81,49.54,153.83,218.54,338.9,61.63,28.88,20.64,50.55,118.71,122.24,376.6,378.81,374.5,377.79,375.66,5.024,0.026,352.43,2026-01-01 08:17:10,RS001,50,1,376.35,25.96,1,csc_ptfe_601_plc
601,2026-01-01 08:17:20,OP101,JOB1001,,2,49.9,48.49,153.38,221.23,341.46,57.33,29.45,20.84,49.48,119.77,120.22,373.73,374.32,375.53,379.12,377.51,5.039,0.03,352.79,2026-01-01 08:17:20,RS001,50,1,375.55,25.19,1,csc_ptfe_601_plc
601,2026-01-01 08:17:30,OP101,JOB1001,,2,50.25,49.6,152.91,219.51,341.65,59.16,31.19,21.04,50.61,121.43,120.91,373.19,377.1,371.17,376.28,375.45,4.954,0.04,351.02,2026-01-01 08:17:30,RS001,50,1,375.15,24.09,1,csc_ptfe_601_plc
601,2026-01-01 08:17:40,OP101,JOB1001,,2,50.1,49.48,146.09,218.21,338.58,62.77,30.69,21.24,50.49,120.12,120.63,376.4,377.21,372.35,376.33,374.73,4.963,0.032,350.07,2026-01-01 08:17:40,RS001,50,1,373.18,24.45,1,csc_ptfe_601_plc
601,2026-01-01 08:17:50,OP101,JOB1001,,2,49.35,48.29,150.16,221.39,341.83,57.79,28.8,21.44,49.28,121.62,120.23,377.38,375.9,375.49,375.35,376.53,5.017,0.022,351.57,2026-01-01 08:17:50,RS001,50,1,376.17,24.25,1,csc_ptfe_601_plc
601,2026-01-01 08:18:00,OP101,JOB1001,,2,50.51,49.47,149.69,218.37,339.04,60.12,28.85,21.64,50.48,119.75,121.63,376.22,374.6,376.94,378.99,375.63,5.03,0.02,348.41,2026-01-01 08:18:00,RS001,50,1,375.38,24.37,1,csc_ptfe_601_plc
601,2026-01-01 08:18:10,OP101,JOB1001,,2,49.16,48.37,153.13,217.82,338.68,57.05,29.94,21.84,49.36,118.89,121.63,377.98,375.91,374.34,375.51,372.82,4.961,0.035,352.68,2026-01-01 08:18:10,RS001,50,1,377.84,24.9,1,csc_ptfe_601_plc
601,2026-01-01 08:18:20,OP101,JOB1001,,2,49.58,48.76,151.79,219.86,339.02,60.73,30.08,22.04,49.75,118.05,119.55,374.85,375.23,373.86,379.62,372.33,5.048,0.022,349.29,2026-01-01 08:18:20,RS001,50,1,377.54,25.88,1,csc_ptfe_601_plc
601,2026-01-01 08:18:30,OP101,JOB1001,,2,49.89,49.37,145.85,221.86,338.43,60.33,31.55,22.24,50.38,119.96,121.53,377.34,377.32,376.93,375.92,377.62,5.029,0.032,350.37,2026-01-01 08:18:30,RS001,50,1,378.02,24.02,1,csc_ptfe_601_plc
601,2026-01-01 08:18:40,OP101,JOB1001,,2,51.24,49.74,147.77,218.57,338.02,62.42,28.25,22.44,50.76,120.66,119.15,373.43,374.63,376.23,379.32,376.7,5.032,0.036,349.95,2026-01-01 08:18:40,RS001,50,1,377.5,24.38,1,csc_ptfe_601_plc
601,2026-01-01 08:18:50,OP101,JOB1001,,2,50.06,49.04,149.4,220.31,338.75,62.18,28.44,22.65,50.04,119.44,120.55,377.31,376.46,371.66,375.6,376.97,5.039,0.02,347.34,2026-01-01 08:18:50,RS001,50,1,376.88,25.8,1,csc_ptfe_601_plc
601,2026-01-01 08:19:00,OP101,JOB1001,,2,50.13,49.15,153.99,222.12,338.55,59.3,30.8,22.85,50.15,121.61,120.18,376.62,375.61,373.11,375.36,373.06,5.017,0.037,351.52,2026-01-01 08:19:00,RS001,50,1,376.67,24.21,1,csc_ptfe_601_plc
601,2026-01-01 08:19:10,OP101,JOB1001,,2,50.29,49.62,152.18,221.22,339.9,60.14,30.04,23.05,50.63,119.35,122.75,377.05,376.26,376.23,377.24,373.36,5.031,0.026,350.17,2026-01-01 08:19:10,RS001,50,1,373.33,25.28,1,csc_ptfe_601_plc
601,2026-01-01 08:19:20,OP101,JOB1001,,2,49.36,48.61,146.92,217.07,338.2,62.17,28.2,23.25,49.6,121.95,121.91,376.78,378.08,371.14,376.79,374.49,5.032,0.033,349.27,2026-01-01 08:19:20,RS001,50,1,377.48,24.57,1,csc_ptfe_601_plc
601,2026-01-01 08:19:30,OP101,JOB1001,,2,50.32,49.49,147.2,221.92,338.67,59.94,30.01,23.45,50.5,120.91,120.45,374.46,373.59,373.86,378.25,377.57,4.989,0.03,349.32,2026-01-01 08:19:30,RS001,50,1,374.12,25.9,1,csc_ptfe_601_plc
601,2026-01-01 08:19:40,OP101,JOB1001,,2,50.92,49.76,152.81,219.49,338.82,60.47,28.03,23.65,50.78,119.77,120.22,373.78,373.55,373.36,377.2,372.74,5.023,0.022,349.32,2026-01-01 08:19:40,RS001,50,1,377.37,25.81,1,csc_ptfe_601_plc
601,2026-01-01 08:19:50,OP101,JOB1001,,2,50.25,49.47,148.09,220.9,340.41,58.84,31.69,23.85,50.48,119.69,122.27,372.38,375.69,375.4,376.52,374.97,5.042,0.028,350.64,2026-01-01 08:19:50,RS001,50,1,376.74,24.11,1,csc_ptfe_601_plc
601,2026-01-01 08:20:00,OP101,JOB1001,,2,49.62,48.73,146,219.56,338.83,62.63,29.53,24.05,49.72,119.08,121.13,376.16,378.01,375.5,379.72,374.95,4.972,0.025,347.02,2026-01-01 08:20:00,RS001,50,1,377.87,25.75,1,csc_ptfe_601_plc
601,2026-01-01 08:20:10,OP101,JOB1001,,2,48.97,48.44,149.88,220.03,341.17,58.08,31.17,24.25,49.43,121.53,122.32,375.06,376.22,375.05,377.16,372.31,4.982,0.025,347,2026-01-01 08:20:10,RS001,50,1,377.02,24.62,1,csc_ptfe_601_plc
601,2026-01-01 08:20:20,OP101,JOB1001,,2,50.23,49.05,147.83,217.65,341.34,57.08,31.52,24.45,50.05,118.31,122.7,374.7,374.23,374.99,377.15,378,4.96,0.033,349.39,2026-01-01 08:20:20,RS001,50,1,376.07,25.31,1,csc_ptfe_601_plc
601,2026-01-01 08:20:30,OP101,JOB1001,,2,49.9,49.18,145.98,218.27,339.22,57.42,29.21,24.65,50.18,118.16,119.44,376.5,376.24,376.1,375.83,377.23,5.049,0.037,350.32,2026-01-01 08:20:30,RS001,50,1,377.34,24.54,1,csc_ptfe_601_plc
601,2026-01-01 08:20:40,OP101,JOB1001,,2,50.28,48.97,149,219.05,340.6,58.1,30.4,24.85,49.97,121.88,120.22,374.92,373.52,376.76,378.89,373.9,4.98,0.032,352.35,2026-01-01 08:20:40,RS001,50,1,376.89,24.61,1,csc_ptfe_601_plc
601,2026-01-01 08:20:50,OP101,JOB1001,,2,50.11,49.43,151.62,218.28,341.93,57.15,29.74,25.05,50.44,119.13,121.43,373.02,375.89,376.38,378.94,377.95,5.031,0.022,352.55,2026-01-01 08:20:50,RS001,50,1,378.23,25.34,1,csc_ptfe_601_plc
601,2026-01-01 08:21:00,OP101,JOB1001,,2,49.56,48.8,148.03,219.3,340.02,60.99,29.24,25.25,49.8,118.95,121.71,377.28,377.23,373.77,379.89,376.67,4.956,0.037,348.28,2026-01-01 08:21:00,RS001,50,1,378.51,24.56,1,csc_ptfe_601_plc
601,2026-01-01 08:21:10,OP101,JOB1001,,2,50.33,49.51,149.68,221.43,340.64,60.13,28.61,25.45,50.52,121.56,120.37,377.01,378.19,371.38,376.06,376.51,4.989,0.036,347.88,2026-01-01 08:21:10,RS001,50,1,374.23,25,1,csc_ptfe_601_plc
601,2026-01-01 08:21:20,OP101,JOB1001,,2,50.46,49.71,152.12,222.36,341.08,62.45,29.08,25.65,50.72,122,121.65,376.59,374.52,376.62,378.22,377.52,4.985,0.024,347.58,2026-01-01 08:21:20,RS001,50,1,373.5,24.29,1,csc_ptfe_601_plc
601,2026-01-01 08:21:30,OP101,JOB1001,,2,50.8,49.58,152.87,219.22,340.08,61.44,28.32,25.85,50.59,119.24,122.34,374.5,373.19,375.41,378.39,373.06,4.951,0.036,352.86,2026-01-01 08:21:30,RS001,50,1,378.48,24.25,1,csc_ptfe_601_plc
601,2026-01-01 08:21:40,OP101,JOB1001,,2,50.71,49.37,149.72,217.47,341.14,60.5,28.97,26.05,50.38,120.96,119.54,376.11,377.32,371.43,378.37,372.45,4.951,0.024,347.82,2026-01-01 08:21:40,RS001,50,1,374.24,25.05,1,csc_ptfe_601_plc
601,2026-01-01 08:21:50,OP101,JOB1001,,2,49.85,49.01,149.37,220.22,339.66,58.49,29.16,26.25,50.01,120.31,122.76,372.52,373.84,376.06,377.09,374.88,4.968,0.032,349.06,2026-01-01 08:21:50,RS001,50,1,376.75,25.44,1,csc_ptfe_601_plc
601,2026-01-01 08:22:00,OP101,JOB1001,,2,50.5,49.38,154.14,217.76,339.56,62.41,28.01,26.45,50.39,121.37,122.03,373.38,373.09,374.43,376.38,376.87,5.033,0.027,352.16,2026-01-01 08:22:00,RS001,50,1,375.18,24.49,1,csc_ptfe_601_plc
601,2026-01-01 08:22:10,OP101,JOB1001,,2,50.18,48.74,150.88,222.51,340.63,59.23,31.47,26.65,49.73,119.31,121.35,374.5,373.96,374.28,379.75,377.73,4.977,0.037,350.61,2026-01-01 08:22:10,RS001,50,1,377.85,25.9,1,csc_ptfe_601_plc
601,2026-01-01 08:22:20,OP101,JOB1001,,2,51.11,49.69,147.59,220.51,338.49,61.06,29.09,26.85,50.7,121.45,119.17,375.52,375.76,375.13,377.12,373.98,4.965,0.026,347.17,2026-01-01 08:22:20,RS001,50,1,375.32,25.05,1,csc_ptfe_601_plc
601,2026-01-01 08:22:30,OP101,JOB1001,,2,50.97,49.75,153.56,221.74,338.33,58.2,30.29,27.05,50.77,118.33,122.62,372.54,375.28,374.88,378.1,372.64,4.961,0.039,348.39,2026-01-01 08:22:30,RS001,50,1,377.53,25.99,1,csc_ptfe_601_plc
601,2026-01-01 08:22:40,OP101,JOB1001,,2,50.25,48.93,152.06,220.68,341.61,59.55,29.01,27.25,49.93,121.28,120.29,377.9,375.57,372.13,378.3,377.61,4.961,0.034,347.01,2026-01-01 08:22:40,RS001,50,1,374.03,24.18,1,csc_ptfe_601_plc
601,2026-01-01 08:22:50,OP101,JOB1001,,2,49.98,48.53,151.26,221.56,340.47,59.51,30.05,27.45,49.52,118.75,121.04,376.92,374.48,372.31,376.14,375.91,5.03,0.025,349.39,2026-01-01 08:22:50,RS001,50,1,374.37,25.2,1,csc_ptfe_601_plc
601,2026-01-01 08:23:00,OP101,JOB1001,,2,49.11,48.5,148.8,221.13,340.22,59,30.7,27.66,49.49,118.39,121.75,372.49,375.11,372.93,375.36,372.21,4.999,0.021,347.7,2026-01-01 08:23:00,RS001,50,1,375.1,25.38,1,csc_ptfe_601_plc
601,2026-01-01 08:23:10,OP101,JOB1001,,2,50.5,49.67,145.54,217.02,341.07,62.46,28.52,27.86,50.68,121.74,121.13,374.51,374.9,373.45,374.75,375.04,4.979,0.038,348.29,2026-01-01 08:23:10,RS001,50,1,374.75,24.92,1,csc_ptfe_601_plc
601,2026-01-01 08:23:20,OP101,JOB1001,,2,50.92,49.7,148.44,219.13,339.41,60.81,31.52,28.06,50.71,121.57,121.02,372.04,379,372.37,376.82,374.78,5.002,0.023,349.36,2026-01-01 08:23:20,RS001,50,1,373.82,25.4,1,csc_ptfe_601_plc
601,2026-01-01 08:23:30,OP101,JOB1001,,2,50.34,49.35,149.12,220.87,340.36,62.61,29.87,28.26,50.36,119.78,122.57,374.05,373.74,373.6,378.92,373.14,4.972,0.031,349.86,2026-01-01 08:23:30,RS001,50,1,373.11,25.44,1,csc_ptfe_601_plc
601,2026-01-01 08:23:40,OP101,JOB1001,,2,49.96,48.63,147.05,218.36,339.48,58.94,31,28.46,49.62,121.15,122.94,376.32,374,372.79,374.96,373.09,5.044,0.026,351.07,2026-01-01 08:23:40,RS001,50,1,373.23,26,1,csc_ptfe_601_plc
601,2026-01-01 08:23:50,OP101,JOB1001,,2,49.54,48.91,145.68,219.46,340.69,58.49,29.37,28.66,49.91,121.38,121.33,374.92,378.23,371.64,376.39,374.89,4.963,0.025,352.2,2026-01-01 08:23:50,RS001,50,1,375.44,24.65,1,csc_ptfe_601_plc
601,2026-01-01 08:24:00,OP101,JOB1001,,2,50.63,49.48,150.75,221.65,339.66,61.23,30.88,28.86,50.49,121.05,120.71,376.29,378.75,371.74,379.43,372.76,4.958,0.035,350.19,2026-01-01 08:24:00,RS001,50,1,375.72,24.7,1,csc_ptfe_601_plc
601,2026-01-01 08:24:10,OP101,JOB1001,,2,50.25,49.71,152.34,217.14,339.88,58.57,31.46,29.06,50.72,118.7,121.25,377.3,374.85,375.41,375.51,374.25,5.027,0.039,347.97,2026-01-01 08:24:10,RS001,50,1,376.51,24.51,1,csc_ptfe_601_plc
601,2026-01-01 08:24:20,OP101,JOB1001,,2,50.92,49.66,147.62,218.27,338.11,60.93,31.52,29.26,50.67,121.06,122.9,374.45,374.36,373.66,376.67,372.31,4.975,0.029,347.11,2026-01-01 08:24:20,RS001,50,1,377.66,24.53,1,csc_ptfe_601_plc
601,2026-01-01 08:24:30,OP101,JOB1001,,2,50.8,49.42,147.19,219.97,340.92,62.45,30.01,29.46,50.43,121.49,119.12,374.95,373.59,376.65,376.44,374.03,5.048,0.035,347.14,2026-01-01 08:24:30,RS001,50,1,377.05,25.94,1,csc_ptfe_601_plc
601,2026-01-01 08:24:40,OP101,JOB1001,,2,50.45,49.24,145.74,220.89,339.85,58.02,28.42,29.66,50.25,119.34,121.76,374.23,377.75,371.15,379.24,372.47,4.993,0.034,351.29,2026-01-01 08:24:40,RS001,50,1,378.3,24.4,1,csc_ptfe_601_plc
601,2026-01-01 08:24:50,OP101,JOB1001,,2,51.23,49.75,148.1,220.28,339.86,61.06,29.19,29.86,50.77,121.23,119.94,372.57,376.26,375.57,377.03,377.42,5.042,0.035,349.48,2026-01-01 08:24:50,RS001,50,1,374.86,24.77,1,csc_ptfe_601_plc
601,2026-01-01 08:25:00,OP101,JOB1001,,2,49.87,48.84,148.62,220.99,340.15,59.27,31.81,30.06,49.84,119.99,121.87,374.52,376.15,376.73,379.79,374.81,4.974,0.03,349.01,2026-01-01 08:25:00,RS001,50,1,374.44,24.26,1,csc_ptfe_601_plc
601,2026-01-01 08:25:10,OP101,JOB1001,,2,49.86,48.82,150.61,220.63,340.49,57.81,30.8,30.26,49.82,120.93,119.58,376.68,374.14,373.82,378.3,372.87,4.989,0.028,352.4,2026-01-01 08:25:10,RS001,50,1,376.69,25.77,1,csc_ptfe_601_plc
601,2026-01-01 08:25:20,OP101,JOB1001,,2,50.71,49.44,145.69,221.64,338.04,61.37,29.44,30.46,50.45,120.18,119.12,377.84,376.45,376.31,379.61,373.81,5.009,0.039,349.1,2026-01-01 08:25:20,RS001,50,1,374.22,25.8,1,csc_ptfe_601_plc
601,2026-01-01 08:25:30,OP101,JOB1001,,2,50.56,49.21,154.13,217.69,340.56,57.04,29.62,30.66,50.21,121.43,121.97,372.42,375.58,372.76,378.84,377.15,5.007,0.028,351.03,2026-01-01 08:25:30,RS001,50,1,378.81,25.26,1,csc_ptfe_601_plc
601,2026-01-01 08:25:40,OP101,JOB1001,,2,50.03,49.21,147.25,218.56,339.12,57.11,31.61,30.86,50.21,120.79,119.11,375.04,374.81,373.79,378.69,374.14,4.971,0.024,349.77,2026-01-01 08:25:40,RS001,50,1,373.71,25.83,1,csc_ptfe_601_plc
601,2026-01-01 08:25:50,OP101,JOB1001,,2,48.95,48.39,154.17,217.42,338.65,58.47,31.12,31.06,49.38,121.7,120.97,376.95,373.26,375.89,375.38,377.4,4.966,0.037,348.98,2026-01-01 08:25:50,RS001,50,1,373.48,25.2,1,csc_ptfe_601_plc
601,2026-01-01 08:26:00,OP101,JOB1001,,2,49.75,48.88,152.05,222.56,339.4,62.36,30.81,31.26,49.88,119.49,122.73,375.61,377.52,373.27,377.24,377.46,4.973,0.024,352.78,2026-01-01 08:26:00,RS001,50,1,376.78,24.88,1,csc_ptfe_601_plc
601,2026-01-01 08:26:10,OP101,JOB1001,,2,50.01,48.53,153.34,222.18,340.18,62.21,29.48,31.46,49.52,118.11,120.87,372.69,375.61,375.12,376.39,374.32,5.023,0.029,348.76,2026-01-01 08:26:10,RS001,50,1,378.91,24.18,1,csc_ptfe_601_plc
601,2026-01-01 08:26:20,OP101,JOB1001,,2,50.44,49.32,151.95,220.53,340.57,59.64,31.46,31.66,50.33,121.18,120.89,375.3,374.56,375.37,377.92,377.15,5.017,0.034,351.83,2026-01-01 08:26:20,RS001,50,1,377.24,24.74,1,csc_ptfe_601_plc
601,2026-01-01 08:26:30,OP101,JOB1001,,2,49.65,48.33,148.17,221.07,339.77,62.56,30.71,31.86,49.32,121.51,120.51,376.71,373.64,376.77,375.98,377.06,5.048,0.024,349.18,2026-01-01 08:26:30,RS001,50,1,378.88,24.29,1,csc_ptfe_601_plc
601,2026-01-01 08:26:40,OP101,JOB1001,,2,50.12,49.11,152.11,219.06,340.97,58.48,29.12,32.06,50.11,121.17,122.68,376.82,373.67,372.53,375.72,376.45,5.041,0.029,350.26,2026-01-01 08:26:40,RS001,50,1,373.03,25.52,1,csc_ptfe_601_plc
601,2026-01-01 08:26:50,OP101,JOB1001,,2,50.88,49.57,146.91,221.82,339.47,59.13,28.48,32.26,50.58,120.52,122.62,374.23,378.5,376.81,376.77,375.77,4.952,0.026,348.94,2026-01-01 08:26:50,RS001,50,1,377.92,25.91,1,csc_ptfe_601_plc
601,2026-01-01 08:27:00,OP101,JOB1001,,2,49.52,48.39,153.09,221.75,339.44,60.73,29.6,32.46,49.38,120.3,122.97,376.04,378.95,376.57,378.28,373.6,4.981,0.027,351.6,2026-01-01 08:27:00,RS001,50,1,378.97,24.29,1,csc_ptfe_601_plc
601,2026-01-01 08:27:10,OP101,JOB1001,,2,50.32,49.33,147.07,222.14,340.2,57.72,29.14,32.67,50.34,121.27,119.79,374.93,374.58,371.44,374.89,372.19,4.98,0.02,351.13,2026-01-01 08:27:10,RS001,50,1,375.09,25.43,1,csc_ptfe_601_plc
601,2026-01-01 08:27:20,OP101,JOB1001,,2,49.67,48.53,147.96,221.04,340.44,57.28,30.73,32.87,49.52,120.52,120.49,374.97,373.97,372.09,376.66,377.5,5.038,0.034,350.71,2026-01-01 08:27:20,RS001,50,1,374.65,24.05,1,csc_ptfe_601_plc
601,2026-01-01 08:27:30,OP101,JOB1001,,2,49.7,49.17,150.12,217.13,340.34,62.13,31.55,33.07,50.17,119.77,121.12,373.66,378.21,371.22,379.39,377.34,4.997,0.031,350,2026-01-01 08:27:30,RS001,50,1,374.24,24.35,1,csc_ptfe_601_plc
601,2026-01-01 08:27:40,OP101,JOB1001,,2,49.8,48.33,146.94,221,341.23,58.86,28.25,33.27,49.32,120.9,119.3,376.95,377.82,376.46,376.37,374.62,5.02,0.024,350.02,2026-01-01 08:27:40,RS001,50,1,373.71,24.86,1,csc_ptfe_601_plc
601,2026-01-01 08:27:50,OP101,JOB1001,,2,50.37,49.73,152.49,220.35,339.77,60.62,31.91,33.47,50.74,121.7,121.44,377.53,373.79,374.08,374.81,377.72,5.031,0.032,352.38,2026-01-01 08:27:50,RS001,50,1,376.05,25.33,1,csc_ptfe_601_plc
601,2026-01-01 08:28:00,OP101,JOB1001,,2,49.84,48.4,147.29,221.62,339.79,58.08,29.06,33.67,49.39,121,119.07,376.02,377.45,371.32,375.93,372.48,4.989,0.026,347.32,2026-01-01 08:28:00,RS001,50,1,378.88,24.68,1,csc_ptfe_601_plc
601,2026-01-01 08:28:10,OP101,JOB1001,,2,50.48,49.1,149.1,219.38,338.86,57.27,31.88,33.87,50.1,119.17,122.57,374.82,375.08,375.65,375.84,372.22,4.995,0.02,349.48,2026-01-01 08:28:10,RS001,50,1,374.99,24.18,1,csc_ptfe_601_plc
601,2026-01-01 08:28:20,OP101,JOB1001,,2,49.37,48.65,153.81,217.52,338.95,60.35,28.06,34.07,49.64,119.7,121.59,372.64,377.46,371.12,374.86,377.67,5.041,0.039,347.22,2026-01-01 08:28:20,RS001,50,1,374.18,25.16,1,csc_ptfe_601_plc
601,2026-01-01 08:28:30,OP101,JOB1001,,2,50.26,49.54,149.63,221.29,340.17,62.94,28.74,34.27,50.55,121.89,119.39,376.18,374.48,374.47,377.09,374.37,4.956,0.033,348.43,2026-01-01 08:28:30,RS001,50,1,376.8,24.92,1,csc_ptfe_601_plc
601,2026-01-01 08:28:40,OP101,JOB1001,,2,48.8,48.31,148.56,219.69,340.99,62.02,29.08,34.47,49.3,119.89,119.78,376.51,378.1,372.34,378.03,374.93,4.957,0.021,348.15,2026-01-01 08:28:40,RS001,50,1,373.16,24.65,1,csc_ptfe_601_plc
601,2026-01-01 08:28:50,OP101,JOB1001,,2,49.97,49.06,148.08,222.69,339.25,60.25,28.43,34.67,50.06,119.52,122.06,376.62,377.94,373.26,374.73,377.21,5.017,0.034,350.37,2026-01-01 08:28:50,RS001,50,1,377.64,24,1,csc_ptfe_601_plc
601,2026-01-01 08:29:00,OP101,JOB1001,,2,49.94,48.63,146.93,220.3,339.7,58.35,28.67,34.87,49.62,120.33,119.54,374.54,373.99,371.77,377.68,376.39,4.995,0.024,352.26,2026-01-01 08:29:00,RS001,50,1,376.41,24.07,1,csc_ptfe_601_plc
601,2026-01-01 08:29:10,OP101,JOB1001,,2,49.69,49.17,145.81,220.82,339.97,58.22,29.29,35.07,50.17,120.93,121.29,375.59,374.23,375.26,375.53,375.99,4.978,0.021,348.89,2026-01-01 08:29:10,RS001,50,1,373.75,24.53,1,csc_ptfe_601_plc
601,2026-01-01 08:29:20,OP101,JOB1001,,2,50.28,49.3,146.62,220.95,341.39,58.26,31.25,35.27,50.31,118.95,119.8,375.72,378.67,373.48,374.62,377.11,5.013,0.038,352.01,2026-01-01 08:29:20,RS001,50,1,374.52,24.01,1,csc_ptfe_601_plc
601,2026-01-01 08:29:30,OP101,JOB1001,,2,50.57,49.1,154.33,220.87,339.1,62.87,31.32,35.47,50.1,120.16,122.76,377.56,375.36,371.05,375.51,376.72,5.019,0.031,351.31,2026-01-01 08:29:30,RS001,50,1,378.64,25.49,1,csc_ptfe_601_plc
601,2026-01-01 08:29:40,OP101,JOB1001,,2,50.06,49.37,149.5,222.44,339.58,59.93,28.94,35.67,50.38,120.61,121.14,374.43,378.2,375.57,374.41,376.25,5.006,0.039,351.76,2026-01-01 08:29:40,RS001,50,1,375.41,24.28,1,csc_ptfe_601_plc
601,2026-01-01 08:29:50,OP101,JOB1001,,2,49.58,49.05,147.75,218.43,339.05,58.26,30.98,35.87,50.05,119.28,120.35,373.3,375.8,374.72,379.67,374.07,4.978,0.039,349.57,2026-01-01 08:29:50,RS001,50,1,376.24,24.11,1,csc_ptfe_601_plc
601,2026-01-01 08:30:00,OP101,JOB1001,,2,51.01,49.59,153.91,218.96,338.63,60.45,28.38,36.07,50.6,118.97,121.46,375.06,378.45,373.81,376.04,374.34,5.003,0.029,347.08,2026-01-01 08:30:00,RS001,50,1,378.67,25.64,1,csc_ptfe_601_plc
601,2026-01-01 08:30:10,OP101,JOB1001,,2,49.82,49.25,147.05,221.74,339.9,57.65,28.89,36.27,50.26,119.1,119.67,374.95,373.97,371.29,377.78,374.12,5.008,0.03,348.33,2026-01-01 08:30:10,RS001,50,1,376.54,25.48,1,csc_ptfe_601_plc
601,2026-01-01 08:30:20,OP101,JOB1001,,2,50.11,48.72,149.63,222.79,341,60.73,29.7,36.47,49.71,119.54,122.72,372.79,375.75,371.85,375.9,375.79,4.963,0.02,348.39,2026-01-01 08:30:20,RS001,50,1,373.97,25.14,1,csc_ptfe_601_plc
601,2026-01-01 08:30:30,OP101,JOB1001,,2,49.67,48.88,146.31,217.07,341.73,61.66,31.42,36.67,49.88,119.86,122.88,375.57,378.78,371.66,376.44,374.6,5.045,0.036,351.95,2026-01-01 08:30:30,RS001,50,1,374.7,24.42,1,csc_ptfe_601_plc
601,2026-01-01 08:30:40,OP101,JOB1001,,2,50.22,48.91,148.16,221.54,338.63,62.39,29.61,36.87,49.91,118.81,122.39,373.08,373.68,371.56,376.93,374.42,5.048,0.026,350.11,2026-01-01 08:30:40,RS001,50,1,378.03,25.39,1,csc_ptfe_601_plc
601,2026-01-01 08:30:50,OP101,JOB1001,,2,49.14,48.53,145.18,219.23,338.13,61.04,31,37.07,49.52,118.4,122.88,374.72,374.15,376.7,375.53,372.63,5.045,0.034,348.86,2026-01-01 08:30:50,RS001,50,1,376.62,25.03,1,csc_ptfe_601_plc
601,2026-01-01 08:31:00,OP101,JOB1001,,2,50.58,49.1,151.35,219.55,340.38,60.62,30.45,37.27,50.1,119.32,122.91,372.49,375.79,371.83,375.81,372.09,4.951,0.024,352.62,2026-01-01 08:31:00,RS001,50,1,377.86,25.32,1,csc_ptfe_601_plc
601,2026-01-01 08:31:10,OP101,JOB1001,,2,48.82,48.28,152.11,219.13,339.5,58.61,30.3,37.47,49.27,121.82,122.26,373.43,377,372.3,379.85,373,4.97,0.028,351.17,2026-01-01 08:31:10,RS001,50,1,376.91,25.04,1,csc_ptfe_601_plc
601,2026-01-01 08:31:20,OP101,JOB1001,,2,49.63,48.49,145.85,217.33,338.21,59.87,30.93,37.68,49.48,120.3,122.09,376.19,374.25,375.54,376.84,372.05,5.007,0.031,350.46,2026-01-01 08:31:20,RS001,50,1,378.52,25.17,1,csc_ptfe_601_plc
601,2026-01-01 08:31:30,OP101,JOB1001,,2,49.94,49.04,148.13,221.97,341.98,57.04,28.22,37.88,50.04,121.44,121.43,376.13,373.11,371.96,375.83,374.48,4.956,0.025,352.01,2026-01-01 08:31:30,RS001,50,1,378.16,24.09,1,csc_ptfe_601_plc
601,2026-01-01 08:31:40,OP101,JOB1001,,2,49.74,48.84,148.87,219.72,339.35,59.86,29.32,38.08,49.84,119.46,122.17,375.9,377.34,372.24,374.72,377.12,4.962,0.032,347.48,2026-01-01 08:31:40,RS001,50,1,373.64,24.49,1,csc_ptfe_601_plc
601,2026-01-01 08:31:50,OP101,JOB1001,,2,50.34,49.48,148.18,218.14,338.25,59.08,28.32,38.28,50.49,120.05,122.37,372.33,376.61,371.41,375.27,376.22,5.011,0.02,352.09,2026-01-01 08:31:50,RS001,50,1,376.24,24.88,1,csc_ptfe_601_plc
601,2026-01-01 08:32:00,OP101,JOB1001,,2,50.09,48.72,147.61,217.97,339.54,59.54,31.95,38.48,49.71,121.32,119.4,372.14,373.81,376.97,376.41,374.75,4.978,0.038,352.17,2026-01-01 08:32:00,RS001,50,1,373.44,24.02,1,csc_ptfe_601_plc
601,2026-01-01 08:32:10,OP101,JOB1001,,2,49.24,48.33,154.83,220.83,339.9,59.55,30.99,38.68,49.32,119.35,120.51,377.24,377.8,376.92,378.28,374.88,4.993,0.03,350.8,2026-01-01 08:32:10,RS001,50,1,375.17,25.25,1,csc_ptfe_601_plc
601,2026-01-01 08:32:20,OP101,JOB1001,,2,51.08,49.71,154.63,218.54,339.34,62.11,28.1,38.88,50.72,119.57,119.84,375.25,374.96,376.1,378.6,372.2,4.987,0.027,350.41,2026-01-01 08:32:20,RS001,50,1,374.77,25.6,1,csc_ptfe_601_plc
601,2026-01-01 08:32:30,OP101,JOB1001,,2,49.66,48.92,150.81,220.66,340.8,59.5,29.51,39.08,49.92,120.11,122.71,377.51,376.8,376.47,374.78,373.86,5.004,0.022,348.43,2026-01-01 08:32:30,RS001,50,1,377.67,25.96,1,csc_ptfe_601_plc
601,2026-01-01 08:32:40,OP101,JOB1001,,2,50.27,49.31,150.12,218.62,338.91,59.68,30.53,39.28,50.32,118.8,120.2,377.93,378.08,371.68,379.15,375.83,5.031,0.035,348.78,2026-01-01 08:32:40,RS001,50,1,373.95,25.09,1,csc_ptfe_601_plc
601,2026-01-01 08:32:50,OP101,JOB1001,,2,49.76,48.76,152.18,219.08,341.09,62.4,28.71,39.48,49.76,119.66,119.36,377.44,375.29,375.43,377.7,377.55,4.972,0.038,347.16,2026-01-01 08:32:50,RS001,50,1,375.3,24.34,1,csc_ptfe_601_plc
601,2026-01-01 08:33:00,OP101,JOB1001,,2,49.62,48.99,154.43,219.79,341.49,62.96,28.5,39.68,49.99,120.32,120.42,372.26,378.25,374.13,377.9,373.68,5,0.036,350.91,2026-01-01 08:33:00,RS001,50,1,377.98,24.81,1,csc_ptfe_601_plc
601,2026-01-01 08:33:10,OP101,JOB1001,,2,49.4,48.71,147.43,218.4,341.66,60.32,30.85,39.88,49.7,120.48,120.72,377.24,375.31,376.58,374.73,373.09,4.965,0.034,352.39,2026-01-01 08:33:10,RS001,50,1,373.96,25.9,1,csc_ptfe_601_plc
601,2026-01-01 08:33:20,OP101,JOB1001,,2,49.09,48.49,151.93,219.29,338.1,59.4,30.62,40.08,49.48,120.77,121.02,372.12,376.28,372.02,375.8,377.06,5.016,0.039,352.82,2026-01-01 08:33:20,RS001,50,1,378.14,24.31,1,csc_ptfe_601_plc
601,2026-01-01 08:33:30,OP101,JOB1001,,2,50.31,49.2,152.96,221.93,340.81,59.51,28.91,40.28,50.2,121.44,120.24,375.89,374.04,376.76,378.47,375.96,5.04,0.026,350.81,2026-01-01 08:33:30,RS001,50,1,374.51,24.53,1,csc_ptfe_601_plc
601,2026-01-01 08:33:40,OP101,JOB1001,,2,49.27,48.55,152.16,220.19,341.49,61.57,29.29,40.48,49.54,120.55,122.33,376,374.41,375.47,376.93,374.82,4.953,0.031,352.58,2026-01-01 08:33:40,RS001,50,1,375.95,24.64,1,csc_ptfe_601_plc
601,2026-01-01 08:33:50,OP101,JOB1001,,2,51.09,49.63,145.16,220.33,338.84,58.97,30.51,40.68,50.64,118.74,122.82,373.84,376.36,376.41,378.57,372.89,5.047,0.034,352.7,2026-01-01 08:33:50,RS001,50,1,376.99,25.2,1,csc_ptfe_601_plc
601,2026-01-01 08:34:00,OP101,JOB1001,,2,50.34,49.37,148.79,222.25,340.14,59.97,31.09,40.88,50.38,118.99,120.71,375.61,373.67,372.41,378.74,373.28,4.974,0.021,351.33,2026-01-01 08:34:00,RS001,50,1,377.75,25.28,1,csc_ptfe_601_plc
601,2026-01-01 08:34:10,OP101,JOB1001,,2,49.53,48.66,153.52,219.71,338.94,58.08,31.69,41.08,49.65,121.27,121.25,374.1,374.07,373.83,377.59,376.79,5.05,0.026,348.29,2026-01-01 08:34:10,RS001,50,1,376.93,24.05,1,csc_ptfe_601_plc
601,2026-01-01 08:34:20,OP101,JOB1001,,2,50.68,49.58,146.44,217.21,338,59.94,28.92,41.28,50.59,119.82,119.69,372.92,374.21,375.54,378.62,372.58,5.022,0.027,350.28,2026-01-01 08:34:20,RS001,50,1,376.75,24.05,1,csc_ptfe_601_plc
601,2026-01-01 08:34:30,OP101,JOB1001,,2,50.23,49.21,154.94,221.98,339.53,59.16,31.49,41.48,50.21,119.51,119.72,375.71,373.2,376.14,375.85,377.11,4.993,0.02,349.73,2026-01-01 08:34:30,RS001,50,1,377.05,24.16,1,csc_ptfe_601_plc
601,2026-01-01 08:34:40,OP101,JOB1001,,2,50.35,49.49,151.63,221.15,340.07,57.65,29.75,41.68,50.5,119.3,121.42,374.62,376.74,374.11,379.52,376.41,5.017,0.031,351.24,2026-01-01 08:34:40,RS001,50,1,376.04,24.59,1,csc_ptfe_601_plc
601,2026-01-01 08:34:50,OP101,JOB1001,,2,49.08,48.47,153.15,219.92,341.59,58.81,30.42,41.88,49.46,119.05,120.8,375.6,377.25,376.69,375.39,377.75,5.04,0.027,348.91,2026-01-01 08:34:50,RS001,50,1,376.7,25.77,1,csc_ptfe_601_plc
601,2026-01-01 08:35:00,OP101,JOB1001,,2,49.17,48.67,146.49,220.8,340.44,59.75,30.79,42.08,49.66,121.14,120.54,375.95,378.67,376.48,377.06,377.48,4.953,0.025,350.03,2026-01-01 08:35:00,RS001,50,1,378.94,25.95,1,csc_ptfe_601_plc
601,2026-01-01 08:35:10,OP101,JOB1001,,2,50.82,49.42,147.36,221.5,341.76,59.27,29.57,42.28,50.43,120.99,119.18,376.08,376.94,375.85,376.94,377.1,5.034,0.034,349.73,2026-01-01 08:35:10,RS001,50,1,374.09,24.61,1,csc_ptfe_601_plc
601,2026-01-01 08:35:20,OP101,JOB1001,,2,51.22,49.71,145.51,219.2,340.96,59.82,29.67,42.48,50.72,118.21,120.16,372.01,377.49,375.07,374.44,377.26,4.997,0.024,349.59,2026-01-01 08:35:20,RS001,50,1,377.4,25.51,1,csc_ptfe_601_plc
601,2026-01-01 08:35:30,OP101,JOB1001,,2,49.3,48.24,154.09,220.77,340.04,62.74,31.75,42.69,49.22,119.85,120.5,376.44,377.08,372.23,379.71,377,5.019,0.035,349.88,2026-01-01 08:35:30,RS001,50,1,378.77,25.09,1,csc_ptfe_601_plc
601,2026-01-01 08:35:40,OP101,JOB1001,,2,49.63,48.76,149.87,217.38,338.1,61.2,28.48,42.89,49.75,121.32,122.34,374.17,374.88,372.56,379.86,372.95,5.004,0.032,352.34,2026-01-01 08:35:40,RS001,50,1,376.16,24.18,1,csc_ptfe_601_plc
601,2026-01-01 08:35:50,OP101,JOB1001,,2,50.93,49.68,148.99,218.06,340.24,61.21,31.97,43.09,50.69,121.24,121.24,376.84,377.86,375.2,376.86,375.17,5.011,0.03,349.1,2026-01-01 08:35:50,RS001,50,1,376.66,25.8,1,csc_ptfe_601_plc
601,2026-01-01 08:36:00,OP101,JOB1001,,2,49.69,48.41,151.48,220.01,338.88,57.49,31.76,43.29,49.4,119.07,122.63,374.98,373.38,375.42,375.8,375.07,5.004,0.026,347.35,2026-01-01 08:36:00,RS001,50,1,378.9,25.46,1,csc_ptfe_601_plc
601,2026-01-01 08:36:10,OP101,JOB1001,,2,49.86,48.67,153.14,222.93,341.3,62.66,28.15,43.49,49.66,119.61,119.55,375.23,376.24,373.29,376.74,376.99,4.959,0.024,351.82,2026-01-01 08:36:10,RS001,50,1,375.14,25.01,1,csc_ptfe_601_plc
601,2026-01-01 08:36:20,OP101,JOB1001,,2,49.96,49.25,150.22,217.79,338.33,60.08,31.61,43.69,50.26,118.9,121.41,376.24,373.25,372.27,374.7,372.69,5.01,0.024,347.61,2026-01-01 08:36:20,RS001,50,1,378.39,25.46,1,csc_ptfe_601_plc
601,2026-01-01 08:36:30,OP101,JOB1001,,2,50.08,49.47,152.43,219.61,338.45,57.67,30.97,43.89,50.48,121.08,122.05,376.89,375.64,373.93,378.37,375.75,4.963,0.022,350.44,2026-01-01 08:36:30,RS001,50,1,374.58,25.94,1,csc_ptfe_601_plc
601,2026-01-01 08:36:40,OP101,JOB1001,,2,49.58,49.02,152.69,222.33,338.49,62.02,30.95,44.09,50.02,118.05,119.64,376.24,378.54,371.72,375.4,372.65,4.974,0.038,347.2,2026-01-01 08:36:40,RS001,50,1,374.43,24.55,1,csc_ptfe_601_plc
601,2026-01-01 08:36:50,OP101,JOB1001,,2,50.52,49.33,153.69,222.45,339.82,60.15,28.85,44.29,50.34,119.18,120.69,372.89,374.28,376.02,379.03,373.25,4.964,0.029,349.9,2026-01-01 08:36:50,RS001,50,1,373.26,25.63,1,csc_ptfe_601_plc
601,2026-01-01 08:37:00,OP101,JOB1001,,2,49.88,48.76,153.99,220.18,341.27,58.7,30.31,44.49,49.75,118.96,121.41,377.03,373.28,372.31,375.15,373.25,4.961,0.03,347.32,2026-01-01 08:37:00,RS001,50,1,375.21,25.71,1,csc_ptfe_601_plc
601,2026-01-01 08:37:10,OP101,JOB1001,,2,50.69,49.46,154.77,218.33,341.61,57.35,28.39,44.69,50.47,121.66,122.21,376.54,376.56,373.88,377.42,375.5,5,0.029,349.08,2026-01-01 08:37:10,RS001,50,1,377.54,25.89,1,csc_ptfe_601_plc
601,2026-01-01 08:37:20,OP101,JOB1001,,2,49.64,49.04,146.27,218.02,338.76,62.66,29.2,44.89,50.04,119.07,120.12,373.28,373.01,373.8,374.69,377.09,4.951,0.034,349.02,2026-01-01 08:37:20,RS001,50,1,377.1,24.27,1,csc_ptfe_601_plc
601,2026-01-01 08:37:30,OP101,JOB1001,,2,50.54,49.63,147.61,217.48,341.38,61.62,31.82,45.09,50.64,121.46,122.98,374.43,378.71,375.5,378.95,377.24,4.96,0.033,349.86,2026-01-01 08:37:30,RS001,50,1,373.32,24.57,1,csc_ptfe_601_plc
601,2026-01-01 08:37:40,OP101,JOB1001,,2,50.54,49.6,154.53,217.59,340.2,62.42,30.19,45.29,50.61,120.38,122.75,374.87,376.03,374.93,377.72,372.35,4.955,0.022,350.69,2026-01-01 08:37:40,RS001,50,1,377.8,25.42,1,csc_ptfe_601_plc
601,2026-01-01 08:37:50,OP101,JOB1001,,2,49.62,48.46,147.01,220.2,341.28,62.78,29.35,45.49,49.45,120.81,120.25,377.29,376.18,375.48,377.28,375.46,5.046,0.028,347.73,2026-01-01 08:37:50,RS001,50,1,375.43,25.12,1,csc_ptfe_601_plc
601,2026-01-01 08:38:00,OP101,JOB1001,,2,49.71,48.78,148.12,219.01,340.73,59.28,28.29,45.69,49.78,120.43,120.9,372.92,375.61,372.25,374.24,373.62,5.043,0.037,349.65,2026-01-01 08:38:00,RS001,50,1,375.38,25.48,1,csc_ptfe_601_plc
601,2026-01-01 08:38:10,OP101,JOB1001,,2,50.22,49.6,147.13,217.78,339.51,61.29,31.73,45.89,50.61,120.95,121.9,372.49,376.65,374.29,375.41,372.39,4.976,0.02,349.12,2026-01-01 08:38:10,RS001,50,1,376,25.18,1,csc_ptfe_601_plc
601,2026-01-01 08:38:20,OP101,JOB1001,,2,50.65,49.78,150.43,222.34,338.75,59.4,29.03,46.09,50.8,121.17,120.94,372.62,373.11,371.52,376.07,376.45,5.007,0.02,347.38,2026-01-01 08:38:20,RS001,50,1,376.3,24.97,1,csc_ptfe_601_plc
601,2026-01-01 08:38:30,OP101,JOB1001,,2,49.24,48.27,150.46,222.16,340.23,62.66,30.9,46.29,49.26,121.83,120.01,377.06,374.81,375.7,378.33,372.5,5.026,0.027,351.12,2026-01-01 08:38:30,RS001,50,1,376.19,24.76,1,csc_ptfe_601_plc
601,2026-01-01 08:38:40,OP101,JOB1001,,2,49.62,48.82,148.66,220.67,341.49,61.34,31.17,46.49,49.82,120.71,121.99,377.73,375.78,371.64,377.53,375.8,4.973,0.027,352.44,2026-01-01 08:38:40,RS001,50,1,374.78,25.97,1,csc_ptfe_601_plc
601,2026-01-01 08:38:50,OP101,JOB1001,,2,49.46,48.43,147.06,217.85,341.33,60.58,31.34,46.69,49.42,119.04,119.49,375.08,373.84,372.08,379.71,373.2,5.026,0.022,347.61,2026-01-01 08:38:50,RS001,50,1,374.19,25.57,1,csc_ptfe_601_plc
601,2026-01-01 08:39:00,OP101,JOB1001,,2,49.58,48.71,151.95,220.85,341.73,58.96,29.44,46.89,49.7,121.39,120.38,375.08,378.84,376.51,379.19,372.77,5.027,0.026,348.67,2026-01-01 08:39:00,RS001,50,1,374.89,24.31,1,csc_ptfe_601_plc
601,2026-01-01 08:39:10,OP101,JOB1001,,2,50.38,49.64,145.61,220.71,339.54,60.06,31.47,47.09,50.65,118.92,120.12,377.84,373.04,375.18,376.58,372.32,5.004,0.021,348.92,2026-01-01 08:39:10,RS001,50,1,378.38,25.01,1,csc_ptfe_601_plc
601,2026-01-01 08:39:20,OP101,JOB1001,,2,50.75,49.76,153.58,218.41,341.01,59.46,28.97,47.29,50.78,121.78,121.74,374.13,376.18,374.31,376.44,377.35,5.043,0.039,351.59,2026-01-01 08:39:20,RS001,50,1,374.9,25.09,1,csc_ptfe_601_plc
601,2026-01-01 08:39:30,OP101,JOB1001,,2,49.93,48.78,150.79,217.28,339.84,57.45,31.34,47.49,49.78,120.25,120.04,373.52,375.5,376.73,375.79,377.7,4.983,0.038,352.13,2026-01-01 08:39:30,RS001,50,1,377.96,25.73,1,csc_ptfe_601_plc
601,2026-01-01 08:39:40,OP101,JOB1001,,2,50.8,49.73,154.26,217.64,341.08,58.29,29.47,47.7,50.75,119.17,122.75,375.87,376.22,372.28,377.29,376.32,4.955,0.028,349.18,2026-01-01 08:39:40,RS001,50,1,376.23,25.51,1,csc_ptfe_601_plc
601,2026-01-01 08:39:50,OP101,JOB1001,,2,49.8,49.04,153.21,220.51,339.36,61.67,31.97,47.9,50.04,119.6,120.4,375.03,375.75,373.66,374.57,374.4,5.007,0.024,350.47,2026-01-01 08:39:50,RS001,50,1,376.83,25.67,1,csc_ptfe_601_plc
601,2026-01-01 08:40:00,OP101,JOB1001,,2,50.2,49.3,153.29,221.6,338.3,60.61,31.49,48.1,50.31,121.01,121.93,376.37,378.68,376.2,379.73,377.84,4.974,0.026,350.49,2026-01-01 08:40:00,RS001,50,1,376.4,24.2,1,csc_ptfe_601_plc
601,2026-01-01 08:40:10,OP101,JOB1001,,2,50.73,49.49,145.98,222.21,338.28,62.61,28.02,48.3,50.5,119.95,121.5,377.45,375.8,375.03,378.76,375.86,5.015,0.036,347.13,2026-01-01 08:40:10,RS001,50,1,375.09,24.75,1,csc_ptfe_601_plc
601,2026-01-01 08:40:20,OP101,JOB1001,,2,49.55,48.63,149.98,222.18,340.84,58.11,30.52,48.5,49.62,118.13,121.38,377.66,378.77,375.08,376.67,375.15,4.96,0.032,351.83,2026-01-01 08:40:20,RS001,50,1,377.19,25.87,1,csc_ptfe_601_plc
601,2026-01-01 08:40:30,OP101,JOB1001,,2,50.43,49.51,151.2,221.21,341.17,62.41,28.41,48.7,50.52,119.91,120.13,375.74,377.94,375.81,377.02,372.13,4.98,0.03,351.81,2026-01-01 08:40:30,RS001,50,1,374.78,25.75,1,csc_ptfe_601_plc
601,2026-01-01 08:40:40,OP101,JOB1001,,2,50.19,49.1,147.22,217.67,341.64,59.36,31.97,48.9,50.1,119.06,122.99,374.89,377.62,371.99,379.53,372.8,5.016,0.034,349.65,2026-01-01 08:40:40,RS001,50,1,373.95,24.52,1,csc_ptfe_601_plc
601,2026-01-01 08:40:50,OP101,JOB1001,,2,49.28,48.49,145.07,220.24,340.57,58.55,30.94,49.1,49.48,119.89,121.99,377.45,373.55,376.47,377.32,375.64,5.014,0.033,349.75,2026-01-01 08:40:50,RS001,50,1,378.84,25.92,1,csc_ptfe_601_plc
601,2026-01-01 08:41:00,OP101,JOB1001,,2,49.49,48.61,145.29,222.5,341.35,60.74,28.81,49.3,49.6,118.94,119.88,373.81,376.48,374.77,374.84,373.35,5.002,0.031,348.56,2026-01-01 08:41:00,RS001,50,1,374.73,24.34,1,csc_ptfe_601_plc
601,2026-01-01 08:41:10,OP101,JOB1001,,2,49.84,49.2,152.3,217.42,340.53,60.78,31.62,49.5,50.2,119.33,121.51,376.07,377.96,375.32,374.94,372.86,5.043,0.029,352.04,2026-01-01 08:41:10,RS001,50,1,377.81,24.19,1,csc_ptfe_601_plc
601,2026-01-01 08:41:20,OP101,JOB1001,,2,50.87,49.69,147.82,219.68,341.53,62.66,31.66,49.7,50.7,121.53,120.46,374.11,373.29,376.19,374.86,373.72,5.047,0.03,349.27,2026-01-01 08:41:20,RS001,50,1,377.43,25.71,1,csc_ptfe_601_plc
601,2026-01-01 08:41:30,OP101,JOB1001,,2,49.87,49.05,154.72,222.25,341.29,61.92,28.57,49.9,50.05,118.02,122.94,377.32,374.07,374.06,376.19,375.4,4.99,0.025,352.79,2026-01-01 08:41:30,RS001,50,1,377.16,25.85,1,csc_ptfe_601_plc
601,2026-01-01 08:41:40,OP101,JOB1001,,2,50.38,49.72,149.22,222.72,339.76,58.57,31.91,50.1,50.73,119.36,121.19,376.43,377.5,376.66,377.41,377.75,5.017,0.028,352.24,2026-01-01 08:41:40,RS001,50,1,375.62,25.1,1,csc_ptfe_601_plc
601,2026-01-01 08:41:50,OP101,JOB1001,,2,49.59,48.85,147.51,218.04,340.01,61.98,29.64,50.3,49.85,119.96,121.45,377.35,376.31,372.19,378.25,372.14,4.995,0.035,349.99,2026-01-01 08:41:50,RS001,50,1,374.88,24.41,1,csc_ptfe_601_plc
601,2026-01-01 08:42:00,OP101,JOB1001,,2,50.53,49.46,149.14,221.02,338.82,59.82,31.38,50.5,50.47,119.38,119.74,376.55,376.91,376.44,379.2,377.5,5.036,0.032,349.98,2026-01-01 08:42:00,RS001,50,1,376.49,24.37,1,csc_ptfe_601_plc
601,2026-01-01 08:42:10,OP101,JOB1001,,2,49.83,48.46,148.73,218.34,341.29,57.91,29.19,50.7,49.45,118.48,119.89,377.17,374.55,374.52,379.23,374.89,5.005,0.021,350.13,2026-01-01 08:42:10,RS001,50,1,375.95,25.35,1,csc_ptfe_601_plc
601,2026-01-01 08:42:20,OP101,JOB1001,,2,49.58,48.37,152.02,218.43,340.93,61.69,28.7,50.9,49.36,119.32,122.39,376.47,374.16,372.85,376.61,377.33,5.043,0.04,351.49,2026-01-01 08:42:20,RS001,50,1,373.85,24.37,1,csc_ptfe_601_plc
601,2026-01-01 08:42:30,OP101,JOB1001,,2,50.14,49.51,149.94,222.86,340.06,60.68,28.98,51.1,50.52,121.75,122.69,376.63,374.36,374.79,377.32,374.71,5.015,0.022,352.3,2026-01-01 08:42:30,RS001,50,1,376.82,24.29,1,csc_ptfe_601_plc
601,2026-01-01 08:42:40,OP101,JOB1001,,2,49.43,48.61,153.39,221.82,341.57,59.47,30.19,51.3,49.6,120.1,119.77,375.26,375.76,371.61,375.19,373.31,5.007,0.021,347.29,2026-01-01 08:42:40,RS001,50,1,376.1,24.77,1,csc_ptfe_601_plc
601,2026-01-01 08:42:50,OP101,JOB1001,,2,49.88,49.1,151.94,217.06,340.61,58.93,31.91,51.5,50.1,121.84,120.59,372.04,374.31,373.13,376.43,373.39,5.041,0.021,351.37,2026-01-01 08:42:50,RS001,50,1,375.69,24.75,1,csc_ptfe_601_plc
601,2026-01-01 08:43:00,OP101,JOB1001,,2,50.89,49.41,150.9,218.23,339.37,61.73,31.3,51.7,50.42,120.85,121.63,376.87,378.36,374.07,374.53,374.68,4.957,0.022,352.11,2026-01-01 08:43:00,RS001,50,1,378.14,24.96,1,csc_ptfe_601_plc
601,2026-01-01 08:43:10,OP101,JOB1001,,2,50.73,49.72,153.73,220.35,339.92,60.45,31.52,51.9,50.73,118.94,122.53,372.46,376.88,376.74,379.92,377.77,5.011,0.039,348.74,2026-01-01 08:43:10,RS001,50,1,373.77,25.64,1,csc_ptfe_601_plc
601,2026-01-01 08:43:20,OP101,JOB1001,,2,49.59,48.32,152.5,220.41,341.92,59.75,30.31,52.1,49.31,121.77,121.7,376.98,377.86,376.6,376.7,375.68,5.007,0.036,347.09,2026-01-01 08:43:20,RS001,50,1,378.87,25.15,1,csc_ptfe_601_plc
601,2026-01-01 08:43:30,OP101,JOB1001,,2,48.98,48.43,151.65,217.22,340.38,57.92,30.73,52.3,49.42,119.3,122.37,376.16,374.63,375.37,378.73,374.34,4.988,0.027,352.93,2026-01-01 08:43:30,RS001,50,1,378.21,25.62,1,csc_ptfe_601_plc
601,2026-01-01 08:43:40,OP101,JOB1001,,2,49.8,49.1,149.65,222.41,340.67,58.12,29.07,52.51,50.1,119.9,122.32,375.05,375.51,376.8,379.71,375.93,5.015,0.03,347.11,2026-01-01 08:43:40,RS001,50,1,374,24.83,1,csc_ptfe_601_plc
601,2026-01-01 08:43:50,OP101,JOB1001,,2,48.99,48.27,153.69,221.88,338.39,59.61,28.04,52.71,49.26,120.07,119.65,374.12,373.35,373.57,377.74,373.51,4.978,0.04,349.99,2026-01-01 08:43:50,RS001,50,1,374.03,25.81,1,csc_ptfe_601_plc
601,2026-01-01 08:44:00,OP101,JOB1001,,2,49.9,48.42,147.99,221.5,340.41,59.07,28.6,52.91,49.41,119.89,122.68,376.86,375.81,375.86,374.82,372.62,4.999,0.039,350.97,2026-01-01 08:44:00,RS001,50,1,375.89,25.53,1,csc_ptfe_601_plc
601,2026-01-01 08:44:10,OP101,JOB1001,,2,51.15,49.77,145.73,219.44,339.56,62.94,29.11,53.11,50.79,121.17,119.98,377.09,374.52,374.35,378.44,372.63,4.985,0.04,347.7,2026-01-01 08:44:10,RS001,50,1,377.63,24.47,1,csc_ptfe_601_plc
601,2026-01-01 08:44:20,OP101,JOB1001,,2,49.51,48.89,150.76,220.23,340.29,57.68,30.56,53.31,49.89,121.46,121.14,372.77,377.88,371.85,375.14,375.32,5.043,0.026,352.4,2026-01-01 08:44:20,RS001,50,1,373.48,25.26,1,csc_ptfe_601_plc
601,2026-01-01 08:44:30,OP101,JOB1001,,2,50.61,49.37,150.77,219.69,338.37,61.33,29.22,53.51,50.38,118.57,122.67,375.25,378.44,375.97,378.94,374.3,5.014,0.027,352.75,2026-01-01 08:44:30,RS001,50,1,374.64,24.33,1,csc_ptfe_601_plc
601,2026-01-01 08:44:40,OP101,JOB1001,,2,50.6,49.23,150.15,222.55,340.17,61.06,28.89,53.71,50.23,118.35,122.43,377.04,375.17,373.38,376.05,375.07,5.026,0.035,348.46,2026-01-01 08:44:40,RS001,50,1,375.2,25.46,1,csc_ptfe_601_plc
601,2026-01-01 08:44:50,OP101,JOB1001,,2,50.9,49.56,154.7,221.23,339.29,59.82,29.64,53.91,50.57,120.29,120.13,375.93,373.88,375.47,374.85,377.31,5.008,0.038,350.55,2026-01-01 08:44:50,RS001,50,1,373.8,24.96,1,csc_ptfe_601_plc
601,2026-01-01 08:45:00,OP101,JOB1001,,2,50.46,49.21,147.73,222.17,340.63,59.17,30.4,54.11,50.21,121.77,120.92,374.01,376.55,376.33,377.47,375.49,4.96,0.029,349.51,2026-01-01 08:45:00,RS001,50,1,375.27,24.32,1,csc_ptfe_601_plc
601,2026-01-01 08:45:10,OP101,JOB1001,,2,50.02,49.46,151.83,220.94,339.69,57.43,31.99,54.31,50.47,118.95,122.26,376.14,376.97,372.03,377.42,373.11,4.958,0.024,351.64,2026-01-01 08:45:10,RS001,50,1,374.22,25.09,1,csc_ptfe_601_plc
601,2026-01-01 08:45:20,OP101,JOB1001,,2,49.72,48.99,151.42,220.28,340.47,60.02,31.76,54.51,49.99,119.39,122.64,377.77,373.4,374.36,376.22,374.6,4.986,0.027,347.67,2026-01-01 08:45:20,RS001,50,1,377.79,25.74,1,csc_ptfe_601_plc
601,2026-01-01 08:45:30,OP101,JOB1001,,2,49.5,48.59,148.59,217.29,341.02,57.16,28.48,54.71,49.58,121.68,122.37,372.43,374.74,372.51,378.74,372.86,4.977,0.037,350.99,2026-01-01 08:45:30,RS001,50,1,373.99,24.03,1,csc_ptfe_601_plc
601,2026-01-01 08:45:40,OP101,JOB1001,,2,48.91,48.34,149.86,218.02,341.52,62.74,28.14,54.91,49.33,121.35,119.03,377.72,376.97,374.31,376.68,377.72,5.013,0.032,352.86,2026-01-01 08:45:40,RS001,50,1,378.38,24.96,1,csc_ptfe_601_plc
601,2026-01-01 08:45:50,OP101,JOB1001,,2,49.23,48.55,146.49,221.52,340.51,57.29,28.87,55.11,49.54,120.37,119.54,372.64,374.28,371.82,377.34,373.94,4.959,0.023,350.86,2026-01-01 08:45:50,RS001,50,1,378.16,24.74,1,csc_ptfe_601_plc
601,2026-01-01 08:46:00,OP101,JOB1001,,2,50.57,49.45,148.39,220.66,340.87,58.52,30.72,55.31,50.46,120.15,122.08,375.6,377.2,375.71,378.85,373.26,5.016,0.032,351.7,2026-01-01 08:46:00,RS001,50,1,375.59,25.59,1,csc_ptfe_601_plc
601,2026-01-01 08:46:10,OP101,JOB1001,,2,50.19,49.68,147.46,222.06,339.06,61.23,29,55.51,50.69,120.52,121.61,377.33,373.72,372.54,374.64,373.57,5.009,0.032,348.77,2026-01-01 08:46:10,RS001,50,1,375.75,25.57,1,csc_ptfe_601_plc
601,2026-01-01 08:46:20,OP101,JOB1001,,2,50.48,49.33,148.76,218.7,340.85,58.56,29.8,55.71,50.34,121.89,121.98,375.51,374.39,374.61,379.69,377.44,5,0.027,347.62,2026-01-01 08:46:20,RS001,50,1,376.19,25.43,1,csc_ptfe_601_plc
601,2026-01-01 08:46:30,OP101,JOB1001,,2,50.04,49.27,146.75,221.05,339.17,61.16,29.24,55.91,50.28,120.21,120.63,377.73,374.04,375.77,377.7,373.34,5.014,0.036,349.94,2026-01-01 08:46:30,RS001,50,1,377.86,24.77,1,csc_ptfe_601_plc
601,2026-01-01 08:46:40,OP101,JOB1001,,2,50.5,49.59,145.1,221.49,339.5,60.73,28.31,56.11,50.6,118.4,119.26,376.38,377.36,376.42,374.34,373.41,4.971,0.037,347.89,2026-01-01 08:46:40,RS001,50,1,378.93,24.29,1,csc_ptfe_601_plc
601,2026-01-01 08:46:50,OP101,JOB1001,,2,50.75,49.6,145.69,222.41,338.13,57.26,29.56,56.31,50.61,120.34,120.81,372.72,373.3,374.81,378.05,372.6,5.014,0.032,351.28,2026-01-01 08:46:50,RS001,50,1,373.38,24.19,1,csc_ptfe_601_plc
601,2026-01-01 08:47:00,OP101,JOB1001,,2,50.16,49.55,151.85,221.16,341.32,60.57,29.2,56.51,50.56,118.9,119.39,377.56,375.63,373.9,375.98,372.22,5.004,0.026,347.53,2026-01-01 08:47:00,RS001,50,1,377.04,24.84,1,csc_ptfe_601_plc
601,2026-01-01 08:47:10,OP101,JOB1001,,2,49.72,48.36,148.36,219,339.81,60.66,31.47,56.71,49.35,118.57,120.04,376.88,378.37,376.32,374.31,374.12,5.018,0.027,349.57,2026-01-01 08:47:10,RS001,50,1,378.88,24.83,1,csc_ptfe_601_plc
601,2026-01-01 08:47:20,OP101,JOB1001,,2,50.38,49.55,154.18,218.65,338.01,60.63,30.4,56.91,50.56,119.3,119.91,376.73,376.36,375.71,378.42,375.56,5.039,0.038,349.26,2026-01-01 08:47:20,RS001,50,1,378.38,24.62,1,csc_ptfe_601_plc
601,2026-01-01 08:47:30,OP101,JOB1001,,2,50.14,49.02,149.67,218.11,339.55,58.88,30.43,57.11,50.02,119.06,119.14,375.08,378.2,372.26,378.46,375.03,5.034,0.022,347.9,2026-01-01 08:47:30,RS001,50,1,377.07,24.46,1,csc_ptfe_601_plc
601,2026-01-01 08:47:40,OP101,JOB1001,,2,49.22,48.67,145.16,221.74,341.96,62.72,29.15,57.31,49.66,118.97,121.4,374.63,374.6,372.06,378.35,375.52,4.969,0.032,348.54,2026-01-01 08:47:40,RS001,50,1,374.44,25.34,1,csc_ptfe_601_plc
601,2026-01-01 08:47:50,OP101,JOB1001,,2,50.46,49.64,151.39,222.71,341.87,58.48,28.69,57.52,50.65,120.88,119.61,375.91,375,373.63,378.91,375.65,4.995,0.029,352.32,2026-01-01 08:47:50,RS001,50,1,375.39,24.54,1,csc_ptfe_601_plc
601,2026-01-01 08:48:00,OP101,JOB1001,,2,49.67,48.9,146.63,220.37,339.68,57.71,29.14,57.72,49.9,120.5,122.97,373.09,378.93,373.26,374.94,374.32,5.009,0.026,351.89,2026-01-01 08:48:00,RS001,50,1,375.19,24.25,1,csc_ptfe_601_plc
601,2026-01-01 08:48:10,OP101,JOB1001,,2,50,48.75,150.36,222.49,340.19,62.24,29.27,57.92,49.74,121.71,119.53,375.63,373.97,375.13,376.22,374.61,4.981,0.031,351.12,2026-01-01 08:48:10,RS001,50,1,373.78,25.42,1,csc_ptfe_601_plc
601,2026-01-01 08:48:20,OP101,JOB1001,,2,49.51,48.64,149.89,222.9,341.88,62.41,28.36,58.12,49.63,118.56,121.34,374.16,378.82,372.93,378.17,374.13,4.968,0.038,348.43,2026-01-01 08:48:20,RS001,50,1,373.29,24.62,1,csc_ptfe_601_plc
601,2026-01-01 08:48:30,OP101,JOB1001,,2,49.21,48.42,154.02,222.52,341.74,57.24,31.78,58.32,49.41,118.44,122.27,372.56,378.56,374.34,376.45,375.76,4.954,0.027,347.87,2026-01-01 08:48:30,RS001,50,1,374.69,25.67,1,csc_ptfe_601_plc
601,2026-01-01 08:48:40,OP101,JOB1001,,2,51.14,49.74,145.32,222.42,338.05,62.76,30.94,58.52,50.76,121.93,122.88,377.53,373.61,371.25,377.18,374.35,5.046,0.022,351.71,2026-01-01 08:48:40,RS001,50,1,378.61,25.71,1,csc_ptfe_601_plc
601,2026-01-01 08:48:50,OP101,JOB1001,,2,50.74,49.73,152.45,217.81,338.48,61.27,31.02,58.72,50.74,121.05,119.66,375.41,378.55,372.08,379.81,375.12,5.036,0.028,349.6,2026-01-01 08:48:50,RS001,50,1,375.36,25.81,1,csc_ptfe_601_plc
601,2026-01-01 08:49:00,OP101,JOB1001,,2,50.82,49.55,154.86,220.7,341.36,59.41,28.01,58.92,50.56,120.53,122.73,372.74,378.17,375.51,376.39,376.14,5.042,0.034,350.46,2026-01-01 08:49:00,RS001,50,1,376.02,25.52,1,csc_ptfe_601_plc
601,2026-01-01 08:49:10,OP101,JOB1001,,2,49.66,49.14,145.23,217.71,341.32,57.02,28.67,59.12,50.14,120.17,120.66,373.18,374.06,376.55,376.24,376.63,4.954,0.035,348.12,2026-01-01 08:49:10,RS001,50,1,373.71,24.36,1,csc_ptfe_601_plc
601,2026-01-01 08:49:20,OP101,JOB1001,,2,50.48,49.3,148.2,220.34,338.74,59.15,28.04,59.32,50.31,118.54,121.81,373.28,373.62,372.56,376.82,374.71,4.971,0.03,349.96,2026-01-01 08:49:20,RS001,50,1,376.31,25.69,1,csc_ptfe_601_plc
601,2026-01-01 08:49:30,OP101,JOB1001,,2,49.89,49.25,151.52,217.55,341.11,61.63,29.71,59.52,50.26,119.22,121.9,376.62,373.15,373.12,375.03,374.09,4.959,0.022,352.26,2026-01-01 08:49:30,RS001,50,1,376.51,24.55,1,csc_ptfe_601_plc
601,2026-01-01 08:49:40,OP101,JOB1001,,2,48.82,48.25,153.06,217.12,339.56,58.21,29.73,59.72,49.23,118.4,119.43,372.55,378.72,376.95,377.15,375.51,4.965,0.039,350.81,2026-01-01 08:49:40,RS001,50,1,375.35,25.32,1,csc_ptfe_601_plc
601,2026-01-01 08:49:50,OP101,JOB1001,,2,50.61,49.74,145.39,220.8,338.74,62.42,30.98,59.92,50.76,120.23,121.19,377.98,374.32,376.07,375.53,372.52,4.998,0.027,350.71,2026-01-01 08:49:50,RS001,50,1,378.77,25.06,1,csc_ptfe_601_plc
601,2026-01-01 08:50:00,OP101,JOB1001,,2,49.78,48.59,151.18,221.27,341.38,59.72,30.33,60.12,49.58,120.65,122.77,375.4,375.25,374.92,375.83,374.63,5.008,0.031,350.18,2026-01-01 08:50:00,RS001,50,1,378.03,24.54,1,csc_ptfe_601_plc
601,2026-01-01 08:50:10,OP101,JOB1001,,2,49.34,48.72,153.15,218.67,339.42,59.87,28.24,60.32,49.71,121.89,119.6,372.28,373.16,375.86,378.59,375.95,4.976,0.029,351.22,2026-01-01 08:50:10,RS001,50,1,376.92,24.23,1,csc_ptfe_601_plc
601,2026-01-01 08:50:20,OP101,JOB1001,,2,49.93,48.68,153.55,217.73,341.23,58.25,29.89,60.52,49.67,121.93,119.96,377.95,378.66,372.95,377.34,374.22,5.005,0.029,352.04,2026-01-01 08:50:20,RS001,50,1,375.78,24.44,1,csc_ptfe_601_plc
601,2026-01-01 08:50:30,OP101,JOB1001,,2,51.02,49.54,153.25,217.18,341.19,60.57,28.06,60.72,50.55,119.38,121.82,372.08,375.81,373.77,375.22,375.48,4.965,0.022,347.57,2026-01-01 08:50:30,RS001,50,1,377.18,25.08,1,csc_ptfe_601_plc
601,2026-01-01 08:50:40,OP101,JOB1001,,2,50.41,49.28,152.73,220.3,340.81,59.44,31.8,60.92,50.29,118.43,120.28,376.69,377.79,375.45,375.32,373.92,4.973,0.023,347.86,2026-01-01 08:50:40,RS001,50,1,376.23,24.3,1,csc_ptfe_601_plc
601,2026-01-01 08:50:50,OP101,JOB1001,,2,49.17,48.6,150.22,222.77,339.86,61.89,31.92,61.12,49.59,119.85,120.47,374.79,375.36,372.81,379.05,377.54,4.993,0.027,352.19,2026-01-01 08:50:50,RS001,50,1,377.26,24.26,1,csc_ptfe_601_plc
601,2026-01-01 08:51:00,OP101,JOB1001,,2,50.42,49.27,154.06,219.13,339.97,58.74,30.75,61.32,50.28,119.59,121.46,377.03,376.21,376.9,375.54,374.19,5.033,0.027,348.17,2026-01-01 08:51:00,RS001,50,1,375.79,25.63,1,csc_ptfe_601_plc
601,2026-01-01 08:51:10,OP101,JOB1001,,2,49.41,48.33,153.66,218.57,339.16,60.74,29.47,61.52,49.32,120.58,122.79,375.8,376.06,372.6,376.46,372.01,4.983,0.027,351.64,2026-01-01 08:51:10,RS001,50,1,378.68,24.25,1,csc_ptfe_601_plc
601,2026-01-01 08:51:20,OP101,JOB1001,,2,49.47,48.91,149.08,222.89,340.01,62.79,29.35,61.72,49.91,120.49,122.19,377.34,377.97,373.33,375.24,373.8,5.047,0.022,347.11,2026-01-01 08:51:20,RS001,50,1,378.23,25.17,1,csc_ptfe_601_plc
601,2026-01-01 08:51:30,OP101,JOB1001,,2,50.01,48.87,148.01,221.08,338.45,57.85,29.41,61.92,49.87,120.29,122.94,376.41,375.91,372.35,374.2,375.68,5.045,0.027,347.39,2026-01-01 08:51:30,RS001,50,1,375.28,24.74,1,csc_ptfe_601_plc
601,2026-01-01 08:51:40,OP101,JOB1001,,2,49.73,48.71,153.47,220.41,340.42,60.72,29.78,62.12,49.7,119.98,120.06,372.69,374.52,372.34,379.46,372.52,5,0.033,351.69,2026-01-01 08:51:40,RS001,50,1,378.22,25.49,1,csc_ptfe_601_plc
601,2026-01-01 08:51:50,OP101,JOB1001,,2,50,48.96,154.27,222.8,339.56,58.21,28.58,62.32,49.96,118.73,122.43,377.07,377.05,375.91,374.76,373.95,4.972,0.021,347.23,2026-01-01 08:51:50,RS001,50,1,378.75,24.45,1,csc_ptfe_601_plc
601,2026-01-01 08:52:00,OP101,JOB1001,,2,49.46,48.9,145.76,218.52,338.22,61.75,31.44,62.53,49.9,119.58,121.28,372.12,375.8,372.35,378.72,373.21,4.97,0.026,350.69,2026-01-01 08:52:00,RS001,50,1,374.29,25.07,1,csc_ptfe_601_plc
601,2026-01-01 08:52:10,OP101,JOB1001,,2,49.96,48.56,154.64,220.15,340.83,58.32,29.52,62.73,49.55,120.03,122.81,377.47,375.15,373.8,374.74,376.81,4.986,0.023,352.28,2026-01-01 08:52:10,RS001,50,1,377.5,25.84,1,csc_ptfe_601_plc
601,2026-01-01 08:52:20,OP101,JOB1001,,2,49.44,48.47,154.13,218.93,341.86,60.33,28.36,62.93,49.46,121.93,122.62,373.63,375.99,371.79,378.79,377.29,5.013,0.027,350.99,2026-01-01 08:52:20,RS001,50,1,375.1,24.53,1,csc_ptfe_601_plc
601,2026-01-01 08:52:30,OP101,JOB1001,,2,50.15,48.89,148.45,221.31,338.91,62.56,31.13,63.13,49.89,121.98,120.1,376.22,373.93,374.27,374.94,377.71,5.029,0.022,352.79,2026-01-01 08:52:30,RS001,50,1,378.5,25.46,1,csc_ptfe_601_plc
601,2026-01-01 08:52:40,OP101,JOB1001,,2,49.86,48.65,147.88,222.78,341.56,57.18,28.38,63.33,49.64,121.45,119.76,376.05,375.49,372.55,379.73,374.99,4.978,0.037,349.64,2026-01-01 08:52:40,RS001,50,1,378.47,24.02,1,csc_ptfe_601_plc
601,2026-01-01 08:52:50,OP101,JOB1001,,2,49.62,48.48,145.09,218.51,341.79,59.89,30.68,63.53,49.47,118.76,121.93,374.24,375.97,376.25,377.48,372.71,4.952,0.039,349.06,2026-01-01 08:52:50,RS001,50,1,374.77,25.5,1,csc_ptfe_601_plc
601,2026-01-01 08:53:00,OP101,JOB1001,,2,48.94,48.41,147.65,217.41,340.04,58.8,31.79,63.73,49.4,119.26,119.57,373.9,378.34,371.62,376.77,374.04,5.016,0.025,350.98,2026-01-01 08:53:00,RS001,50,1,376.2,25.39,1,csc_ptfe_601_plc
601,2026-01-01 08:53:10,OP101,JOB1001,,2,50.35,49.1,152.42,218.47,341.7,62.87,28.26,63.93,50.1,120.97,122.67,376.13,373.21,374.09,374.05,372.52,4.97,0.029,348.39,2026-01-01 08:53:10,RS001,50,1,373.58,25.99,1,csc_ptfe_601_plc
601,2026-01-01 08:53:20,OP101,JOB1001,,2,51.24,49.75,149.6,222.9,340.55,58.86,31.45,64.13,50.77,119.01,119.11,374.11,377.9,374.34,378.45,376.7,5.01,0.032,348.87,2026-01-01 08:53:20,RS001,50,1,377.65,24.94,1,csc_ptfe_601_plc
601,2026-01-01 08:53:30,OP101,JOB1001,,2,50.29,49.24,147.19,221.2,338.21,61.2,30.88,64.33,50.25,121.13,120.72,375.79,375.01,375.8,375.47,372.65,4.985,0.028,347.94,2026-01-01 08:53:30,RS001,50,1,376.72,24.22,1,csc_ptfe_601_plc
601,2026-01-01 08:53:40,OP101,JOB1001,,2,49.62,48.52,152.84,219.47,340.47,57.56,31.31,64.53,49.51,118.32,122.67,372.85,375.23,374.42,376.46,372.28,5.001,0.028,347.2,2026-01-01 08:53:40,RS001,50,1,376.81,24.43,1,csc_ptfe_601_plc
601,2026-01-01 08:53:50,OP101,JOB1001,,2,50.51,49.48,152.87,220.58,338.98,57.57,28.18,64.73,50.49,119.86,122.36,376.88,378.11,375.28,376.1,373.1,5.025,0.034,347.81,2026-01-01 08:53:50,RS001,50,1,374.71,25.27,1,csc_ptfe_601_plc
601,2026-01-01 08:54:00,OP101,JOB1001,,2,50.85,49.45,148.03,220.36,341.67,57.78,28.13,64.93,50.46,118.96,121.98,375.33,375.13,373.05,377.14,373.55,4.973,0.035,348.21,2026-01-01 08:54:00,RS001,50,1,376.25,24.17,1,csc_ptfe_601_plc
601,2026-01-01 08:54:10,OP101,JOB1001,,2,50.63,49.22,145.16,219.32,340.79,58.59,30.71,65.13,50.22,121.07,119.38,375.2,377.04,373,377.9,372.94,4.956,0.029,348.49,2026-01-01 08:54:10,RS001,50,1,376.2,25.61,1,csc_ptfe_601_plc
601,2026-01-01 08:54:20,OP101,JOB1001,,2,50.38,49.27,148.71,217.42,341.96,60.94,29.75,65.33,50.28,120.06,121.91,377.55,376.91,376.41,379.61,374.6,4.993,0.039,349.36,2026-01-01 08:54:20,RS001,50,1,377.39,24.13,1,csc_ptfe_601_plc
601,2026-01-01 08:54:30,OP101,JOB1001,,2,49.81,48.55,145.93,221.29,339.43,58.23,28.86,65.53,49.54,120.82,119.64,372.84,373.8,374.37,375.78,372.13,5.042,0.032,349.64,2026-01-01 08:54:30,RS001,50,1,378.67,25.2,1,csc_ptfe_601_plc
601,2026-01-01 08:54:40,OP101,JOB1001,,2,49.61,48.26,148.65,221.75,339.35,61.04,30.36,65.73,49.24,118.91,121.12,373.37,375.91,372.47,374.92,375.2,4.999,0.024,350.42,2026-01-01 08:54:40,RS001,50,1,374.58,25.2,1,csc_ptfe_601_plc
601,2026-01-01 08:54:50,OP101,JOB1001,,2,49.67,48.63,151.66,221.29,339.42,61.76,28.49,65.93,49.62,121.38,119.48,377.08,375.53,373.29,377.76,372.11,4.965,0.022,349.64,2026-01-01 08:54:50,RS001,50,1,376.53,25.27,1,csc_ptfe_601_plc
601,2026-01-01 08:55:00,OP101,JOB1001,,2,49.54,48.42,146.64,220.2,338.28,60.23,29.69,66.13,49.41,120.4,120.88,377.37,373.47,373.95,376.04,373.41,4.966,0.029,349.49,2026-01-01 08:55:00,RS001,50,1,375.85,25.78,1,csc_ptfe_601_plc
601,2026-01-01 08:55:10,OP101,JOB1001,,2,49.03,48.44,150.97,217.46,340.77,61.69,31.07,66.33,49.43,121.06,119.25,373.01,376.14,371.91,378.47,373.68,5.007,0.038,347.56,2026-01-01 08:55:10,RS001,50,1,377.45,25.22,1,csc_ptfe_601_plc
601,2026-01-01 08:55:20,OP101,JOB1001,,2,50.79,49.64,152.4,221.95,339.17,59.23,31.01,66.53,50.65,118,119.46,372.55,376.4,375.08,377.13,374.16,5.004,0.02,352.75,2026-01-01 08:55:20,RS001,50,1,374.19,24.78,1,csc_ptfe_601_plc
601,2026-01-01 08:55:30,OP101,JOB1001,,2,50.35,49.38,151.24,217.84,340.03,60.28,30.14,66.73,50.39,119.55,120.87,375.75,373.22,373.58,378.03,373.55,5.047,0.036,349.83,2026-01-01 08:55:30,RS001,50,1,377.02,25.09,1,csc_ptfe_601_plc
601,2026-01-01 08:55:40,OP101,JOB1001,,2,49.97,49.36,149.38,217.7,340.5,62.7,29.82,66.93,50.37,120.01,121.89,373.1,375.01,375.09,378.26,376.55,4.961,0.024,351.84,2026-01-01 08:55:40,RS001,50,1,378.51,24.03,1,csc_ptfe_601_plc
601,2026-01-01 08:55:50,OP101,JOB1001,,2,49.57,48.26,146.28,217.34,341.27,61.95,30.56,67.13,49.24,119.59,120.67,376.46,378.41,373.32,374.99,373.93,4.973,0.022,352.11,2026-01-01 08:55:50,RS001,50,1,373.36,25.62,1,csc_ptfe_601_plc
601,2026-01-01 08:56:00,OP101,JOB1001,,2,50.17,48.99,151.67,222.72,339.31,59.61,31.47,67.33,49.99,121.38,120.49,372.31,376.64,375.15,377.52,375.89,5.013,0.036,347.56,2026-01-01 08:56:00,RS001,50,1,377.67,25.35,1,csc_ptfe_601_plc
601,2026-01-01 08:56:10,OP101,JOB1001,,2,50.49,49.24,154.89,218.84,340.91,58.57,29.83,67.54,50.25,119.83,120.15,376.44,373.29,375.86,375.33,373.31,5.021,0.03,352.04,2026-01-01 08:56:10,RS001,50,1,376.56,25.64,1,csc_ptfe_601_plc
601,2026-01-01 08:56:20,OP101,JOB1001,,2,50.12,49.34,147.81,218.25,340.93,59.55,29.66,67.74,50.35,120.6,121.16,377.54,377.13,376.41,375.03,373.65,4.954,0.021,351.57,2026-01-01 08:56:20,RS001,50,1,375.2,24.81,1,csc_ptfe_601_plc
601,2026-01-01 08:56:30,OP101,JOB1001,,2,50.34,49.02,148.2,219.1,339.02,59.98,29.18,67.94,50.02,118.47,120.27,372.68,373.8,372.55,377.83,376.02,5.04,0.032,350.75,2026-01-01 08:56:30,RS001,50,1,373.99,24.72,1,csc_ptfe_601_plc
601,2026-01-01 08:56:40,OP101,JOB1001,,2,49.93,48.53,149.49,218.64,341.84,57.53,29.18,68.14,49.52,118.85,120.22,376.37,375.09,376.21,379.27,372.97,4.976,0.026,350.96,2026-01-01 08:56:40,RS001,50,1,373.98,24.76,1,csc_ptfe_601_plc
601,2026-01-01 08:56:50,OP101,JOB1001,,2,49.06,48.29,154.25,222.79,340.54,61.97,30.19,68.34,49.28,120.16,120.66,375.1,376.78,375.15,377.45,375.4,4.959,0.033,348.79,2026-01-01 08:56:50,RS001,50,1,373.86,24.45,1,csc_ptfe_601_plc
601,2026-01-01 08:57:00,OP101,JOB1001,,2,50.11,49.4,145.87,217.53,341.42,60.51,30.71,68.54,50.41,119.37,119.06,376.07,375.34,371.47,378.67,376.64,4.988,0.026,348.85,2026-01-01 08:57:00,RS001,50,1,376.07,24.62,1,csc_ptfe_601_plc
601,2026-01-01 08:57:10,OP101,JOB1001,,2,50.07,49.31,149.11,222.55,338.05,58.81,30.71,68.74,50.32,120.78,121.29,374.09,375.74,374.47,376.24,375.97,4.988,0.027,347.94,2026-01-01 08:57:10,RS001,50,1,373.71,25.91,1,csc_ptfe_601_plc
601,2026-01-01 08:57:20,OP101,JOB1001,,2,49.17,48.64,152.59,220.8,340.63,61.23,29.45,68.94,49.63,120.49,122.66,376.02,378.72,371.53,376.94,376.69,4.95,0.022,348.91,2026-01-01 08:57:20,RS001,50,1,376.65,24.82,1,csc_ptfe_601_plc
601,2026-01-01 08:57:30,OP101,JOB1001,,2,49.78,48.32,147.84,222.58,338.56,60.66,31.14,69.14,49.31,121.35,120.4,377.83,376.66,374.77,377.28,375.46,5.032,0.035,349.86,2026-01-01 08:57:30,RS001,50,1,378.65,25.54,1,csc_ptfe_601_plc
601,2026-01-01 08:57:40,OP101,JOB1001,,2,49.93,48.84,153.25,220.11,339.33,59.53,29.27,69.34,49.84,121.85,122.64,372.84,377.94,374.32,379.61,374.18,5.002,0.034,349.26,2026-01-01 08:57:40,RS001,50,1,378.42,25.53,1,csc_ptfe_601_plc
601,2026-01-01 08:57:50,OP101,JOB1001,,2,49.69,48.7,153.02,219.55,340.47,58.98,30.84,69.54,49.69,118.98,120.76,373.98,377.18,373.01,378.2,374.92,5.027,0.023,348.3,2026-01-01 08:57:50,RS001,50,1,377.05,24.3,1,csc_ptfe_601_plc
601,2026-01-01 08:58:00,OP101,JOB1001,,2,50.42,49.73,149.01,218.31,340.34,59.6,28.95,69.74,50.74,119.78,120.34,377.04,373.84,372.93,374.18,375.73,5.007,0.038,350.22,2026-01-01 08:58:00,RS001,50,1,373.79,25.91,1,csc_ptfe_601_plc
601,2026-01-01 08:58:10,OP101,JOB1001,,2,50.13,49.62,154.92,220.99,338.52,59.31,29.62,69.94,50.63,121.01,122.18,372.5,374.07,372.89,379.26,375.48,5.016,0.036,348.82,2026-01-01 08:58:10,RS001,50,1,378.92,25.43,1,csc_ptfe_601_plc
601,2026-01-01 08:58:20,OP101,JOB1001,,2,50.25,49.51,148.9,222.65,338.35,61.26,29.6,70.14,50.52,118.7,119.7,374,377.29,374.17,379,377.8,5.035,0.033,352.18,2026-01-01 08:58:20,RS001,50,1,375.22,25.49,1,csc_ptfe_601_plc
601,2026-01-01 08:58:30,OP101,JOB1001,,2,49.39,48.32,148.66,220.97,340.17,57.06,29.68,70.34,49.31,121.69,119.8,374.35,373.75,374.27,374.13,373.67,4.963,0.037,351.22,2026-01-01 08:58:30,RS001,50,1,374.14,24.44,1,csc_ptfe_601_plc
601,2026-01-01 08:58:40,OP101,JOB1001,,2,49.68,49.09,153.88,220.68,341.79,61.4,31.74,70.54,50.09,120.26,119.58,373.94,375.01,373.2,374.96,375.08,5.042,0.034,347.26,2026-01-01 08:58:40,RS001,50,1,373.25,24.59,1,csc_ptfe_601_plc
601,2026-01-01 08:58:50,OP101,JOB1001,,2,50.48,49.67,145.76,217.15,338.46,57.71,28.31,70.74,50.68,119.42,122.68,375.92,374.21,374.48,379.89,372.9,4.95,0.033,347.32,2026-01-01 08:58:50,RS001,50,1,375.44,25.21,1,csc_ptfe_601_plc
601,2026-01-01 08:59:00,OP101,JOB1001,,2,50.51,49.69,150.25,220.8,339.51,62.74,29.95,70.94,50.7,120.45,120.97,374.34,376.07,373.35,375.8,374.5,5.004,0.03,350.52,2026-01-01 08:59:00,RS001,50,1,377.92,24.97,1,csc_ptfe_601_plc
601,2026-01-01 08:59:10,OP101,JOB1001,,2,49.39,48.53,149,222.93,340.73,61.82,31.47,71.14,49.52,121.43,122.44,375.79,378.98,375.3,378.84,377.01,4.989,0.025,352.56,2026-01-01 08:59:10,RS001,50,1,374.89,25.66,1,csc_ptfe_601_plc
601,2026-01-01 08:59:20,OP101,JOB1001,,2,50.24,49.57,149.97,222,339.36,62.01,31.88,71.34,50.58,118.11,120.72,373.83,375.51,375.17,376.1,372.41,4.953,0.03,347.22,2026-01-01 08:59:20,RS001,50,1,378.15,24.18,1,csc_ptfe_601_plc
601,2026-01-01 08:59:30,OP101,JOB1001,,2,50.51,49.57,145.27,217.19,338.05,57.37,30.11,71.54,50.58,120.2,120.24,376.83,375.49,371.46,376.29,373.96,5.031,0.026,351.58,2026-01-01 08:59:30,RS001,50,1,374.3,24.4,1,csc_ptfe_601_plc
601,2026-01-01 08:59:40,OP101,JOB1001,,2,49.7,48.31,147.13,221.97,338.68,62.45,29.27,71.74,49.3,121.46,120.14,374.14,374.49,372.74,374.53,376.08,5.043,0.033,352.01,2026-01-01 08:59:40,RS001,50,1,375.27,25.12,1,csc_ptfe_601_plc
601,2026-01-01 08:59:50,OP101,JOB1001,,2,50.62,49.24,151.73,220.02,340.33,58.6,30.59,71.94,50.25,120.1,120.28,372.31,375.56,376.6,374.08,377.15,5.009,0.039,351.21,2026-01-01 08:59:50,RS001,50,1,375.72,24.91,1,csc_ptfe_601_plc
601,2026-01-01 09:00:00,OP101,JOB1001,,2,49.8,48.93,151.86,217.16,341.63,59.85,28.36,72.14,49.93,120.04,120.55,374.97,373.31,375.11,374.52,376.55,5.013,0.027,351.92,2026-01-01 09:00:00,RS001,50,1,374.05,25,1,csc_ptfe_601_plc
601,2026-01-01 09:00:10,OP101,JOB1001,,2,50.69,49.67,146.55,222.21,338.76,60.38,28.76,72.34,50.68,121.23,119.15,376.03,374.38,373.81,374.71,372.71,5.001,0.03,351.56,2026-01-01 09:00:10,RS001,50,1,378.39,25.04,1,csc_ptfe_601_plc
601,2026-01-01 09:00:20,OP101,JOB1001,,2,49.34,48.38,153.76,220.95,339.79,60.68,30.53,72.55,49.37,120.47,121.2,372.41,374.39,375.65,379.11,375.42,5.016,0.028,351.18,2026-01-01 09:00:20,RS001,50,1,376.87,24.04,1,csc_ptfe_601_plc
601,2026-01-01 09:00:30,OP101,JOB1001,,2,49.76,49.23,151.47,220.98,340.4,61.84,31.64,72.75,50.23,118.73,119.49,376.19,376.53,374.93,377.07,373.28,4.977,0.035,349.26,2026-01-01 09:00:30,RS001,50,1,375.94,24.33,1,csc_ptfe_601_plc
601,2026-01-01 09:00:40,OP101,JOB1001,,2,50.06,49.25,151.77,217.59,341.76,61.45,29.11,72.95,50.26,121.79,121.49,375.01,373.22,375.62,378.27,374.01,4.964,0.039,349.64,2026-01-01 09:00:40,RS001,50,1,376.29,25.22,1,csc_ptfe_601_plc
601,2026-01-01 09:00:50,OP101,JOB1001,,2,49.96,49.26,149.38,220.75,338.13,60.53,28.35,73.15,50.27,118.02,120.25,374.8,376.99,375.85,378.8,372.72,4.95,0.034,347.43,2026-01-01 09:00:50,RS001,50,1,377.41,24.27,1,csc_ptfe_601_plc
601,2026-01-01 09:01:00,OP101,JOB1001,,2,50.26,49.48,152.91,217.37,339.76,62.77,30.92,73.35,50.49,119.83,122.11,375.58,378.24,376.47,375.9,375.15,4.989,0.032,352.85,2026-01-01 09:01:00,RS001,50,1,374.84,24.39,1,csc_ptfe_601_plc
601,2026-01-01 09:01:10,OP101,JOB1001,,2,49.93,48.91,153.88,217.68,339.82,60.91,28.22,73.55,49.91,120.39,119.09,374.11,375.67,372.42,374.33,372.95,4.977,0.034,347.61,2026-01-01 09:01:10,RS001,50,1,377.39,25.54,1,csc_ptfe_601_plc
601,2026-01-01 09:01:20,OP101,JOB1001,,2,50.05,48.76,153.95,217.37,338.25,59.05,29.38,73.75,49.76,120.62,122.73,376.56,375.95,373.77,374.04,372.14,5.037,0.033,349.39,2026-01-01 09:01:20,RS001,50,1,374.96,25.91,1,csc_ptfe_601_plc
601,2026-01-01 09:01:30,OP101,JOB1001,,2,49.05,48.26,151.2,218.86,339.99,60.93,28.49,73.95,49.24,118.22,119.72,372.5,374.43,372.57,377.05,374.83,5.002,0.021,348.54,2026-01-01 09:01:30,RS001,50,1,374.46,25.77,1,csc_ptfe_601_plc
601,2026-01-01 09:01:40,OP101,JOB1001,,2,49.95,48.82,147.98,218.5,341.42,60.15,29.03,74.15,49.82,120.01,122.06,375.98,378.59,371.44,374.18,376.53,5.039,0.026,347.17,2026-01-01 09:01:40,RS001,50,1,373.4,24.33,1,csc_ptfe_601_plc
601,2026-01-01 09:01:50,OP101,JOB1001,,2,50.3,49.06,151.09,217.1,339.82,61.95,29.77,74.35,50.06,121.14,122.47,377.25,376.02,374.01,378.08,375.27,5.048,0.024,350.66,2026-01-01 09:01:50,RS001,50,1,373.85,25.68,1,csc_ptfe_601_plc
601,2026-01-01 09:02:00,OP101,JOB1001,,2,49.93,49.39,146,221.45,340.41,61.53,30.36,74.55,50.4,118.35,121.32,372.45,378.72,374.98,379.37,373.16,4.994,0.039,349.92,2026-01-01 09:02:00,RS001,50,1,376.8,24.7,1,csc_ptfe_601_plc
601,2026-01-01 09:02:10,OP101,JOB1001,,2,50.36,49.31,148,222.69,340.25,58.79,28.66,74.75,50.32,121.57,120.49,374.58,378.52,373.43,377.43,377.18,4.995,0.039,351.12,2026-01-01 09:02:10,RS001,50,1,374.94,24.01,1,csc_ptfe_601_plc
601,2026-01-01 09:02:20,OP101,JOB1001,,2,49.19,48.58,150.56,219.54,339.32,59.58,28.11,74.95,49.57,118.59,121.51,376.27,378.31,374.83,374.19,377.46,5.037,0.031,350.31,2026-01-01 09:02:20,RS001,50,1,374.51,25.48,1,csc_ptfe_601_plc
601,2026-01-01 09:02:30,OP101,JOB1001,,2,49.43,48.4,154.38,217.88,338.37,61.93,29.76,75.15,49.39,119.64,119.58,377.14,378.13,373.6,378.58,375.88,5.004,0.029,351.09,2026-01-01 09:02:30,RS001,50,1,376.73,24.68,1,csc_ptfe_601_plc
601,2026-01-01 09:02:40,OP101,JOB1001,,2,49.25,48.7,148.57,221.42,341.57,60.14,30.08,75.35,49.69,118.46,120.3,375.97,373.52,376.19,378.06,373.99,5.048,0.022,352.05,2026-01-01 09:02:40,RS001,50,1,373.16,24.02,1,csc_ptfe_601_plc
601,2026-01-01 09:02:50,OP101,JOB1001,,2,50.24,49.57,153.15,218.41,338.37,62.08,31.32,75.55,50.58,119.31,120.57,374.43,375.41,374.12,375.67,372.03,4.987,0.026,347.53,2026-01-01 09:02:50,RS001,50,1,377.11,25.46,1,csc_ptfe_601_plc
601,2026-01-01 09:03:00,OP101,JOB1001,,2,49.57,48.29,147.37,222.49,338.07,62.53,28.5,75.75,49.28,119.25,121.32,377.31,378.85,375.68,374.76,375.68,5.007,0.039,348.6,2026-01-01 09:03:00,RS001,50,1,375.84,25.29,1,csc_ptfe_601_plc
601,2026-01-01 09:03:10,OP101,JOB1001,,2,50.34,49.56,148.76,222.96,338.39,57.13,28.69,75.95,50.57,121.57,120.41,375.35,378.75,373.24,379.65,375.62,5.017,0.024,352.16,2026-01-01 09:03:10,RS001,50,1,374.82,25.2,1,csc_ptfe_601_plc
601,2026-01-01 09:03:20,OP101,JOB1001,,2,49.78,48.9,150.75,218.95,341.15,57.85,31.31,76.15,49.9,119.66,122.7,376.14,377.67,374.34,374.62,376.19,5.004,0.029,350.04,2026-01-01 09:03:20,RS001,50,1,375.37,25.77,1,csc_ptfe_601_plc
601,2026-01-01 09:03:30,OP101,JOB1001,,2,50.04,49.3,145.46,220.6,339.75,60.49,30.68,76.35,50.31,119.58,121.63,375.98,373.71,376.8,375.42,373.2,5.002,0.034,347.44,2026-01-01 09:03:30,RS001,50,1,377.43,24.85,1,csc_ptfe_601_plc
601,2026-01-01 09:03:40,OP101,JOB1001,,2,49.45,48.38,149.06,219.82,341.35,62.34,28.95,76.55,49.37,119.64,119.17,373.3,373.49,371.53,377.66,375.81,5.007,0.025,349.29,2026-01-01 09:03:40,RS001,50,1,376.38,25.25,1,csc_ptfe_601_plc
601,2026-01-01 09:03:50,OP101,JOB1001,,2,49.92,49.13,150.45,218.75,338.27,59.13,28.96,76.75,50.13,120.61,120.64,376.56,375.62,374.61,375.79,376.59,4.989,0.035,349.93,2026-01-01 09:03:50,RS001,50,1,376.38,25.06,1,csc_ptfe_601_plc
601,2026-01-01 09:04:00,OP101,JOB1001,,2,49.38,48.59,145.2,222.46,339.85,59.24,29.56,76.95,49.58,119.63,122.12,374.33,378.89,374.65,379.98,372.99,4.955,0.033,348.25,2026-01-01 09:04:00,RS001,50,1,378.95,24.63,1,csc_ptfe_601_plc
601,2026-01-01 09:04:10,OP101,JOB1001,,2,49.5,48.26,150.96,218.77,341.66,57.93,31.43,77.15,49.24,121.18,120.34,374.65,375.02,375.78,379.01,373.49,5.02,0.021,349.26,2026-01-01 09:04:10,RS001,50,1,374.23,24.35,1,csc_ptfe_601_plc
601,2026-01-01 09:04:20,OP101,JOB1001,,2,50.73,49.51,145.86,221.66,338.61,57.38,29.19,77.35,50.52,121.63,120.52,372.03,376.36,372.09,377.72,377.1,4.991,0.035,352.97,2026-01-01 09:04:20,RS001,50,1,377.63,24.78,1,csc_ptfe_601_plc
601,2026-01-01 09:04:30,OP101,JOB1001,,2,49.15,48.32,147.14,217.93,341.78,61.67,28.92,77.56,49.31,119.88,122.51,375.46,376.76,376.34,379.12,372.43,4.994,0.035,347.18,2026-01-01 09:04:30,RS001,50,1,378.13,25.49,1,csc_ptfe_601_plc
601,2026-01-01 09:04:40,OP101,JOB1001,,2,49.75,49.18,154.7,219.06,341.86,61.34,28.87,77.76,50.18,119.34,121.6,376.05,374.68,372.62,377.45,372.55,4.996,0.039,351.65,2026-01-01 09:04:40,RS001,50,1,377.61,25.88,1,csc_ptfe_601_plc
601,2026-01-01 09:04:50,OP101,JOB1001,,2,49.44,48.37,151.51,222.7,340.72,60.31,29.5,77.96,49.36,118.79,120.6,372,375.99,375.38,375.84,375.94,4.976,0.028,349.35,2026-01-01 09:04:50,RS001,50,1,376.89,24.19,1,csc_ptfe_601_plc
601,2026-01-01 09:05:00,OP101,JOB1001,,2,50.36,49.23,151.93,219.15,338.48,61.73,31.25,78.16,50.23,119.81,119.28,375.83,373.06,371.43,378.8,374.41,5.033,0.022,347.44,2026-01-01 09:05:00,RS001,50,1,375.77,24.42,1,csc_ptfe_601_plc
601,2026-01-01 09:05:10,OP101,JOB1001,,2,49.55,48.51,154.03,220.4,339.59,57.78,30.51,78.36,49.5,121.68,120.65,377.91,376.1,375.98,376.39,377.71,4.987,0.028,349.95,2026-01-01 09:05:10,RS001,50,1,376.01,24.25,1,csc_ptfe_601_plc
601,2026-01-01 09:05:20,OP101,JOB1001,,2,50.52,49.46,153.66,218.38,338.45,61.39,30.77,78.56,50.47,120.76,120.37,372.31,376.8,371.61,379.68,372.85,4.968,0.039,347.05,2026-01-01 09:05:20,RS001,50,1,378.49,24.7,1,csc_ptfe_601_plc
601,2026-01-01 09:05:30,OP101,JOB1001,,2,49.41,48.69,150.32,217.58,339.59,62.27,29.91,78.76,49.68,121.4,119.96,374.81,378.19,374.89,377.92,374.36,4.986,0.034,347.69,2026-01-01 09:05:30,RS001,50,1,374.5,24.64,1,csc_ptfe_601_plc
601,2026-01-01 09:05:40,OP101,JOB1001,,2,49,48.46,149.13,219.73,339.08,60.8,31.63,78.96,49.45,119.35,119.09,372.15,378.08,376.24,378.64,376.97,4.972,0.037,350.81,2026-01-01 09:05:40,RS001,50,1,377.92,25.53,1,csc_ptfe_601_plc
601,2026-01-01 09:05:50,OP101,JOB1001,,2,50.77,49.35,149.43,221.99,340.95,60.05,30.94,79.16,50.36,120.96,122.66,374.12,374.41,374.64,376.69,374.18,4.974,0.028,351.64,2026-01-01 09:05:50,RS001,50,1,375.01,24.64,1,csc_ptfe_601_plc
601,2026-01-01 09:06:00,OP101,JOB1001,,2,49.31,48.34,151.27,217.18,340.37,58.86,30.53,79.36,49.33,118.33,121.72,372.82,377.71,371.4,374.57,376.43,4.965,0.027,349.51,2026-01-01 09:06:00,RS001,50,1,376.62,25.19,1,csc_ptfe_601_plc
601,2026-01-01 09:06:10,OP101,JOB1001,,2,50.14,49.54,154.01,220.86,338.22,60.89,29.78,79.56,50.55,120.36,119.38,373.53,376.5,374.3,377.78,372.8,5.015,0.035,349.51,2026-01-01 09:06:10,RS001,50,1,378.69,24.3,1,csc_ptfe_601_plc
601,2026-01-01 09:06:20,OP101,JOB1001,,2,49.94,49.24,152.7,218.84,338.72,58.43,29.96,79.76,50.25,121.74,122.54,372.46,376.75,376.59,375.99,376.39,4.958,0.034,350.5,2026-01-01 09:06:20,RS001,50,1,378.46,25.46,1,csc_ptfe_601_plc
601,2026-01-01 09:06:30,OP101,JOB1001,,2,50.45,49.66,146,221.55,338.24,58.95,30.99,79.96,50.67,121.24,121.59,372.01,375.88,376.19,377.4,375.63,4.972,0.025,351.93,2026-01-01 09:06:30,RS001,50,1,375.8,25.97,1,csc_ptfe_601_plc
601,2026-01-01 09:06:40,OP101,JOB1001,,2,50.42,49.03,145.78,220.28,339.09,60.9,31.35,80.16,50.03,120.15,120.24,377.35,375.85,373.19,377.71,373.89,5.03,0.039,348.61,2026-01-01 09:06:40,RS001,50,1,377.57,24.58,1,csc_ptfe_601_plc
601,2026-01-01 09:06:50,OP101,JOB1001,,2,49.58,48.24,145.69,217.94,340.83,58.52,31.17,80.36,49.22,121.18,119.88,373.45,377.11,372.88,377.3,372.16,4.984,0.027,350.21,2026-01-01 09:06:50,RS001,50,1,375.84,25.42,1,csc_ptfe_601_plc
601,2026-01-01 09:07:00,OP101,JOB1001,,2,50.47,49,146.69,219.63,338.94,59.2,29.68,80.56,50,121.09,122.72,372.27,377.08,371.73,379.47,377.53,4.973,0.039,349.18,2026-01-01 09:07:00,RS001,50,1,376.24,24.61,1,csc_ptfe_601_plc
601,2026-01-01 09:07:10,OP101,JOB1001,,2,49.81,49.26,150.73,219.19,339.86,57.76,28.11,80.76,50.27,121.24,120.52,375.27,378.57,376,378.94,377.59,5.031,0.028,350.88,2026-01-01 09:07:10,RS001,50,1,373.75,25.06,1,csc_ptfe_601_plc
601,2026-01-01 09:07:20,OP101,JOB1001,,2,50.18,49.46,145.45,220.23,341.81,60.03,28.01,80.96,50.47,118.78,122.18,375.93,376.67,376.59,378.86,374.57,5.024,0.033,350.55,2026-01-01 09:07:20,RS001,50,1,375.2,24.52,1,csc_ptfe_601_plc
601,2026-01-01 09:07:30,OP101,JOB1001,,2,50.3,48.86,148.82,220.29,340.71,61.28,31.26,81.16,49.86,119.04,122.19,376.36,376,375.7,376.12,374.02,5.019,0.035,351.97,2026-01-01 09:07:30,RS001,50,1,377.16,25.35,1,csc_ptfe_601_plc
601,2026-01-01 09:07:40,OP101,JOB1001,,2,50.27,49.72,145.99,222.9,340.11,60.95,30.01,81.36,50.73,118.51,122.48,372.91,378.09,371.8,379.74,377.34,4.983,0.021,348.99,2026-01-01 09:07:40,RS001,50,1,374,24.57,1,csc_ptfe_601_plc
601,2026-01-01 09:07:50,OP101,JOB1001,,2,49.75,48.64,147.04,219.11,340.76,57.45,29.9,81.56,49.63,118.08,121.69,374.34,374.41,372.84,375.37,376.26,5.036,0.039,352.84,2026-01-01 09:07:50,RS001,50,1,376.82,25.04,1,csc_ptfe_601_plc
601,2026-01-01 09:08:00,OP101,JOB1001,,2,50.27,49.4,149.38,222.76,341.19,62.6,31.17,81.76,50.41,119.73,120.03,375.09,375.21,376.19,377.57,373.3,4.988,0.023,349.5,2026-01-01 09:08:00,RS001,50,1,376.08,24.25,1,csc_ptfe_601_plc
601,2026-01-01 09:08:10,OP101,JOB1001,,2,50.08,49.03,151.39,217.48,341.09,57.87,29.13,81.96,50.03,119.3,119.42,375.04,373.99,374.8,376.33,377.13,5.05,0.027,349.9,2026-01-01 09:08:10,RS001,50,1,374.36,25.34,1,csc_ptfe_601_plc
601,2026-01-01 09:08:20,OP101,JOB1001,,2,50.34,48.92,147.39,218.1,340.57,57.26,30.48,82.16,49.92,121.95,119.5,375.65,375.91,375.39,377.71,373.64,4.999,0.028,352.57,2026-01-01 09:08:20,RS001,50,1,375.33,24.01,1,csc_ptfe_601_plc
601,2026-01-01 09:08:30,OP101,JOB1001,,2,49.15,48.27,154.57,217.07,341.02,62.59,29.55,82.36,49.26,118.01,120.62,377.9,377.15,374.18,377.42,377.53,5.029,0.02,349.31,2026-01-01 09:08:30,RS001,50,1,373.82,25.81,1,csc_ptfe_601_plc
601,2026-01-01 09:08:40,OP101,JOB1001,,2,49.48,48.89,154.9,222.21,340.12,61.42,31.58,82.57,49.89,121.33,119.43,377.13,375.03,376.13,377.47,376.73,4.953,0.025,351.24,2026-01-01 09:08:40,RS001,50,1,373.65,25.63,1,csc_ptfe_601_plc
601,2026-01-01 09:08:50,OP101,JOB1001,,2,49.76,48.63,146.47,222.36,340.72,61.6,30.69,82.77,49.62,120.07,121.21,373.19,373.81,375.81,379.4,375.78,5.03,0.023,351.51,2026-01-01 09:08:50,RS001,50,1,376.95,24.23,1,csc_ptfe_601_plc
601,2026-01-01 09:09:00,OP101,JOB1001,,2,51.19,49.76,153.25,219.85,341.3,59.46,31.36,82.97,50.78,121.66,120.93,375.44,373.49,373.05,376.83,372.21,4.99,0.027,349.95,2026-01-01 09:09:00,RS001,50,1,378.79,24.42,1,csc_ptfe_601_plc
601,2026-01-01 09:09:10,OP101,JOB1001,,2,49.88,48.96,148.03,222.68,338.69,58.92,31.3,83.17,49.96,120.95,120.65,374.38,374.45,371.61,378.32,373.24,5.027,0.027,348.47,2026-01-01 09:09:10,RS001,50,1,377.46,25.88,1,csc_ptfe_601_plc
601,2026-01-01 09:09:20,OP101,JOB1001,,2,49.83,48.51,147.73,219.98,339.14,58.08,29.51,83.37,49.5,119.35,120.09,374.58,376.6,373.59,375.37,376.66,5.048,0.032,352.15,2026-01-01 09:09:20,RS001,50,1,377.05,24.49,1,csc_ptfe_601_plc
601,2026-01-01 09:09:30,OP101,JOB1001,,2,49.23,48.67,147.36,219.02,340.65,60.08,31.1,83.57,49.66,120.53,120.61,374.29,377.86,373.95,374.05,373,4.988,0.025,352.9,2026-01-01 09:09:30,RS001,50,1,378.41,25.49,1,csc_ptfe_601_plc
601,2026-01-01 09:09:40,OP101,JOB1001,,2,50.58,49.73,154.31,220.97,341.12,59.93,28.76,83.77,50.74,121.01,120.56,372.46,375.81,375.74,377.88,376.89,5.004,0.027,349.81,2026-01-01 09:09:40,RS001,50,1,376.43,24.04,1,csc_ptfe_601_plc
601,2026-01-01 09:09:50,OP101,JOB1001,,2,49.85,49.12,152.65,221.25,340.08,62.93,30.12,83.97,50.12,120.87,120.02,374.19,375.12,373.19,376.67,377.8,4.999,0.026,350.69,2026-01-01 09:09:50,RS001,50,1,373.39,25.34,1,csc_ptfe_601_plc
601,2026-01-01 09:10:00,OP101,JOB1001,,2,49.17,48.63,152.08,219.91,339.6,58.33,28.94,84.17,49.62,120.09,120.97,373.41,378.69,376.75,375.58,374.99,4.981,0.039,348.45,2026-01-01 09:10:00,RS001,50,1,375.23,25.24,1,csc_ptfe_601_plc
601,2026-01-01 09:10:10,OP101,JOB1001,,2,50.25,49.47,147.38,219.31,338.47,61.39,31.12,84.37,50.48,119.56,120.27,372.86,377.54,376.43,379.84,376.75,5.023,0.022,350.19,2026-01-01 09:10:10,RS001,50,1,376.47,24.68,1,csc_ptfe_601_plc
601,2026-01-01 09:10:20,OP101,JOB1001,,2,50.21,49.57,154.26,222.16,341.95,57.09,29.04,84.57,50.58,119.42,122.86,373.09,374.03,374.93,374.76,373.23,4.975,0.03,349.15,2026-01-01 09:10:20,RS001,50,1,377.46,24.85,1,csc_ptfe_601_plc
601,2026-01-01 09:10:30,OP101,JOB1001,,2,50.61,49.58,151.09,219.96,338.28,58.39,29.59,84.77,50.59,118.75,121.94,375.48,373.69,374.23,379.2,374.77,5.007,0.03,352.53,2026-01-01 09:10:30,RS001,50,1,377.38,25.21,1,csc_ptfe_601_plc
601,2026-01-01 09:10:40,OP101,JOB1001,,2,49.44,48.37,145.83,219.28,338.94,61.47,30.4,84.97,49.36,118.62,120.05,372.68,377.1,371.47,375.79,373.88,4.989,0.034,348.99,2026-01-01 09:10:40,RS001,50,1,374.41,25.19,1,csc_ptfe_601_plc
601,2026-01-01 09:10:50,OP101,JOB1001,,2,50.92,49.76,150.12,221.06,338.06,60.47,31.88,85.17,50.78,119.13,121.03,376.89,376.1,371.79,376.98,372.14,5.047,0.03,352.67,2026-01-01 09:10:50,RS001,50,1,377.12,24.28,1,csc_ptfe_601_plc
601,2026-01-01 09:11:00,OP101,JOB1001,,2,50.38,48.92,152.01,221.75,340.41,60.63,30.15,85.37,49.92,120.34,120.32,375.47,374.03,371.26,377.69,374.87,4.963,0.032,348.76,2026-01-01 09:11:00,RS001,50,1,375.22,25.35,1,csc_ptfe_601_plc
601,2026-01-01 09:11:10,OP101,JOB1001,,2,50.81,49.6,153.22,221.2,339.15,61.97,29.32,85.57,50.61,121.26,119.55,374.34,377.86,376.28,379.17,373.8,5.02,0.025,348.83,2026-01-01 09:11:10,RS001,50,1,377.16,24.47,1,csc_ptfe_601_plc
601,2026-01-01 09:11:20,OP101,JOB1001,,2,49.34,48.4,153.57,218.41,341.05,57.57,28.84,85.77,49.39,119.18,120.37,375.77,373.56,376.22,379.12,375.57,4.963,0.027,347.98,2026-01-01 09:11:20,RS001,50,1,374.5,24.64,1,csc_ptfe_601_plc
601,2026-01-01 09:11:30,OP101,JOB1001,,2,50.57,49.55,147.26,219.49,341.17,62.19,31.2,85.97,50.56,119.8,122.23,375.03,375.28,374.18,379.34,376.35,5.038,0.037,348.68,2026-01-01 09:11:30,RS001,50,1,378.89,25.65,1,csc_ptfe_601_plc
601,2026-01-01 09:11:40,OP101,JOB1001,,2,49.63,48.76,146.86,218.29,340.9,62.42,30.44,86.17,49.76,121.27,121.87,376.5,376.43,376.03,375.35,372.38,5.034,0.028,348.57,2026-01-01 09:11:40,RS001,50,1,374.96,25.63,1,csc_ptfe_601_plc
601,2026-01-01 09:11:50,OP101,JOB1001,,2,49.12,48.61,154.84,217.53,339.75,62.95,31.1,86.37,49.6,118.78,121,377.83,377.36,372.98,374.85,375.87,5.04,0.028,347.81,2026-01-01 09:11:50,RS001,50,1,377.58,24.27,1,csc_ptfe_601_plc
601,2026-01-01 09:12:00,OP101,JOB1001,,2,50.98,49.66,149.65,218.05,339.77,58.43,29.32,86.57,50.67,119.72,121.81,376.95,377.73,376.08,376.91,373.97,5.025,0.039,348.15,2026-01-01 09:12:00,RS001,50,1,373.66,25.57,1,csc_ptfe_601_plc
601,2026-01-01 09:12:10,OP101,JOB1001,,2,49.64,48.54,152.84,222.19,341.81,61.46,31.22,86.77,49.53,120.33,119.88,372.84,374.34,372.63,374.32,374.58,5.005,0.022,347.94,2026-01-01 09:12:10,RS001,50,1,378.74,25.78,1,csc_ptfe_601_plc
601,2026-01-01 09:12:20,OP101,JOB1001,,2,49.2,48.25,146.01,219.2,339.39,62.61,31.88,86.97,49.23,121.45,119.83,373.62,377.81,375.19,379.55,376.75,4.988,0.028,349.39,2026-01-01 09:12:20,RS001,50,1,373.85,25.1,1,csc_ptfe_601_plc
601,2026-01-01 09:12:30,OP101,JOB1001,,2,49.54,48.67,153.98,218.62,340.39,62.41,30.83,87.17,49.66,120.66,120.09,373.44,374.05,372.83,376.44,376.87,4.992,0.034,347.38,2026-01-01 09:12:30,RS001,50,1,374.43,25.76,1,csc_ptfe_601_plc
601,2026-01-01 09:12:40,OP101,JOB1001,,2,49.73,48.53,148.2,218.61,339.34,60.29,28.42,87.37,49.52,121.47,120.46,376.92,374.78,376.32,376.29,377.34,5.021,0.023,348.93,2026-01-01 09:12:40,RS001,50,1,374.08,25.5,1,csc_ptfe_601_plc
601,2026-01-01 09:12:50,OP101,JOB1001,,2,49.76,48.51,148.64,222.09,339.14,57.13,31.26,87.58,49.5,121.56,122.78,375.03,376.38,371.4,379.51,376.51,5.019,0.04,351.94,2026-01-01 09:12:50,RS001,50,1,374.19,25.84,1,csc_ptfe_601_plc
601,2026-01-01 09:13:00,OP101,JOB1001,,2,49.85,48.96,146.39,218.89,339.6,59.46,31.91,87.78,49.96,118.69,121.67,373.56,378.62,375.72,379.36,372.32,4.959,0.021,347.48,2026-01-01 09:13:00,RS001,50,1,374.63,24.6,1,csc_ptfe_601_plc
601,2026-01-01 09:13:10,OP101,JOB1001,,2,51.19,49.77,145.45,218.66,338.74,61.87,30.26,87.98,50.79,118.76,120.83,372.98,375.37,372.49,375.22,374.98,5.016,0.037,349.64,2026-01-01 09:13:10,RS001,50,1,375.15,24.97,1,csc_ptfe_601_plc
601,2026-01-01 09:13:20,OP101,JOB1001,,2,50.65,49.71,150.71,220.64,341.97,62.02,30.13,88.18,50.72,121.11,122.46,374.46,376.04,376.24,377.24,376.14,4.976,0.025,348,2026-01-01 09:13:20,RS001,50,1,376.02,24.04,1,csc_ptfe_601_plc
601,2026-01-01 09:13:30,OP101,JOB1001,,2,50.02,48.91,148.48,222.57,340.54,58.99,31.46,88.38,49.91,121.8,121.62,373.21,377.55,374.51,379.47,374.06,5.039,0.037,348.04,2026-01-01 09:13:30,RS001,50,1,374.85,24.34,1,csc_ptfe_601_plc
601,2026-01-01 09:13:40,OP101,JOB1001,,2,49.97,49.41,148.45,218.62,338.6,59.07,31.98,88.58,50.42,119.89,119.08,377.39,374.02,373.21,378.69,375.11,4.96,0.038,351.74,2026-01-01 09:13:40,RS001,50,1,373.51,25.48,1,csc_ptfe_601_plc
601,2026-01-01 09:13:50,OP101,JOB1001,,2,50.02,48.58,151.67,220.51,338.55,58.52,29.39,88.78,49.57,119.18,122.01,373.34,376.58,374.94,377.93,376.76,4.98,0.038,351.56,2026-01-01 09:13:50,RS001,50,1,376.48,24.86,1,csc_ptfe_601_plc
601,2026-01-01 09:14:00,OP101,JOB1001,,2,50.91,49.76,148.67,221.41,341.31,59.05,30.6,88.98,50.78,118.3,122.57,377.08,375.71,371.81,378.75,373.79,4.972,0.032,347.99,2026-01-01 09:14:00,RS001,50,1,376.81,25.56,1,csc_ptfe_601_plc
601,2026-01-01 09:14:10,OP101,JOB1001,,2,49.65,48.29,151.4,217.14,338.64,62.73,28.03,89.18,49.28,121.65,119.62,372.97,377.83,373.62,379.67,377.72,5.008,0.037,351.94,2026-01-01 09:14:10,RS001,50,1,378.4,25.46,1,csc_ptfe_601_plc
601,2026-01-01 09:14:20,OP101,JOB1001,,2,49.28,48.3,146.75,218.31,339.28,61.73,28.78,89.38,49.29,120.45,120.67,377.06,374.44,372.18,379.96,375.49,5.047,0.032,350.62,2026-01-01 09:14:20,RS001,50,1,378.24,25.71,1,csc_ptfe_601_plc
601,2026-01-01 09:14:30,OP101,JOB1001,,2,50.12,48.96,148.32,217.86,340.72,60.09,28.79,89.58,49.96,118.96,121.61,375.95,378.31,373.37,378.32,376.17,5.028,0.04,348.79,2026-01-01 09:14:30,RS001,50,1,378.21,24.63,1,csc_ptfe_601_plc
601,2026-01-01 09:14:40,OP101,JOB1001,,2,50.71,49.56,150.57,220.79,341.33,58.22,31.28,89.78,50.57,119.61,122.45,375.36,377.71,375.09,377,377.56,4.958,0.036,351.76,2026-01-01 09:14:40,RS001,50,1,373.22,24.44,1,csc_ptfe_601_plc
601,2026-01-01 09:14:50,OP101,JOB1001,,2,49.41,48.31,146.59,217.64,338.19,58.94,31.52,89.98,49.3,118.13,123,376.39,374.83,375.13,377.45,374.6,5.045,0.039,350.2,2026-01-01 09:14:50,RS001,50,1,376.23,24.8,1,csc_ptfe_601_plc
601,2026-01-01 09:15:00,OP101,JOB1001,,2,49.66,49,154.25,219.66,338.84,57.07,29.58,90.18,50,120.55,119.88,374.61,376.41,374.4,376.12,375.62,5.03,0.022,348.64,2026-01-01 09:15:00,RS001,50,1,375.14,24.31,1,csc_ptfe_601_plc
601,2026-01-01 09:15:10,OP101,JOB1001,,2,48.97,48,153.19,222.03,340.89,61,31.22,90.38,48.98,120.86,122.72,376.06,373.65,371.86,376.15,375.24,4.983,0.026,352.63,2026-01-01 09:15:10,RS001,50,1,373.53,25.26,1,csc_ptfe_601_plc
601,2026-01-01 09:15:20,OP101,JOB1001,,2,47.49,47,152.78,220.8,339.8,62.87,31.96,90.58,47.96,118.82,121.69,372.54,377.4,373.25,378.71,376.72,5.003,0.039,347.31,2026-01-01 09:15:20,RS001,50,1,376.48,25.75,1,csc_ptfe_601_plc
601,2026-01-01 09:15:30,OP101,JOB1001,,2,47.15,46,147.27,220,339.59,57.25,28.47,90.78,46.94,120.66,119.36,374.18,373.73,372.19,377.28,376.78,5.029,0.033,347.59,2026-01-01 09:15:30,RS001,50,1,377.56,25.28,1,csc_ptfe_601_plc
601,2026-01-01 09:15:40,OP101,JOB1001,,2,46.22,45,154.19,222.83,340.79,60.68,28.59,90.98,45.92,121.55,121.75,374.11,373.12,375.43,378.72,376.11,5.026,0.021,348.91,2026-01-01 09:15:40,RS001,50,1,377.06,25.22,1,csc_ptfe_601_plc
601,2026-01-01 09:15:50,OP101,JOB1001,,2,45.19,44,150.12,221.93,341.16,62.11,30.36,91.18,44.9,118.87,121.86,375.54,375.16,372.42,374.37,373.86,4.953,0.039,348.13,2026-01-01 09:15:50,RS001,50,1,377.29,25.2,1,csc_ptfe_601_plc
601,2026-01-01 09:16:00,OP101,JOB1001,,2,43.98,43,145.11,217.38,340.54,57.04,28.19,91.38,43.88,118.72,120.49,376.16,373.12,375.02,374.9,375.8,4.984,0.02,351.04,2026-01-01 09:16:00,RS001,50,1,375.73,24.32,1,csc_ptfe_601_plc
601,2026-01-01 09:16:10,OP101,JOB1001,,2,43.23,42,146.82,221.41,340.03,58.82,29.02,91.58,42.86,119.58,121.88,373.75,374.53,375.45,375.06,372.64,4.988,0.023,352.39,2026-01-01 09:16:10,RS001,50,1,377.62,25.37,1,csc_ptfe_601_plc
601,2026-01-01 09:16:20,OP101,JOB1001,,2,41.5,41,149.3,222.42,340.74,62.93,29.95,91.78,41.84,118.06,122.17,373.31,377.46,372.31,375.03,375.63,5.001,0.037,350.23,2026-01-01 09:16:20,RS001,50,1,373.08,24.45,1,csc_ptfe_601_plc
601,2026-01-01 09:16:30,OP101,JOB1001,,2,41.06,40,146.84,220.37,340.83,59.33,30.44,91.98,40.82,121.64,120.14,376.3,374.11,376.57,378.83,375.22,5.03,0.031,348.21,2026-01-01 09:16:30,RS001,50,1,377.63,25.1,1,csc_ptfe_601_plc
601,2026-01-01 09:16:40,OP101,JOB1001,,2,39.34,39,153.46,219.37,339.02,62.23,30.89,92.18,39.8,118.58,120.88,377.06,375.94,376.21,374.79,372.43,4.977,0.037,352.15,2026-01-01 09:16:40,RS001,50,1,375.94,24.39,1,csc_ptfe_601_plc
601,2026-01-01 09:16:50,OP101,JOB1001,,2,38.62,38,145.85,217.5,341.63,58.17,29.41,92.38,38.78,121.26,121.64,374.35,374.87,375.6,374.06,375.96,4.964,0.037,352.16,2026-01-01 09:16:50,RS001,50,1,377.68,24.2,1,csc_ptfe_601_plc
601,2026-01-01 09:17:00,OP101,JOB1001,,2,37.91,37,150.65,217.64,341.41,60.63,29.75,92.59,37.76,119.99,119.47,376.68,375.38,371.35,376.16,372.94,5.023,0.023,352.22,2026-01-01 09:17:00,RS001,50,1,376.31,24.75,1,csc_ptfe_601_plc
601,2026-01-01 09:17:10,OP101,JOB1001,,2,36.24,36,147.45,219.95,340.18,57.05,31.52,92.79,36.73,119.32,119.17,372.77,374.42,371.07,375.29,373.77,5.006,0.033,347.44,2026-01-01 09:17:10,RS001,50,1,377.68,24.06,1,csc_ptfe_601_plc
601,2026-01-01 09:17:20,OP101,JOB1001,,2,35.26,35,151.68,222.01,341.04,60.76,29.73,92.99,35.71,121.2,122.21,372.81,375.12,376.68,377.86,373.34,4.959,0.022,349.26,2026-01-01 09:17:20,RS001,50,1,377.11,25.81,1,csc_ptfe_601_plc
601,2026-01-01 09:17:30,OP101,JOB1001,,2,34.99,34,145.17,220.17,338.67,57.49,29.82,93.19,34.69,120.22,121.67,374.37,375.75,371.43,378.11,373.65,5.022,0.028,347.29,2026-01-01 09:17:30,RS001,50,1,376.51,24.08,1,csc_ptfe_601_plc
601,2026-01-01 09:17:40,OP101,JOB1001,,2,33.5,33,154.2,220.52,339.82,60.38,29.37,93.39,33.67,121.97,122.45,373.55,377.75,376.97,375.65,372.39,5.008,0.02,350.72,2026-01-01 09:17:40,RS001,50,1,376.74,24.85,1,csc_ptfe_601_plc
601,2026-01-01 09:17:50,OP101,JOB1001,,2,32.29,32,154.73,217.83,340.81,57.4,29.84,93.59,32.65,119.36,122.19,377.73,376.7,372.86,378.33,377.93,5.026,0.022,349.72,2026-01-01 09:17:50,RS001,50,1,373.21,25.99,1,csc_ptfe_601_plc
601,2026-01-01 09:18:00,OP101,JOB1001,,2,31.97,31,145.95,218.35,338.38,59.89,28.97,93.79,31.63,121.14,120.34,375.36,374.42,373.54,378.5,375.55,4.978,0.033,348.01,2026-01-01 09:18:00,RS001,50,1,374.89,24.21,1,csc_ptfe_601_plc
601,2026-01-01 09:18:10,OP101,JOB1001,,2,30.76,30,146.67,221.98,340.79,58.23,31,93.99,30.61,120.75,121.13,373.83,378.07,371.03,379.43,377.79,4.961,0.023,349.45,2026-01-01 09:18:10,RS001,50,1,376.56,25.8,1,csc_ptfe_601_plc
601,2026-01-01 09:18:20,OP101,JOB1001,,2,30.09,29,146.21,220.96,338.67,60.6,30.87,94.19,29.59,120.1,119.17,372.84,373.94,374.32,377.02,374.07,5.008,0.033,350.29,2026-01-01 09:18:20,RS001,50,1,373.7,25.41,1,csc_ptfe_601_plc
601,2026-01-01 09:18:30,OP101,JOB1001,,2,28.79,28,152.71,222.91,340.85,57.65,28.05,94.39,28.57,120.94,122.66,373.84,378.65,373.62,375.73,374.81,5.032,0.031,351.38,2026-01-01 09:18:30,RS001,50,1,378.52,24.1,1,csc_ptfe_601_plc
601,2026-01-01 09:18:40,OP101,JOB1001,,2,27.66,27,145.82,218.44,339.08,59.59,28.27,94.59,27.55,121.17,119.52,375.52,378.51,374.62,376.81,374.77,4.989,0.031,348.26,2026-01-01 09:18:40,RS001,50,1,375.18,24.6,1,csc_ptfe_601_plc
601,2026-01-01 09:18:50,OP101,JOB1001,,2,26.93,26,147.59,222.41,339.14,58.47,28.91,94.79,26.53,118.27,120.01,376.07,377.87,373.03,377.45,375.09,4.983,0.036,348.01,2026-01-01 09:18:50,RS001,50,1,376.98,25.59,1,csc_ptfe_601_plc
601,2026-01-01 09:19:00,OP101,JOB1001,,2,25.67,25,152.53,218.5,341.27,62.78,30.12,94.99,25.51,121.06,122.71,376.49,374.78,376.6,376.25,373,4.957,0.024,352.62,2026-01-01 09:19:00,RS001,50,1,378.91,24.5,1,csc_ptfe_601_plc
601,2026-01-01 09:19:10,OP101,JOB1001,,2,24.43,24,152.45,217.9,341.86,59.52,29.04,95.19,24.49,118.72,122.98,373.08,374.61,373.71,376.3,374.77,4.991,0.023,351.03,2026-01-01 09:19:10,RS001,50,1,375.09,24,1,csc_ptfe_601_plc
601,2026-01-01 09:19:20,OP101,JOB1001,,2,23.13,23,145.66,218.9,340.22,61.29,30.57,95.39,23.47,119.7,121,374.19,374.33,375.92,376.64,376.36,5.002,0.039,351.62,2026-01-01 09:19:20,RS001,50,1,376.12,24.94,1,csc_ptfe_601_plc
601,2026-01-01 09:19:30,OP101,JOB1001,,2,22.07,22,152.67,218.17,339.02,59.79,31.19,95.59,22.45,118.77,120.71,375.19,376.12,376.43,378.25,373.81,4.969,0.027,350.83,2026-01-01 09:19:30,RS001,50,1,376.5,25.22,1,csc_ptfe_601_plc
601,2026-01-01 09:19:40,OP101,JOB1001,,2,21.65,21,150.54,222.95,338.17,59.52,28.34,95.79,21.43,121.94,122.25,377.64,378.87,375.34,378.5,374.79,4.967,0.037,351.5,2026-01-01 09:19:40,RS001,50,1,376.91,24.78,1,csc_ptfe_601_plc
601,2026-01-01 09:19:50,OP101,JOB1001,,2,20.07,20,152.17,222.8,339.76,61.81,31.03,95.99,20.41,120.57,119.87,377.21,377.76,373.86,377.58,375.89,4.983,0.022,349.75,2026-01-01 09:19:50,RS001,50,1,378.85,24.12,1,csc_ptfe_601_plc
601,2026-01-01 09:20:00,OP101,JOB1001,,2,19.61,19,152.32,220.83,341.74,59.39,28.65,96.19,19.39,121.95,122.53,377.01,378.16,372.87,379.89,375.21,5.046,0.037,352.35,2026-01-01 09:20:00,RS001,50,1,377.9,24.73,1,csc_ptfe_601_plc
601,2026-01-01 09:20:10,OP101,JOB1001,,2,18.27,18,150.4,217.17,339.54,61.61,28.75,96.39,18.37,119.88,120.57,374.13,374.06,376.36,378.13,376.5,5.033,0.033,348.29,2026-01-01 09:20:10,RS001,50,1,374.74,25.3,1,csc_ptfe_601_plc
601,2026-01-01 09:20:20,OP101,JOB1001,,2,17.43,17,150.05,220.66,340.19,58.19,30.18,96.59,17.35,119.23,122.41,374.08,378.9,377,378.1,375.61,4.951,0.034,350.46,2026-01-01 09:20:20,RS001,50,1,377.01,25.5,1,csc_ptfe_601_plc
601,2026-01-01 09:20:30,OP101,JOB1001,,2,16.03,16,150.52,218.57,341.67,57.96,29.63,96.79,16.33,120.91,120.23,376.27,376.45,375.53,375.78,377.49,4.96,0.033,348.66,2026-01-01 09:20:30,RS001,50,1,376.32,25.63,1,csc_ptfe_601_plc
601,2026-01-01 09:20:40,OP101,JOB1001,,2,15.12,15,151.56,221.51,338.78,57.26,29.17,96.99,15.31,120.16,122.91,373.99,373.76,372.25,375.49,376.84,5.01,0.023,349.41,2026-01-01 09:20:40,RS001,50,1,377.48,24.53,1,csc_ptfe_601_plc
601,2026-01-01 09:20:50,OP101,JOB1001,,2,14.76,14,150.25,217.65,341.67,62.47,31.74,97.19,14.29,120.43,121.04,375.48,374.88,371.61,377.33,375.81,5.047,0.035,351.22,2026-01-01 09:20:50,RS001,50,1,376.05,25.43,1,csc_ptfe_601_plc
601,2026-01-01 09:21:00,OP101,JOB1001,,2,13.09,13,152.62,218.88,338.32,59.23,29.44,97.39,13.27,120.84,119.44,374.28,373.06,375.02,376.7,376.24,5.008,0.027,348.3,2026-01-01 09:21:00,RS001,50,1,377.61,24.32,1,csc_ptfe_601_plc
601,2026-01-01 09:21:10,OP101,JOB1001,,2,12.35,12,148.99,219.26,341.95,59.6,30.65,97.6,12.24,121.88,121.92,373.78,376.94,372.43,379.51,377.54,4.961,0.021,351.5,2026-01-01 09:21:10,RS001,50,1,374.56,24.27,1,csc_ptfe_601_plc
601,2026-01-01 09:21:20,OP101,JOB1001,,2,11.39,11,148.01,218.4,340.63,60.92,29.09,97.8,11.22,120.26,120.31,377.73,376.61,375.66,376.34,373.86,4.972,0.027,348.94,2026-01-01 09:21:20,RS001,50,1,378.28,25.78,1,csc_ptfe_601_plc
601,2026-01-01 09:21:30,OP101,JOB1001,,2,10.32,10,151.78,222.29,338.51,61.23,31.97,98,10.2,120.14,122.55,372.6,374.17,375.72,378.8,375.92,5.008,0.033,349,2026-01-01 09:21:30,RS001,50,1,376.27,25.85,1,csc_ptfe_601_plc
601,2026-01-01 09:21:40,OP101,JOB1001,,2,9.01,9,153.79,222.06,338.4,57.46,29.77,98.2,9.18,119.41,119.38,375.17,378.36,375.96,378.65,377.38,4.974,0.024,351.45,2026-01-01 09:21:40,RS001,50,1,376.37,24.41,1,csc_ptfe_601_plc
601,2026-01-01 09:21:50,OP101,JOB1001,,2,7.87,8,154.53,218.89,339.78,57.13,31.87,98.4,8.16,119.98,119.09,377.76,375.4,371.45,374.01,377.81,4.987,0.038,347.55,2026-01-01 09:21:50,RS001,50,1,376.35,25.9,1,csc_ptfe_601_plc
601,2026-01-01 09:22:00,OP101,JOB1001,,2,6.87,7,145.73,218.62,341.03,59.3,29.93,98.6,7.14,119.08,119.39,375.94,377.96,372.58,376.25,372.61,5.007,0.032,348.41,2026-01-01 09:22:00,RS001,50,1,373.99,24.95,1,csc_ptfe_601_plc
601,2026-01-01 09:22:10,OP101,JOB1001,,2,5.7,6,154.46,221.22,341.04,62.95,29.93,98.8,6.12,121.4,122.93,376.18,375.93,373.32,377.55,372.25,5.009,0.025,349.5,2026-01-01 09:22:10,RS001,50,1,375.74,25.35,1,csc_ptfe_601_plc
601,2026-01-01 09:22:20,OP101,JOB1001,,2,5.49,5,154.24,217.82,341.57,60.83,30.24,99,5.1,119.07,119.37,375.66,373.62,372.98,378.71,373.52,5.041,0.021,347.2,2026-01-01 09:22:20,RS001,50,1,376.56,25.2,1,csc_ptfe_601_plc
601,2026-01-01 09:22:30,OP101,JOB1001,,1,3.74,4,146.11,217.96,338.78,61.2,28.1,99.2,4.08,118.93,121.83,375.97,375.52,372.69,375.4,375.67,4.994,0.029,351.67,2026-01-01 09:22:30,RS001,50,1,374.14,24.49,1,csc_ptfe_601_plc
601,2026-01-01 09:22:40,OP101,JOB1001,,1,2.72,3,154.07,220.07,341.31,60.89,28.09,99.4,3.06,119.78,120.99,374.2,375.61,371.1,375.37,373.55,5.018,0.027,347.73,2026-01-01 09:22:40,RS001,50,1,377.24,24.26,1,csc_ptfe_601_plc
601,2026-01-01 09:22:50,OP101,JOB1001,,1,2.39,2,151.58,217.74,341.24,60.95,31.1,99.6,2.04,118.62,121.51,375.44,374.29,373.16,379.25,372.45,5.048,0.039,352.55,2026-01-01 09:22:50,RS001,50,1,378.78,25.97,1,csc_ptfe_601_plc
601,2026-01-01 09:23:00,OP101,JOB1001,,1,0.62,1,151.28,222.32,340.6,57.29,31.37,99.8,1.02,120.39,119.3,372.61,373.06,376.78,378.08,372.79,5.026,0.025,350.03,2026-01-01 09:23:00,RS001,50,1,377.38,24.01,1,csc_ptfe_601_plc
601,2026-01-01 09:23:10,OP101,JOB1001,,1,0.12,0,149.48,219.63,338.27,57.13,31.78,100,0,120.84,119.73,374.7,374.27,372.95,378.99,377.42,4.99,0.039,350.4,2026-01-01 09:23:10,RS001,50,1,375.69,24.69,1,csc_ptfe_601_plc
601,2026-01-01 09:23:20,OP102,JOB1002,,1,-0.2,0,154.17,218.66,341.12,61.74,29.63,0,0,121.03,121.41,377.97,377.4,373.24,377.46,376.64,4.95,0.024,347.15,2026-01-01 09:23:20,RS002,50,1,378.17,25.43,2,csc_ptfe_601_plc
601,2026-01-01 09:23:30,OP102,JOB1002,,1,1.96,2.04,153.4,218.58,341.35,57.6,30.19,0.2,2.08,118.59,121.7,372.95,376.37,373.03,377.4,373.41,5.002,0.034,347.23,2026-01-01 09:23:30,RS002,50,1,378.2,24.68,2,csc_ptfe_601_plc
601,2026-01-01 09:23:40,OP102,JOB1002,,1,3.84,4.09,149.48,219.83,338.43,57.44,29.17,0.4,4.17,119.49,121.91,374.96,378.31,371.64,376.95,374.77,5.049,0.039,352.73,2026-01-01 09:23:40,RS002,50,1,373.98,25.83,2,csc_ptfe_601_plc
601,2026-01-01 09:23:50,OP102,JOB1002,,2,6.16,6.12,148.07,221.69,340.13,58.65,30.57,0.6,6.25,119.63,121.38,377.11,377.71,373.69,375.9,375.43,4.984,0.039,350.08,2026-01-01 09:23:50,RS002,50,1,378.59,24.26,2,csc_ptfe_601_plc
601,2026-01-01 09:24:00,OP102,JOB1002,,2,8.79,8.16,154.06,218.94,340.44,57.41,31.35,0.8,8.33,120.89,122.22,372.01,377.43,374.72,378.63,376.13,4.971,0.034,351.25,2026-01-01 09:24:00,RS002,50,1,376.88,25.81,2,csc_ptfe_601_plc
601,2026-01-01 09:24:10,OP102,JOB1002,,2,10.34,10.21,150.2,220.73,338.47,60.89,29.8,1,10.42,119.3,122.89,375.91,376.21,375.61,377.87,376.37,5.014,0.034,348.84,2026-01-01 09:24:10,RS002,50,1,375.88,24.63,2,csc_ptfe_601_plc
601,2026-01-01 09:24:20,OP102,JOB1002,,2,12.78,12.25,153.84,220.83,341.07,58.85,29.98,1.2,12.5,119.01,122.34,372.64,378.55,376.85,375.02,374.41,5.045,0.035,348.76,2026-01-01 09:24:20,RS002,50,1,375.63,25.98,2,csc_ptfe_601_plc
601,2026-01-01 09:24:30,OP102,JOB1002,,2,14.13,14.29,149.44,221.19,340.08,62.48,31.89,1.4,14.58,121.11,121.31,373.41,377.52,374.85,377.96,377.27,4.985,0.027,347.87,2026-01-01 09:24:30,RS002,50,1,374.08,24.17,2,csc_ptfe_601_plc
601,2026-01-01 09:24:40,OP102,JOB1002,,2,16.88,16.34,152.49,219.3,340.54,57.64,29.45,1.6,16.67,121.09,121.46,375.43,375.27,371.09,379.52,373.71,4.995,0.038,351.13,2026-01-01 09:24:40,RS002,50,1,375.17,24.89,2,csc_ptfe_601_plc
601,2026-01-01 09:24:50,OP102,JOB1002,,2,19.22,18.38,147.11,222.65,338.23,60.95,28.5,1.8,18.75,119.71,121.54,374.68,377.38,371.83,379.71,372.88,5.014,0.026,350.27,2026-01-01 09:24:50,RS002,50,1,377.46,24.52,2,csc_ptfe_601_plc
601,2026-01-01 09:25:00,OP102,JOB1002,,2,21.07,20.41,152.47,221.41,340.24,57.48,28.29,2,20.83,121.74,122.02,376.18,373.41,373.56,377.46,373.08,4.962,0.022,348.24,2026-01-01 09:25:00,RS002,50,1,375.59,24.11,2,csc_ptfe_601_plc
601,2026-01-01 09:25:10,OP102,JOB1002,,2,23.31,22.46,152.08,222.06,339.81,59.52,29.75,2.2,22.92,118.64,121.4,375.5,373.62,373.45,375.27,374.59,4.956,0.03,350.23,2026-01-01 09:25:10,RS002,50,1,376.36,24.06,2,csc_ptfe_601_plc
601,2026-01-01 09:25:20,OP102,JOB1002,,2,24.57,24.5,154.55,218.71,340,58.58,29.62,2.4,25,119.4,122.19,373.29,374,376.31,374.39,376.95,5.024,0.03,347.79,2026-01-01 09:25:20,RS002,50,1,375.66,25.99,2,csc_ptfe_601_plc
601,2026-01-01 09:25:30,OP102,JOB1002,,2,27.52,26.54,145.4,220.88,340.99,57.48,29.57,2.61,27.08,119.41,121.6,374.83,373.11,375.11,378.02,377.44,5.009,0.03,351.43,2026-01-01 09:25:30,RS002,50,1,378.8,24.63,2,csc_ptfe_601_plc
601,2026-01-01 09:25:40,OP102,JOB1002,,2,28.83,28.59,152.86,222.05,341.29,59.67,29.08,2.81,29.17,120.4,120.57,375.94,378.14,374.4,377.7,373.57,4.971,0.02,352.07,2026-01-01 09:25:40,RS002,50,1,375.65,25.35,2,csc_ptfe_601_plc
601,2026-01-01 09:25:50,OP102,JOB1002,,2,31.65,30.62,149.31,217.67,341.43,57.91,30.22,3.01,31.25,118.57,119.89,375.9,374.38,376.05,374.76,375.39,5.018,0.033,348.11,2026-01-01 09:25:50,RS002,50,1,373.82,24.66,2,csc_ptfe_601_plc
601,2026-01-01 09:26:00,OP102,JOB1002,,2,33.68,32.66,151.07,217.3,338.4,61.98,30.59,3.21,33.33,118.08,121.56,375.88,375.31,371.98,376.92,376.44,5.05,0.03,349.91,2026-01-01 09:26:00,RS002,50,1,375.73,25.23,2,csc_ptfe_601_plc
601,2026-01-01 09:26:10,OP102,JOB1002,,2,35.6,34.71,149.24,220.64,340.96,59.19,31.44,3.41,35.42,118.95,119.18,377.01,378.31,376.77,377.26,374.67,5.026,0.025,347.42,2026-01-01 09:26:10,RS002,50,1,373.32,24.45,2,csc_ptfe_601_plc
601,2026-01-01 09:26:20,OP102,JOB1002,,2,37.58,36.75,148.81,221.09,341.11,57.34,29.35,3.61,37.5,118.84,122.32,376.39,378.35,375.6,378.02,375.14,5,0.022,349.95,2026-01-01 09:26:20,RS002,50,1,375.33,25.83,2,csc_ptfe_601_plc
601,2026-01-01 09:26:30,OP102,JOB1002,,2,39.34,38.79,145.53,219.14,339.94,57.9,29.11,3.81,39.58,121.24,119.64,372.89,378.1,371.68,377.3,373.49,5.043,0.028,350.01,2026-01-01 09:26:30,RS002,50,1,378.79,25.12,2,csc_ptfe_601_plc
601,2026-01-01 09:26:40,OP102,JOB1002,,2,41.23,40.84,148.02,217.69,340.83,58.03,30.99,4.01,41.67,120.48,119.96,372.99,378.18,374.69,377.14,376.99,5.045,0.031,350.39,2026-01-01 09:26:40,RS002,50,1,373.92,24.79,2,csc_ptfe_601_plc
601,2026-01-01 09:26:50,OP102,JOB1002,,2,43.56,42.88,152.59,222.86,340.84,58.69,31.56,4.21,43.75,118.69,121.13,374.08,374.08,374.23,374.77,374.98,5.026,0.035,352.27,2026-01-01 09:26:50,RS002,50,1,375.26,25.64,2,csc_ptfe_601_plc
601,2026-01-01 09:27:00,OP102,JOB1002,,2,45.37,44.91,153.16,222.59,340.91,59.01,29.8,4.41,45.83,120.31,121.31,375.26,373.68,373.04,375.1,373.19,5.021,0.025,352.57,2026-01-01 09:27:00,RS002,50,1,377.21,25.7,2,csc_ptfe_601_plc
601,2026-01-01 09:27:10,OP102,JOB1002,,2,48.13,46.96,152.8,222.29,340.22,62.04,29.1,4.61,47.92,118.44,119.85,376.92,373.5,375.94,378.19,373.1,5.027,0.025,352.42,2026-01-01 09:27:10,RS002,50,1,375.88,25.31,2,csc_ptfe_601_plc
601,2026-01-01 09:27:20,OP102,JOB1002,,2,49.65,49,153.95,219.94,341.54,60.68,29.19,4.81,50,121.39,122.75,375.81,377.09,375.83,374.4,372.3,5.045,0.02,350.78,2026-01-01 09:27:20,RS002,50,1,376.17,25.96,2,csc_ptfe_601_plc
601,2026-01-01 09:27:30,OP102,JOB1002,,2,49.99,48.63,147.08,218.79,338.53,59.76,29.76,5.01,49.62,118.48,120.04,377.77,373.24,373.79,379.54,376.32,4.959,0.027,347.8,2026-01-01 09:27:30,RS002,50,1,373.42,25.73,2,csc_ptfe_601_plc
601,2026-01-01 09:27:40,OP102,JOB1002,,2,50.38,49.77,151.86,220.53,340.13,58.94,30.19,5.21,50.79,118.44,122.8,377.28,374.81,375.06,375.92,376.51,5.028,0.032,350.67,2026-01-01 09:27:40,RS002,50,1,376.76,24.71,2,csc_ptfe_601_plc
601,2026-01-01 09:27:50,OP102,JOB1002,,2,49.45,48.52,152.69,217.56,338.02,59.98,28.74,5.41,49.51,121.09,121.17,376.73,375.65,371.26,379.55,373.3,5.029,0.023,349.36,2026-01-01 09:27:50,RS002,50,1,373.82,25.77,2,csc_ptfe_601_plc
601,2026-01-01 09:28:00,OP102,JOB1002,,2,49.03,48.23,153.66,221.4,341.58,57.11,29.75,5.61,49.21,118.6,119.26,374.16,374.55,373.31,376.57,376.11,5.046,0.035,352.41,2026-01-01 09:28:00,RS002,50,1,375.97,25.02,2,csc_ptfe_601_plc
601,2026-01-01 09:28:10,OP102,JOB1002,,2,50.27,49.3,147.56,217.46,338.25,60.75,31.29,5.81,50.31,120.57,122.05,374.72,376.16,372.17,378.22,377.6,5.006,0.023,350.08,2026-01-01 09:28:10,RS002,50,1,377.91,25.42,2,csc_ptfe_601_plc
601,2026-01-01 09:28:20,OP102,JOB1002,,2,49.83,49.31,150.77,218.32,341.09,61.55,30.24,6.01,50.32,121.4,121.09,377.84,374.91,373.93,374.75,372.96,5.042,0.031,350.15,2026-01-01 09:28:20,RS002,50,1,378.86,25.87,2,csc_ptfe_601_plc
601,2026-01-01 09:28:30,OP102,JOB1002,,2,50.34,49.74,147.1,221.88,341.61,62.53,31.08,6.21,50.76,121.03,122.6,377.04,373.21,371.01,379.89,377.8,5.032,0.037,351.43,2026-01-01 09:28:30,RS002,50,1,373.81,25.41,2,csc_ptfe_601_plc
601,2026-01-01 09:28:40,OP102,JOB1002,,2,50.01,48.77,150.02,221.81,340.67,60.59,31.29,6.41,49.77,120.43,121.02,372.46,377.6,374.51,376.69,375.84,5.014,0.029,349.79,2026-01-01 09:28:40,RS002,50,1,376.73,24.7,2,csc_ptfe_601_plc
601,2026-01-01 09:28:50,OP102,JOB1002,,2,50,48.67,149.59,220.58,338.37,61.66,31.8,6.61,49.66,119.69,122.07,376.41,377.99,373.18,379.96,372.23,4.98,0.037,349.63,2026-01-01 09:28:50,RS002,50,1,374.28,25.34,2,csc_ptfe_601_plc
601,2026-01-01 09:29:00,OP102,JOB1002,,2,50.36,48.89,145.84,221.52,341.54,61.96,31.9,6.81,49.89,120.17,119.57,375.11,376.54,373.91,379.52,376.98,4.962,0.031,347.2,2026-01-01 09:29:00,RS002,50,1,375.11,25.96,2,csc_ptfe_601_plc
601,2026-01-01 09:29:10,OP102,JOB1002,,2,50.18,48.86,152.75,222.93,341.19,61.21,29.92,7.01,49.86,120.17,121.43,372.7,376.01,373.84,374.47,376.77,5.016,0.026,347.21,2026-01-01 09:29:10,RS002,50,1,378.28,25.79,2,csc_ptfe_601_plc
601,2026-01-01 09:29:20,OP102,JOB1002,,2,49.95,49.02,147.17,218.53,341.21,59.02,31.23,7.21,50.02,121.12,120.59,372.68,374.67,375.56,377.58,373.85,5.007,0.028,350.31,2026-01-01 09:29:20,RS002,50,1,373.04,24.29,2,csc_ptfe_601_plc
601,2026-01-01 09:29:30,OP102,JOB1002,,2,50.42,49.53,152.29,217.68,340.08,62.69,29.32,7.41,50.54,120.67,121.83,373.71,374.5,371.75,376.95,377.06,5.045,0.02,348.66,2026-01-01 09:29:30,RS002,50,1,376.24,24.92,2,csc_ptfe_601_plc
601,2026-01-01 09:29:40,OP102,JOB1002,,2,49.82,49.09,147.22,221.62,341.66,58.15,28.45,7.62,50.09,118.96,122.55,372.05,375.66,371.98,377.76,373.79,4.973,0.04,350.68,2026-01-01 09:29:40,RS002,50,1,376.2,24.21,2,csc_ptfe_601_plc
601,2026-01-01 09:29:50,OP102,JOB1002,,2,50.92,49.58,150.92,222.46,339.74,60.13,28.25,7.82,50.59,118.48,122.17,375.93,378.54,371.61,378.52,375.3,5.002,0.022,347.9,2026-01-01 09:29:50,RS002,50,1,375.04,24.04,2,csc_ptfe_601_plc
601,2026-01-01 09:30:00,OP102,JOB1002,,2,50.71,49.22,151.31,222.78,338.61,62.22,28.64,8.02,50.22,120.31,119.89,373.22,375.13,375.26,374.66,373.5,5.048,0.032,350.31,2026-01-01 09:30:00,RS002,50,1,378.12,24.83,2,csc_ptfe_601_plc
601,2026-01-01 09:30:10,OP102,JOB1002,,2,49.86,49.22,153.65,221.96,340.79,59.02,28.9,8.22,50.22,118.7,119.13,373.68,373.54,376.89,375.94,377.48,4.974,0.021,351.48,2026-01-01 09:30:10,RS002,50,1,377.92,25.39,2,csc_ptfe_601_plc
601,2026-01-01 09:30:20,OP102,JOB1002,,2,50.05,49.22,152.03,217.91,340.32,62.9,28.68,8.42,50.22,121.61,120.6,373.4,374.17,371.18,378,377.43,4.989,0.03,350.41,2026-01-01 09:30:20,RS002,50,1,378.65,24.88,2,csc_ptfe_601_plc
601,2026-01-01 09:30:30,OP102,JOB1002,,2,49.5,48.42,147.78,220.26,338.7,62.29,28.9,8.62,49.41,120.4,122.83,374.57,376.89,372.2,375.13,376.61,4.995,0.026,348.85,2026-01-01 09:30:30,RS002,50,1,375.86,25.68,2,csc_ptfe_601_plc
601,2026-01-01 09:30:40,OP102,JOB1002,,2,50.48,49.6,149.7,221.54,339.18,62.47,28.66,8.82,50.61,121.97,121.02,372.17,375.03,371.96,374.98,374.82,5.043,0.026,348.99,2026-01-01 09:30:40,RS002,50,1,377.77,25.82,2,csc_ptfe_601_plc
601,2026-01-01 09:30:50,OP102,JOB1002,,2,49.51,48.33,145.34,219.76,339.65,60.61,30.73,9.02,49.32,120.48,122,372.37,376.35,376.74,379.29,375.54,5.041,0.031,352.35,2026-01-01 09:30:50,RS002,50,1,374.57,25.14,2,csc_ptfe_601_plc
601,2026-01-01 09:31:00,OP102,JOB1002,,2,49.02,48.31,151.8,219.2,340.19,61.66,30.18,9.22,49.3,120.86,122.57,375.93,377.74,374.74,377.81,372.36,5.006,0.04,347.81,2026-01-01 09:31:00,RS002,50,1,375.26,24.03,2,csc_ptfe_601_plc
601,2026-01-01 09:31:10,OP102,JOB1002,,2,49.32,48.78,147.37,218.64,338.64,59.86,29.07,9.42,49.78,119.87,120.36,375.59,377.4,375.92,376.11,377.16,4.982,0.02,350.31,2026-01-01 09:31:10,RS002,50,1,377.77,25.15,2,csc_ptfe_601_plc
601,2026-01-01 09:31:20,OP102,JOB1002,,2,49.71,48.99,150.32,217.73,340.93,61.94,30.05,9.62,49.99,120.2,122.87,373.76,378.5,374.26,377.6,377.39,5.044,0.025,350.47,2026-01-01 09:31:20,RS002,50,1,373.96,25.49,2,csc_ptfe_601_plc
601,2026-01-01 09:31:30,OP102,JOB1002,,2,50.49,49.15,147.11,220.11,340.43,60.27,29.82,9.82,50.15,120.54,121.21,375.63,377.16,375.26,375.32,376.03,4.963,0.022,349.33,2026-01-01 09:31:30,RS002,50,1,375.08,24.52,2,csc_ptfe_601_plc
601,2026-01-01 09:31:40,OP102,JOB1002,,2,49.94,49.3,148.4,221.18,339.69,59.8,29.25,10.02,50.31,121.91,120.18,373.01,377.84,376.58,376.15,374.33,5.017,0.025,351.83,2026-01-01 09:31:40,RS002,50,1,376.31,24.25,2,csc_ptfe_601_plc
601,2026-01-01 09:31:50,OP102,JOB1002,,2,49.09,48.25,150.97,219.02,339.41,58.03,29.6,10.22,49.23,121.99,122.77,375.71,375.75,374.03,378.27,377.36,4.966,0.038,349.28,2026-01-01 09:31:50,RS002,50,1,375.46,25.2,2,csc_ptfe_601_plc
601,2026-01-01 09:32:00,OP102,JOB1002,,2,49.54,48.55,145.04,217.55,340.62,58.82,29.19,10.42,49.54,121.34,121.16,377.57,374.53,372.68,377.58,374.74,5.006,0.029,348.26,2026-01-01 09:32:00,RS002,50,1,376.97,24.69,2,csc_ptfe_601_plc
601,2026-01-01 09:32:10,OP102,JOB1002,,2,50.45,49.1,151.23,222.94,338.19,62.19,30.69,10.62,50.1,121.27,122.42,373.8,373.09,374.82,374.4,376.69,4.979,0.04,348.65,2026-01-01 09:32:10,RS002,50,1,373.86,24.05,2,csc_ptfe_601_plc
601,2026-01-01 09:32:20,OP102,JOB1002,,2,50.12,49.47,152.61,222.96,340.15,60.27,31.94,10.82,50.48,120.34,120.63,377.15,373.56,376.53,374.89,372.74,4.989,0.031,351.29,2026-01-01 09:32:20,RS002,50,1,374.51,24.85,2,csc_ptfe_601_plc
601,2026-01-01 09:32:30,OP102,JOB1002,,2,50.73,49.57,151.43,220.65,341.79,62.65,31.79,11.02,50.58,120.32,121.36,377.51,376.97,376.27,375.13,376.37,4.958,0.037,351.62,2026-01-01 09:32:30,RS002,50,1,375.67,24.87,2,csc_ptfe_601_plc
601,2026-01-01 09:32:40,OP102,JOB1002,,2,49.42,48.54,154.28,220.54,338.09,58.12,28.47,11.22,49.53,118.25,119.27,374.46,377.18,371.6,376.44,374.44,5.009,0.021,351.39,2026-01-01 09:32:40,RS002,50,1,373.22,24.46,2,csc_ptfe_601_plc
601,2026-01-01 09:32:50,OP102,JOB1002,,2,49.34,48.45,152.72,221.97,341.48,60.35,29.69,11.42,49.44,118.92,121.43,377.89,377.62,373.62,376.19,373.25,5.01,0.031,351.1,2026-01-01 09:32:50,RS002,50,1,373.6,24.74,2,csc_ptfe_601_plc
601,2026-01-01 09:33:00,OP102,JOB1002,,2,50.31,49.63,148.34,221.31,341.52,58.39,30.09,11.62,50.64,121.36,120.97,377.71,378.21,376.17,377.14,373.42,5.013,0.038,349.01,2026-01-01 09:33:00,RS002,50,1,377.09,24.74,2,csc_ptfe_601_plc
601,2026-01-01 09:33:10,OP102,JOB1002,,2,49.75,48.61,152.98,222.83,340.16,61.89,30.69,11.82,49.6,120.1,120.1,373.9,373.57,375.71,374.6,376.52,5.011,0.028,348.37,2026-01-01 09:33:10,RS002,50,1,378.3,25.51,2,csc_ptfe_601_plc
601,2026-01-01 09:33:20,OP102,JOB1002,,2,50.47,49.58,149.81,221.11,338.58,57.23,28.57,12.02,50.59,121.07,120.96,377.74,374.58,374.22,379.12,376.67,4.965,0.038,352.52,2026-01-01 09:33:20,RS002,50,1,377.16,25.07,2,csc_ptfe_601_plc
601,2026-01-01 09:33:30,OP102,JOB1002,,2,50.34,49.24,154.2,218.31,340.39,58.29,28.3,12.22,50.24,121.53,120.51,377.89,375.53,372.48,379.37,372.22,4.956,0.029,349.42,2026-01-01 09:33:30,RS002,50,1,373.3,24.63,2,csc_ptfe_601_plc
601,2026-01-01 09:33:40,OP102,JOB1002,,2,50.92,49.5,146.46,219.36,340.33,60.04,31.39,12.42,50.51,118.5,119.9,377.79,375.43,374.05,376.41,376.09,5.032,0.029,350.72,2026-01-01 09:33:40,RS002,50,1,373.67,25.26,2,csc_ptfe_601_plc
601,2026-01-01 09:33:50,OP102,JOB1002,,2,49.81,48.51,151.12,217.75,339.58,61.73,28.99,12.63,49.5,120.14,119.57,376.22,378.87,373.59,378.01,373.12,4.967,0.035,351.19,2026-01-01 09:33:50,RS002,50,1,373.95,25.26,2,csc_ptfe_601_plc
601,2026-01-01 09:34:00,OP102,JOB1002,,2,49.47,48.6,153.44,219.28,341.08,62.14,31.27,12.83,49.59,120.94,120.88,372.77,377.63,372.09,375.45,373.3,4.984,0.027,348.28,2026-01-01 09:34:00,RS002,50,1,378.4,24.93,2,csc_ptfe_601_plc
601,2026-01-01 09:34:10,OP102,JOB1002,,2,50.37,49.03,152.58,222.76,340.46,62.96,29.52,13.03,50.03,121.13,119.48,377.69,374.33,376.9,378.73,373.39,4.952,0.031,347.72,2026-01-01 09:34:10,RS002,50,1,374.4,25.82,2,csc_ptfe_601_plc
601,2026-01-01 09:34:20,OP102,JOB1002,,2,50.58,49.47,150.92,218.43,340.27,59.28,30.63,13.23,50.48,119.89,121.31,374.91,373.07,375.21,375.48,376.13,4.967,0.036,349.39,2026-01-01 09:34:20,RS002,50,1,378.44,24.68,2,csc_ptfe_601_plc
601,2026-01-01 09:34:30,OP102,JOB1002,,2,49.49,48.6,154.25,222.75,341.31,60.17,29.08,13.43,49.59,119.53,120.3,374.03,374,372.86,376.96,372.75,4.965,0.022,352.29,2026-01-01 09:34:30,RS002,50,1,377.76,24.35,2,csc_ptfe_601_plc
601,2026-01-01 09:34:40,OP102,JOB1002,,2,49.97,48.7,146.25,218.66,341.51,57.84,30.37,13.63,49.69,119.07,122.63,373.35,375.79,374.88,377.59,376.58,5.043,0.026,352.01,2026-01-01 09:34:40,RS002,50,1,377.94,25.96,2,csc_ptfe_601_plc
601,2026-01-01 09:34:50,OP102,JOB1002,,2,49.84,49.17,147.57,220.66,338.52,62.57,31.01,13.83,50.17,118.26,122.23,374.99,374.14,371.92,375.25,374.63,4.955,0.028,352.01,2026-01-01 09:34:50,RS002,50,1,375.74,24.05,2,csc_ptfe_601_plc
601,2026-01-01 09:35:00,OP102,JOB1002,,2,49.84,49.21,154.23,218.92,341.54,58.32,28.42,14.03,50.21,118.62,121.76,373.82,377.65,372.97,376.45,376.53,5.012,0.027,347.39,2026-01-01 09:35:00,RS002,50,1,377.69,24.87,2,csc_ptfe_601_plc
601,2026-01-01 09:35:10,OP102,JOB1002,,2,49.68,48.65,150.23,220.73,340.88,59.93,28.61,14.23,49.64,118.8,122.73,374.95,375.45,375.66,378.86,375.09,4.965,0.022,349.25,2026-01-01 09:35:10,RS002,50,1,373.36,25.17,2,csc_ptfe_601_plc
601,2026-01-01 09:35:20,OP102,JOB1002,,2,50.04,48.58,149,222.58,338.16,58.44,29.89,14.43,49.57,121.27,120.74,373.13,377.6,375.8,378.48,376.45,5.036,0.025,352.93,2026-01-01 09:35:20,RS002,50,1,374.74,25.98,2,csc_ptfe_601_plc
601,2026-01-01 09:35:30,OP102,JOB1002,,2,49.48,48.42,154.77,217.8,339.84,60.68,30.07,14.63,49.41,118.49,121.85,372.83,377.62,371.2,379.02,375.63,4.974,0.036,352.47,2026-01-01 09:35:30,RS002,50,1,376.48,24.83,2,csc_ptfe_601_plc
601,2026-01-01 09:35:40,OP102,JOB1002,,2,49.55,49,147.27,219.97,339.76,61.37,31.37,14.83,50,121.7,122.71,375.21,374.7,374.8,375.3,375.39,5.006,0.028,352.51,2026-01-01 09:35:40,RS002,50,1,373.8,24.66,2,csc_ptfe_601_plc
601,2026-01-01 09:35:50,OP102,JOB1002,,2,50.11,49.4,150.11,220.66,339.7,62.89,30.12,15.03,50.41,121.2,121.98,374.72,374.66,375.34,377.37,374.25,4.983,0.026,349.79,2026-01-01 09:35:50,RS002,50,1,378.34,25.18,2,csc_ptfe_601_plc
601,2026-01-01 09:36:00,OP102,JOB1002,,2,49.51,48.41,145.53,222.2,341.18,61.87,29.59,15.23,49.4,118.03,120.03,375.61,377.22,371.5,379.88,374,5.033,0.032,348.83,2026-01-01 09:36:00,RS002,50,1,376.15,24.76,2,csc_ptfe_601_plc
601,2026-01-01 09:36:10,OP102,JOB1002,,2,50.21,48.74,146.77,218.05,339.65,62.84,31.85,15.43,49.73,118.63,121.21,376.35,375.05,371.75,378,374.66,5.047,0.026,348.87,2026-01-01 09:36:10,RS002,50,1,377.15,24.26,2,csc_ptfe_601_plc
601,2026-01-01 09:36:20,OP102,JOB1002,,2,50.22,49.03,154.13,220.13,340.49,62.88,30.67,15.63,50.03,119.79,119.31,377.25,374.85,376.17,374.8,373.39,5.048,0.039,347.78,2026-01-01 09:36:20,RS002,50,1,375.9,24.33,2,csc_ptfe_601_plc
601,2026-01-01 09:36:30,OP102,JOB1002,,2,50.36,49.58,153.17,219.08,341.74,61.55,28.54,15.83,50.59,118.18,119.86,373.48,377.71,375.81,375.58,377.74,5.05,0.025,347,2026-01-01 09:36:30,RS002,50,1,378.5,25.89,2,csc_ptfe_601_plc
601,2026-01-01 09:36:40,OP102,JOB1002,,2,50.52,49.73,145.36,217.33,339.71,60.16,29.53,16.03,50.75,119.45,122.62,375.72,376.61,375.9,376.82,374.84,4.96,0.022,347.32,2026-01-01 09:36:40,RS002,50,1,377.52,24.01,2,csc_ptfe_601_plc
601,2026-01-01 09:36:50,OP102,JOB1002,,2,49.97,48.85,147.49,220.65,341.61,62.99,28.23,16.23,49.85,120.42,119.27,377.93,374.32,375.03,375.82,375.98,5.011,0.029,351.47,2026-01-01 09:36:50,RS002,50,1,376.88,24.19,2,csc_ptfe_601_plc
601,2026-01-01 09:37:00,OP102,JOB1002,,2,50.47,49.59,151.61,218.24,341.11,60.48,31.32,16.43,50.6,119.89,122.99,376.43,377,375.13,374.15,376.54,4.974,0.035,352.61,2026-01-01 09:37:00,RS002,50,1,376.09,24.05,2,csc_ptfe_601_plc
601,2026-01-01 09:37:10,OP102,JOB1002,,2,50.11,49.36,149.24,220.19,339.95,59.58,30.51,16.63,50.37,120.7,119.31,373.37,373.15,373.07,378.5,376.84,4.986,0.024,347.7,2026-01-01 09:37:10,RS002,50,1,373.52,25.63,2,csc_ptfe_601_plc
601,2026-01-01 09:37:20,OP102,JOB1002,,2,49.66,48.35,148.82,221.7,339.19,61.13,28.67,16.83,49.34,119.5,122.32,372.65,374.12,372.14,378.19,376.72,5.044,0.02,348.87,2026-01-01 09:37:20,RS002,50,1,376.36,24.08,2,csc_ptfe_601_plc
601,2026-01-01 09:37:30,OP102,JOB1002,,2,49.68,48.9,148.51,218.48,340.05,59.31,28.84,17.03,49.9,119,120.45,373.3,375.84,372.24,379.89,374.4,4.961,0.027,349.47,2026-01-01 09:37:30,RS002,50,1,375.72,25.84,2,csc_ptfe_601_plc
601,2026-01-01 09:37:40,OP102,JOB1002,,2,50.55,49.31,151.03,221.75,339.96,58.23,29.42,17.23,50.32,120.04,122.73,375.67,378.66,371.72,377.95,377.69,5.014,0.022,349.14,2026-01-01 09:37:40,RS002,50,1,373.21,24.7,2,csc_ptfe_601_plc
601,2026-01-01 09:37:50,OP102,JOB1002,,2,50.42,49.01,153.96,220.06,338.22,60.61,31.08,17.43,50.01,118.2,120.67,373.45,378.75,373.46,378.69,377.66,5.022,0.023,349.59,2026-01-01 09:37:50,RS002,50,1,377.4,25.63,2,csc_ptfe_601_plc
601,2026-01-01 09:38:00,OP102,JOB1002,,2,49.53,48.38,146.77,222.4,341.01,60.57,31.53,17.64,49.37,119.97,120.17,374.25,374.77,372.35,377.44,372.44,4.979,0.037,350.98,2026-01-01 09:38:00,RS002,50,1,378.39,24.24,2,csc_ptfe_601_plc
601,2026-01-01 09:38:10,OP102,JOB1002,,2,50.96,49.62,153.96,219.36,341.37,60.76,29.06,17.84,50.63,121.38,122.97,374.61,377.4,376.41,378.12,374.87,4.959,0.02,351.32,2026-01-01 09:38:10,RS002,50,1,375.31,25.08,2,csc_ptfe_601_plc
601,2026-01-01 09:38:20,OP102,JOB1002,,2,51.15,49.73,145.64,222.76,339.4,58.03,29.51,18.04,50.75,118.05,122.69,374.29,373.62,375.47,378.94,374.16,5.004,0.03,347.21,2026-01-01 09:38:20,RS002,50,1,377.37,24.92,2,csc_ptfe_601_plc
601,2026-01-01 09:38:30,OP102,JOB1002,,2,50.21,48.76,154.88,221.79,341.33,58.46,29.04,18.24,49.75,119.66,122,375.31,373.8,371.13,374.81,375.8,4.98,0.022,347.79,2026-01-01 09:38:30,RS002,50,1,378.72,24.14,2,csc_ptfe_601_plc
601,2026-01-01 09:38:40,OP102,JOB1002,,2,50.18,49.2,146.83,218.41,338.98,61.91,29.8,18.44,50.2,121.6,122.58,376.19,375.58,376.5,378.61,376.74,5.035,0.031,351.14,2026-01-01 09:38:40,RS002,50,1,378.34,25.46,2,csc_ptfe_601_plc
601,2026-01-01 09:38:50,OP102,JOB1002,,2,49.61,48.37,153.57,220.31,341.54,58.14,30.68,18.64,49.36,120.89,122.88,375.54,378.43,374.27,378,375.8,4.966,0.024,348.77,2026-01-01 09:38:50,RS002,50,1,375.32,25.68,2,csc_ptfe_601_plc
601,2026-01-01 09:39:00,OP102,JOB1002,,2,50.78,49.51,145.53,220.43,338.79,62.88,30.78,18.84,50.52,120.68,120.5,372.52,376.1,372.89,379.81,373.31,4.993,0.034,351.65,2026-01-01 09:39:00,RS002,50,1,376.37,25.1,2,csc_ptfe_601_plc
601,2026-01-01 09:39:10,OP102,JOB1002,,2,50.56,49.53,152.19,217.11,339.43,60.63,30.3,19.04,50.54,120.27,122.71,376.07,374,371.04,374.78,376.13,5.027,0.039,347.37,2026-01-01 09:39:10,RS002,50,1,378.09,24.14,2,csc_ptfe_601_plc
601,2026-01-01 09:39:20,OP102,JOB1002,,2,50.22,49.71,145.08,219.89,341.03,60.57,29.34,19.24,50.72,118.92,120.71,375.2,378.5,371.72,376.07,372.27,4.964,0.022,352.86,2026-01-01 09:39:20,RS002,50,1,378.03,25.02,2,csc_ptfe_601_plc
601,2026-01-01 09:39:30,OP102,JOB1002,,2,50.19,48.75,149.53,217.93,339.13,58.85,31.25,19.44,49.74,119.68,120.31,375.01,376.01,374.01,377.11,374.85,4.959,0.029,350.16,2026-01-01 09:39:30,RS002,50,1,377.27,24.75,2,csc_ptfe_601_plc
601,2026-01-01 09:39:40,OP102,JOB1002,,2,50.78,49.74,147.58,217.13,338.63,58.11,30.69,19.64,50.76,120.79,120.12,376.39,373.14,375.68,378.38,376.7,5.026,0.031,352.16,2026-01-01 09:39:40,RS002,50,1,376.86,25.1,2,csc_ptfe_601_plc
601,2026-01-01 09:39:50,OP102,JOB1002,,2,50.08,49.4,150.93,220.84,338.92,60.97,30.64,19.84,50.41,119.87,119.28,375.59,378.74,372.91,374.03,375.08,5.007,0.037,350.85,2026-01-01 09:39:50,RS002,50,1,376.34,25.58,2,csc_ptfe_601_plc
601,2026-01-01 09:40:00,OP102,JOB1002,,2,49.42,48.48,148.97,218.83,341.93,62.59,29.71,20.04,49.47,121.21,122.8,375.05,377.28,376.24,374.21,373.59,5.005,0.022,352.96,2026-01-01 09:40:00,RS002,50,1,373.66,25.92,2,csc_ptfe_601_plc
601,2026-01-01 09:40:10,OP102,JOB1002,,2,50.84,49.51,152.25,220.03,341.38,62.67,29.74,20.24,50.52,120.27,119.23,372.21,374.37,375.17,378.24,375.43,4.972,0.032,352.76,2026-01-01 09:40:10,RS002,50,1,375.26,24.59,2,csc_ptfe_601_plc
601,2026-01-01 09:40:20,OP102,JOB1002,,2,49.8,49.1,152.42,218.25,339.98,59.49,32,20.44,50.1,121.96,122.86,374.98,373.34,374.13,376.29,376.49,5.042,0.022,348.01,2026-01-01 09:40:20,RS002,50,1,378.74,24.5,2,csc_ptfe_601_plc
601,2026-01-01 09:40:30,OP102,JOB1002,,2,50.59,49.28,146.6,220.89,338.33,60.65,28.41,20.64,50.29,118.83,122.33,373.49,373.38,373.02,379.17,373.8,5.011,0.024,348.79,2026-01-01 09:40:30,RS002,50,1,378.13,24.18,2,csc_ptfe_601_plc
601,2026-01-01 09:40:40,OP102,JOB1002,,2,50.27,48.9,153.59,222.48,340.94,62.29,29.6,20.84,49.9,118.65,120.01,374.47,375.78,373.64,378.17,376.04,5.003,0.034,351.46,2026-01-01 09:40:40,RS002,50,1,376.58,24.11,2,csc_ptfe_601_plc
601,2026-01-01 09:40:50,OP102,JOB1002,,2,50.57,49.61,154.37,218.33,339.78,60.89,31.2,21.04,50.62,119.74,119.32,372.08,374.43,375.06,379.22,373.48,4.979,0.029,352.11,2026-01-01 09:40:50,RS002,50,1,378.8,25.88,2,csc_ptfe_601_plc
601,2026-01-01 09:41:00,OP102,JOB1002,,2,50.52,49.13,152.32,218.61,341.9,61.14,29.28,21.24,50.13,121.07,120.92,374.65,375.69,375.45,375.71,372.12,4.96,0.034,349.73,2026-01-01 09:41:00,RS002,50,1,373.45,24.12,2,csc_ptfe_601_plc
601,2026-01-01 09:41:10,OP102,JOB1002,,2,50.57,49.49,148.68,219.97,340.44,58.42,29.74,21.44,50.5,119.06,119.55,372.56,377.53,374.31,379.69,374.33,4.984,0.029,352.1,2026-01-01 09:41:10,RS002,50,1,377.67,24.07,2,csc_ptfe_601_plc
601,2026-01-01 09:41:20,OP102,JOB1002,,2,49.4,48.54,148.45,218.28,339.03,59.01,30.84,21.64,49.53,118.48,120.36,374.93,373.78,372.46,378.99,373.77,4.974,0.03,350.26,2026-01-01 09:41:20,RS002,50,1,376.73,25.35,2,csc_ptfe_601_plc
601,2026-01-01 09:41:30,OP102,JOB1002,,2,50.02,49.41,148.29,217.96,340.79,61.1,30.77,21.84,50.42,119.68,122.03,374.6,373.24,375.12,374.67,375.29,5.004,0.027,347.43,2026-01-01 09:41:30,RS002,50,1,376.09,25.31,2,csc_ptfe_601_plc
601,2026-01-01 09:41:40,OP102,JOB1002,,2,49.93,48.62,146.8,217.96,339.8,60.77,29.74,22.04,49.61,119.36,120.51,374.26,374.19,371.21,377.94,377.65,5.039,0.027,350.5,2026-01-01 09:41:40,RS002,50,1,376.77,24.06,2,csc_ptfe_601_plc
601,2026-01-01 09:41:50,OP102,JOB1002,,2,49.46,48.88,150.5,220.71,341.17,59.43,30.26,22.24,49.88,119.26,121.43,377.17,378.07,374.88,375.11,372.04,4.96,0.035,347.05,2026-01-01 09:41:50,RS002,50,1,376.11,24.31,2,csc_ptfe_601_plc
601,2026-01-01 09:42:00,OP102,JOB1002,,2,50.03,49.16,152.1,219.82,341.5,58.65,31.49,22.44,50.16,118.7,121.19,377.22,374.12,373.89,375.75,375.73,4.976,0.039,350.43,2026-01-01 09:42:00,RS002,50,1,378.39,25.65,2,csc_ptfe_601_plc
601,2026-01-01 09:42:10,OP102,JOB1002,,2,49.83,48.99,150.75,222.51,340.96,59,30.75,22.65,49.99,118.7,122.63,375.45,373.91,376.7,374.06,372.26,5.013,0.033,353,2026-01-01 09:42:10,RS002,50,1,378.6,24.74,2,csc_ptfe_601_plc
601,2026-01-01 09:42:20,OP102,JOB1002,,2,49.52,48.56,146.87,221.45,341.07,61.09,28.35,22.85,49.55,119.19,122.95,373.73,373.77,372.29,377.67,372.86,5.026,0.022,350.69,2026-01-01 09:42:20,RS002,50,1,376.38,24.87,2,csc_ptfe_601_plc
601,2026-01-01 09:42:30,OP102,JOB1002,,2,49.22,48.29,152.23,221.12,339.24,58.1,30.39,23.05,49.28,119.85,121.53,377.26,377.57,376.26,375.86,375.95,4.962,0.038,350.09,2026-01-01 09:42:30,RS002,50,1,374.93,24.84,2,csc_ptfe_601_plc
601,2026-01-01 09:42:40,OP102,JOB1002,,2,49.45,48.46,148.58,222.71,341.34,57.84,28.26,23.25,49.45,118.18,120.46,376.55,373.94,376.04,378.48,373.98,4.95,0.04,350.39,2026-01-01 09:42:40,RS002,50,1,374,25.62,2,csc_ptfe_601_plc
601,2026-01-01 09:42:50,OP102,JOB1002,,2,50.3,48.96,146.86,217.22,341.53,60.97,28.81,23.45,49.96,118.72,121.69,374.64,377.71,374.29,378.89,377.89,4.975,0.029,351.98,2026-01-01 09:42:50,RS002,50,1,373.15,25.51,2,csc_ptfe_601_plc
601,2026-01-01 09:43:00,OP102,JOB1002,,2,50.03,49.08,150.96,220.88,340.96,57,28.63,23.65,50.08,119.02,120.84,374.53,373.06,373.25,374.88,372.24,5.014,0.036,350.99,2026-01-01 09:43:00,RS002,50,1,373.82,24.31,2,csc_ptfe_601_plc
601,2026-01-01 09:43:10,OP102,JOB1002,,2,50.54,49.24,153.83,222.03,340.38,61.55,29.66,23.85,50.25,120.81,119.86,372.48,377.12,371.23,374.99,374.04,4.977,0.038,350.34,2026-01-01 09:43:10,RS002,50,1,376.82,25.59,2,csc_ptfe_601_plc
601,2026-01-01 09:43:20,OP102,JOB1002,,2,50.98,49.6,149.12,219.25,338.25,60.77,31.72,24.05,50.61,121.88,122.36,374.62,376.21,371.06,376.93,372.4,5.005,0.027,347.9,2026-01-01 09:43:20,RS002,50,1,376.43,24.38,2,csc_ptfe_601_plc
601,2026-01-01 09:43:30,OP102,JOB1002,,2,49.48,48.69,147.31,219.42,340.75,59.29,30.54,24.25,49.68,119.08,121.53,374.34,373.89,376.95,378.56,374.54,5.035,0.028,348.87,2026-01-01 09:43:30,RS002,50,1,378.74,25.59,2,csc_ptfe_601_plc
601,2026-01-01 09:43:40,OP102,JOB1002,,2,49.98,48.56,145.68,217.07,338.35,57.6,28.77,24.45,49.55,121.67,121.09,372.49,373.58,374.73,378.67,372.72,5.03,0.028,349.9,2026-01-01 09:43:40,RS002,50,1,374.09,25.73,2,csc_ptfe_601_plc
601,2026-01-01 09:43:50,OP102,JOB1002,,2,50.37,48.99,154.51,222.37,340.11,58.77,30.77,24.65,49.99,119.55,121.75,374.62,376.54,371.39,375.34,377.53,5.037,0.038,349.69,2026-01-01 09:43:50,RS002,50,1,374.78,25.22,2,csc_ptfe_601_plc
601,2026-01-01 09:44:00,OP102,JOB1002,,2,50.45,49.5,151.62,221.19,338.74,59.03,29.62,24.85,50.51,118.22,120.29,375.33,376.1,375.71,374.66,373.98,5.046,0.025,348.46,2026-01-01 09:44:00,RS002,50,1,373.99,24.36,2,csc_ptfe_601_plc
601,2026-01-01 09:44:10,OP102,JOB1002,,2,50.5,49.24,147.52,217.94,339.7,57.19,29.16,25.05,50.24,118.7,121.63,376.32,376.48,376.3,374.82,373.12,5.015,0.024,351.59,2026-01-01 09:44:10,RS002,50,1,377.15,24.07,2,csc_ptfe_601_plc
601,2026-01-01 09:44:20,OP102,JOB1002,,2,50.02,48.76,154.88,218.9,338.04,61.37,30.35,25.25,49.75,119.2,119.89,377.32,373.75,373.44,375.65,377.17,4.962,0.039,349.34,2026-01-01 09:44:20,RS002,50,1,377.5,24.98,2,csc_ptfe_601_plc
601,2026-01-01 09:44:30,OP102,JOB1002,,2,48.97,48.43,148.32,219.17,340.88,62.49,29.08,25.45,49.42,119.57,120.42,373.88,376.6,373.64,377.24,377.4,4.959,0.028,348.92,2026-01-01 09:44:30,RS002,50,1,377.46,25.75,2,csc_ptfe_601_plc
601,2026-01-01 09:44:40,OP102,JOB1002,,2,50.09,49.34,151.68,221.15,340.29,60.71,29.43,25.65,50.35,120.95,122.11,377.67,375.52,374.34,378.38,373.42,4.989,0.03,348.14,2026-01-01 09:44:40,RS002,50,1,376.34,24.05,2,csc_ptfe_601_plc
601,2026-01-01 09:44:50,OP102,JOB1002,,2,49.35,48.83,146.39,220.39,338.11,58.76,30.42,25.85,49.83,118.3,122.29,376.05,375.8,375.17,374.86,375.16,5.002,0.036,347.23,2026-01-01 09:44:50,RS002,50,1,374.65,25.26,2,csc_ptfe_601_plc
601,2026-01-01 09:45:00,OP102,JOB1002,,2,49.9,48.85,154.83,222.6,338.91,61.24,31.92,26.05,49.85,121.96,119.52,375.29,375.83,376.93,378.31,377.05,4.984,0.036,352.1,2026-01-01 09:45:00,RS002,50,1,376.34,24.57,2,csc_ptfe_601_plc
601,2026-01-01 09:45:10,OP102,JOB1002,,2,49.88,48.76,147.12,220.15,339.6,58.64,28.71,26.25,49.76,119.2,119.63,376.78,377.88,374.83,375.07,374.83,4.954,0.024,348.25,2026-01-01 09:45:10,RS002,50,1,373.41,25.19,2,csc_ptfe_601_plc
601,2026-01-01 09:45:20,OP102,JOB1002,,2,50.99,49.54,153.43,217.55,341.15,57.63,28.07,26.45,50.55,118.7,122.28,373.11,375.58,376.44,374.33,375.66,4.995,0.037,348.21,2026-01-01 09:45:20,RS002,50,1,375.37,24.02,2,csc_ptfe_601_plc
601,2026-01-01 09:45:30,OP102,JOB1002,,2,50.66,49.27,151.33,221.36,340.19,59.26,30.09,26.65,50.28,121.72,121.21,375.29,378.5,371.69,378.5,377.81,4.982,0.034,347.23,2026-01-01 09:45:30,RS002,50,1,375.14,24.16,2,csc_ptfe_601_plc
601,2026-01-01 09:45:40,OP102,JOB1002,,2,49.81,49.05,152.79,221.69,338.53,61.34,30.48,26.85,50.05,121.77,122.44,372.32,376.19,371.71,377.52,373.89,4.972,0.033,351.53,2026-01-01 09:45:40,RS002,50,1,378.37,24.27,2,csc_ptfe_601_plc
601,2026-01-01 09:45:50,OP102,JOB1002,,2,50.89,49.7,152.68,218.99,340.38,58.5,29.17,27.05,50.71,120.06,119.48,373.62,376.91,376.81,377.34,372.25,4.954,0.025,351,2026-01-01 09:45:50,RS002,50,1,375.35,24.1,2,csc_ptfe_601_plc
601,2026-01-01 09:46:00,OP102,JOB1002,,2,49.34,48.52,154.36,222.16,340.89,59.2,28.15,27.25,49.51,118.55,119.75,374.39,378.06,376.46,376.55,374.71,5.029,0.036,351.37,2026-01-01 09:46:00,RS002,50,1,373.85,24.54,2,csc_ptfe_601_plc
601,2026-01-01 09:46:10,OP102,JOB1002,,2,50.9,49.78,148.24,221.78,340.71,61.22,30.69,27.45,50.8,118.57,122.9,375.87,375.79,373.93,375.22,372.25,5.009,0.023,349.15,2026-01-01 09:46:10,RS002,50,1,373.49,24.65,2,csc_ptfe_601_plc
601,2026-01-01 09:46:20,OP102,JOB1002,,2,50.34,49.27,149.9,222.74,338.16,57.33,31.9,27.66,50.28,121.32,120.76,377.1,373.06,376.77,374.51,376.76,4.959,0.04,351.13,2026-01-01 09:46:20,RS002,50,1,378.13,25.14,2,csc_ptfe_601_plc
601,2026-01-01 09:46:30,OP102,JOB1002,,2,49.96,48.56,153.75,217.77,339.51,57.35,29.91,27.86,49.55,120.78,120.43,373.71,376.51,376.18,379.31,377.03,4.97,0.025,352.51,2026-01-01 09:46:30,RS002,50,1,374.12,24.99,2,csc_ptfe_601_plc
601,2026-01-01 09:46:40,OP102,JOB1002,,2,49.81,49.28,148.29,222.87,339.91,61.94,30.56,28.06,50.29,119.92,121.53,372.18,374.3,371.13,379.94,374.9,5.033,0.023,349.18,2026-01-01 09:46:40,RS002,50,1,376.63,26,2,csc_ptfe_601_plc
601,2026-01-01 09:46:50,OP102,JOB1002,,2,50.53,49.76,149.69,218.57,341.54,57.5,31.41,28.26,50.78,119.46,121.55,375.92,376.93,371.12,377.53,375.51,4.986,0.023,347.93,2026-01-01 09:46:50,RS002,50,1,374.89,24.52,2,csc_ptfe_601_plc
601,2026-01-01 09:47:00,OP102,JOB1002,,2,50.85,49.43,148.34,220.71,339.97,62.91,29.72,28.46,50.44,121.51,121.67,375.19,374.31,375.3,375.58,376.19,5.046,0.034,351.63,2026-01-01 09:47:00,RS002,50,1,373.15,25.34,2,csc_ptfe_601_plc
601,2026-01-01 09:47:10,OP102,JOB1002,,2,49.56,48.6,145.35,217.14,340.1,62.89,28.12,28.66,49.59,119.64,121.09,372.26,378.29,372.45,379.14,374.15,5.036,0.031,350.16,2026-01-01 09:47:10,RS002,50,1,375.05,25.57,2,csc_ptfe_601_plc
601,2026-01-01 09:47:20,OP102,JOB1002,,2,49.87,49.22,146.5,221.87,341.64,61.05,30.4,28.86,50.22,119.92,122.86,377.52,379,371.64,379.36,373.17,4.987,0.028,352.07,2026-01-01 09:47:20,RS002,50,1,376.84,25.07,2,csc_ptfe_601_plc
601,2026-01-01 09:47:30,OP102,JOB1002,,2,49.48,48.39,147.69,222.76,339.15,62.87,29.3,29.06,49.38,120.93,119.93,376.45,377.19,374.27,376.31,377.42,5.001,0.035,348.11,2026-01-01 09:47:30,RS002,50,1,373.62,25.61,2,csc_ptfe_601_plc
601,2026-01-01 09:47:40,OP102,JOB1002,,2,49.59,48.56,154.2,222.79,340.38,62.79,31.32,29.26,49.55,120.69,121.23,376.88,374.32,373.79,375,374.13,5.021,0.024,349.7,2026-01-01 09:47:40,RS002,50,1,378.83,24.94,2,csc_ptfe_601_plc
601,2026-01-01 09:47:50,OP102,JOB1002,,2,49.64,48.57,148.11,222.03,341.09,60.46,30.03,29.46,49.56,118.35,121.49,375.69,374.59,375.52,379.21,377.04,5.025,0.023,350.14,2026-01-01 09:47:50,RS002,50,1,375.97,25.91,2,csc_ptfe_601_plc
601,2026-01-01 09:48:00,OP102,JOB1002,,2,49.9,49.1,151.05,218.64,339.42,57.42,29.24,29.66,50.1,121.14,120.66,372.15,373.96,372.69,379.7,376.9,4.951,0.035,351.73,2026-01-01 09:48:00,RS002,50,1,376.54,24.24,2,csc_ptfe_601_plc
601,2026-01-01 09:48:10,OP102,JOB1002,,2,51.11,49.61,145.35,217.5,341.58,57.23,29.64,29.86,50.62,121.79,121.39,374.37,374.49,376.09,379.6,375.95,4.973,0.028,348.96,2026-01-01 09:48:10,RS002,50,1,376.08,25.37,2,csc_ptfe_601_plc
601,2026-01-01 09:48:20,OP102,JOB1002,,2,50.52,49.74,152.16,221.82,339.45,59.5,29.28,30.06,50.76,119.95,119.37,377.52,373.32,371.96,378.05,375.03,5.045,0.023,348.47,2026-01-01 09:48:20,RS002,50,1,377.4,24.48,2,csc_ptfe_601_plc
601,2026-01-01 09:48:30,OP102,JOB1002,,2,48.86,48.34,147.65,220.06,340.5,59.2,31.18,30.26,49.33,119.82,119.88,376.99,373.17,374.06,379.09,372.76,4.995,0.023,352.34,2026-01-01 09:48:30,RS002,50,1,373.26,25.79,2,csc_ptfe_601_plc
601,2026-01-01 09:48:40,OP102,JOB1002,,2,49.9,49.27,153.09,217.91,338.5,62.63,30.33,30.46,50.28,118.76,120.94,372.74,374.01,374.2,374.25,372.9,4.965,0.039,351.01,2026-01-01 09:48:40,RS002,50,1,375.89,24.36,2,csc_ptfe_601_plc
601,2026-01-01 09:48:50,OP102,JOB1002,,2,49.23,48.3,152.04,222.65,340.95,60.14,30.14,30.66,49.29,118.01,122.94,373.82,374.42,374.7,379.95,373.39,4.99,0.035,348.73,2026-01-01 09:48:50,RS002,50,1,377.58,24.23,2,csc_ptfe_601_plc
601,2026-01-01 09:49:00,OP102,JOB1002,,2,50.73,49.74,149.37,220.99,341.65,60.48,31.62,30.86,50.76,120.58,120.93,377.3,376.23,371.52,379.62,377.75,4.963,0.027,349.97,2026-01-01 09:49:00,RS002,50,1,378.7,24.45,2,csc_ptfe_601_plc
601,2026-01-01 09:49:10,OP102,JOB1002,,2,49.93,49.16,147.56,218.29,339.14,58.46,28.56,31.06,50.16,119.85,120.16,375.05,376.39,376.5,377.27,377.02,5.029,0.034,350.71,2026-01-01 09:49:10,RS002,50,1,376.22,24.27,2,csc_ptfe_601_plc
601,2026-01-01 09:49:20,OP102,JOB1002,,2,50.18,48.85,151.5,220.73,340.28,60.98,29.25,31.26,49.85,120.79,121.62,375.67,373.97,375.72,374.6,373.96,4.981,0.028,347.26,2026-01-01 09:49:20,RS002,50,1,374.55,24.89,2,csc_ptfe_601_plc
601,2026-01-01 09:49:30,OP102,JOB1002,,2,50.66,49.73,146.76,218.47,338.84,57.22,31.21,31.46,50.75,118.57,121.34,376.04,375.01,371.19,376.8,373.43,4.971,0.031,352.19,2026-01-01 09:49:30,RS002,50,1,375.27,24.79,2,csc_ptfe_601_plc
601,2026-01-01 09:49:40,OP102,JOB1002,,2,49.42,48.82,147.99,219.43,338.69,57.47,30.85,31.66,49.82,118.04,122.99,372.7,373.04,371.72,378.38,373.44,5.003,0.04,352.07,2026-01-01 09:49:40,RS002,50,1,378,24.14,2,csc_ptfe_601_plc
601,2026-01-01 09:49:50,OP102,JOB1002,,2,49.77,48.6,146.55,217.78,338.09,62.74,28.75,31.86,49.59,119.72,120.87,373.12,378.13,372.08,375.45,374.42,5.018,0.032,348.71,2026-01-01 09:49:50,RS002,50,1,378.43,24.64,2,csc_ptfe_601_plc
601,2026-01-01 09:50:00,OP102,JOB1002,,2,49.65,49.11,153.14,217.67,340.31,58.08,30.66,32.06,50.11,118.1,122.95,374.76,375.16,373.89,377.98,374.93,5.017,0.039,349.45,2026-01-01 09:50:00,RS002,50,1,373.18,25.96,2,csc_ptfe_601_plc
601,2026-01-01 09:50:10,OP102,JOB1002,,2,50.85,49.58,154.57,220.58,341.88,61.76,29.67,32.26,50.59,120.92,122.59,376.77,376.9,374.58,375.76,377.07,4.952,0.024,352.48,2026-01-01 09:50:10,RS002,50,1,376.53,24.09,2,csc_ptfe_601_plc
601,2026-01-01 09:50:20,OP102,JOB1002,,2,50.23,48.77,145.54,219.26,340.41,61.36,31.81,32.46,49.77,119.83,121.6,377.9,378.99,376,376.41,375.45,4.979,0.036,352.3,2026-01-01 09:50:20,RS002,50,1,376.84,25.55,2,csc_ptfe_601_plc
601,2026-01-01 09:50:30,OP102,JOB1002,,2,49.68,48.73,153.46,219.1,340.47,62.64,28.5,32.67,49.72,120.77,122.81,374.25,377.44,373.58,378.85,375.97,5.004,0.037,347.56,2026-01-01 09:50:30,RS002,50,1,374.81,25.95,2,csc_ptfe_601_plc
601,2026-01-01 09:50:40,OP102,JOB1002,,2,49.46,48.42,149.5,217.87,338.16,60.03,31.01,32.87,49.41,120.93,120.1,374.32,375.71,376.48,377.52,377.07,4.964,0.035,347.94,2026-01-01 09:50:40,RS002,50,1,377.76,24.25,2,csc_ptfe_601_plc
601,2026-01-01 09:50:50,OP102,JOB1002,,2,50,49.35,153.12,217.95,338.89,57.3,29.35,33.07,50.36,119.51,119.74,375.05,373.18,375.99,378.52,374.88,4.98,0.037,349.86,2026-01-01 09:50:50,RS002,50,1,375.39,25.2,2,csc_ptfe_601_plc
601,2026-01-01 09:51:00,OP102,JOB1002,,2,50.39,49.71,151.4,219.47,339.49,60.06,28.11,33.27,50.72,118.5,119.42,377.76,378.32,371.06,377.09,373.17,4.957,0.03,349.61,2026-01-01 09:51:00,RS002,50,1,375.68,24.87,2,csc_ptfe_601_plc
601,2026-01-01 09:51:10,OP102,JOB1002,,2,49.15,48.58,147.99,221.64,338.57,61.04,31.74,33.47,49.57,120.44,119.38,372.3,374.03,371.39,379.27,376.38,5.009,0.037,350.01,2026-01-01 09:51:10,RS002,50,1,375.13,25.07,2,csc_ptfe_601_plc
601,2026-01-01 09:51:20,OP102,JOB1002,,2,49.46,48.64,145.37,218.57,340.18,57.61,29.43,33.67,49.63,119.02,120.78,373.13,377.49,371.92,375.3,376.04,4.999,0.023,351.25,2026-01-01 09:51:20,RS002,50,1,373.94,25.5,2,csc_ptfe_601_plc
601,2026-01-01 09:51:30,OP102,JOB1002,,2,49.58,48.42,146.1,217.78,339.89,57.23,28.48,33.87,49.41,119.71,119.5,377.33,375.73,373.81,376.97,376.21,4.997,0.03,350.22,2026-01-01 09:51:30,RS002,50,1,374.3,25.19,2,csc_ptfe_601_plc
601,2026-01-01 09:51:40,OP102,JOB1002,,2,50.12,49.18,151.32,220.76,338.2,59.97,29.88,34.07,50.18,118.51,119.64,372.38,376.47,373.48,378.21,374.29,4.982,0.034,348.26,2026-01-01 09:51:40,RS002,50,1,375.24,25.55,2,csc_ptfe_601_plc
601,2026-01-01 09:51:50,OP102,JOB1002,,2,51.11,49.7,148.06,217.5,341.13,62.57,28.96,34.27,50.71,118.97,121.32,376.76,378.62,376.51,379.14,373.37,5.011,0.023,352.39,2026-01-01 09:51:50,RS002,50,1,377.89,24.13,2,csc_ptfe_601_plc
601,2026-01-01 09:52:00,OP102,JOB1002,,2,50.66,49.71,150.34,217.29,339.06,61.1,31.03,34.47,50.72,118.55,120.48,377.28,376.33,372.22,379.5,372.63,5.003,0.038,352.6,2026-01-01 09:52:00,RS002,50,1,374.28,24.04,2,csc_ptfe_601_plc
601,2026-01-01 09:52:10,OP102,JOB1002,,2,51.1,49.72,146.02,219.03,341.42,57.02,29.45,34.67,50.73,118.18,119.59,372.89,377.2,372.69,377.05,375.25,5.003,0.027,351.17,2026-01-01 09:52:10,RS002,50,1,373.3,25.71,2,csc_ptfe_601_plc
601,2026-01-01 09:52:20,OP102,JOB1002,,2,50.65,49.63,152.38,221.58,338.31,61.15,30.19,34.87,50.64,118.08,120.31,376.33,374.94,371.18,379.95,372.61,5.028,0.027,349.38,2026-01-01 09:52:20,RS002,50,1,374.48,25.98,2,csc_ptfe_601_plc
601,2026-01-01 09:52:30,OP102,JOB1002,,2,49.9,48.5,152.78,217.61,341.18,61.7,31.86,35.07,49.49,120.5,119.5,372.57,373.12,373.85,375.99,372.97,4.959,0.023,350.25,2026-01-01 09:52:30,RS002,50,1,376.92,25.31,2,csc_ptfe_601_plc
601,2026-01-01 09:52:40,OP102,JOB1002,,2,50.95,49.5,153.34,221.46,340.91,59.51,28.59,35.27,50.51,119.92,121.28,372.49,373.34,374.47,375.98,373.41,4.978,0.025,350.66,2026-01-01 09:52:40,RS002,50,1,378.14,24.29,2,csc_ptfe_601_plc
601,2026-01-01 09:52:50,OP102,JOB1002,,2,50.62,49.64,148.23,217.33,340.37,57.59,28.57,35.47,50.65,121.41,121.57,373.41,377.14,374.16,376.56,376.82,4.977,0.031,351.72,2026-01-01 09:52:50,RS002,50,1,378.15,24.55,2,csc_ptfe_601_plc
601,2026-01-01 09:53:00,OP102,JOB1002,,2,49.07,48.48,154.68,221.44,341.11,61.25,29.71,35.67,49.47,121.38,122.37,377.1,375.28,371.52,374.42,376.28,4.956,0.025,351.95,2026-01-01 09:53:00,RS002,50,1,378.5,24.67,2,csc_ptfe_601_plc
601,2026-01-01 09:53:10,OP102,JOB1002,,2,50.4,49.69,146.33,217.88,339.4,60.82,28.93,35.87,50.7,121.1,119.11,373.93,377.66,376.5,375.05,377.22,5.008,0.031,349.46,2026-01-01 09:53:10,RS002,50,1,373.89,25.97,2,csc_ptfe_601_plc
601,2026-01-01 09:53:20,OP102,JOB1002,,2,49.53,48.79,154.85,217.76,341.22,60.16,29.97,36.07,49.79,120.24,122.08,376.72,376.92,372.06,379.58,374.63,5.02,0.022,350.4,2026-01-01 09:53:20,RS002,50,1,374.7,24.85,2,csc_ptfe_601_plc
601,2026-01-01 09:53:30,OP102,JOB1002,,2,51.06,49.57,146.47,221.97,341.39,62.76,30.31,36.27,50.58,118.21,119.55,376.83,378.44,371.81,376.6,377.21,5.017,0.028,351.8,2026-01-01 09:53:30,RS002,50,1,373.63,25.57,2,csc_ptfe_601_plc
601,2026-01-01 09:53:40,OP102,JOB1002,,2,49.02,48.35,148.41,218.59,339.57,58.53,29.23,36.47,49.34,118.26,120.1,373.1,375.97,373.31,375.95,373.14,4.983,0.034,349.17,2026-01-01 09:53:40,RS002,50,1,374.32,24.81,2,csc_ptfe_601_plc
601,2026-01-01 09:53:50,OP102,JOB1002,,2,49.41,48.87,147.32,217.28,338.93,59.63,28.57,36.67,49.87,121.76,120.35,374.65,377.44,376.5,378.7,377.35,4.997,0.024,351.09,2026-01-01 09:53:50,RS002,50,1,377.8,25.94,2,csc_ptfe_601_plc
601,2026-01-01 09:54:00,OP102,JOB1002,,2,50.59,49.24,150.39,222.41,340.42,60.8,31.27,36.87,50.24,119.56,121.88,372.22,373.37,376.83,375.19,376.19,4.956,0.033,351.72,2026-01-01 09:54:00,RS002,50,1,374.83,24.35,2,csc_ptfe_601_plc
601,2026-01-01 09:54:10,OP102,JOB1002,,2,50.34,49.41,154.03,218.06,340.8,59.22,31.22,37.07,50.42,119.35,119.78,373.03,376.84,374.87,378.33,372.4,5.026,0.033,349.7,2026-01-01 09:54:10,RS002,50,1,377.75,24.59,2,csc_ptfe_601_plc
601,2026-01-01 09:54:20,OP102,JOB1002,,2,50.4,49.07,149.62,220.03,341.11,57.8,31.52,37.27,50.07,119.53,121.59,375.32,373,373.47,374.27,373.97,4.97,0.021,349.46,2026-01-01 09:54:20,RS002,50,1,374.7,24.73,2,csc_ptfe_601_plc
601,2026-01-01 09:54:30,OP102,JOB1002,,2,49.68,48.49,150.23,220.33,341.39,59.99,31.71,37.47,49.48,121.97,119.29,376.71,373.41,374.08,379.73,375.39,5.044,0.039,348.38,2026-01-01 09:54:30,RS002,50,1,377.85,24.41,2,csc_ptfe_601_plc
601,2026-01-01 09:54:40,OP102,JOB1002,,2,49.82,49.04,153.31,218.63,340.14,62.68,29.7,37.68,50.04,118.86,120.16,375.59,373.1,372.45,378.38,375.57,4.997,0.028,348,2026-01-01 09:54:40,RS002,50,1,376.02,24.34,2,csc_ptfe_601_plc
601,2026-01-01 09:54:50,OP102,JOB1002,,2,51.16,49.74,154.26,220.32,338.38,57.22,28.35,37.88,50.76,118.8,120.11,377.74,374.44,371.43,375.33,375.79,4.993,0.039,348.01,2026-01-01 09:54:50,RS002,50,1,378.85,24.29,2,csc_ptfe_601_plc
601,2026-01-01 09:55:00,OP102,JOB1002,,2,49.84,49.07,148.82,217.49,339.94,62.16,28.52,38.08,50.07,119.64,119.23,374.05,378.55,376.24,379.92,377.38,4.977,0.034,350.99,2026-01-01 09:55:00,RS002,50,1,376.17,25.03,2,csc_ptfe_601_plc
601,2026-01-01 09:55:10,OP102,JOB1002,,2,50.63,49.37,147.23,221.35,341.58,57.94,30.81,38.28,50.38,121.31,120.42,376.52,375.95,374.51,375.92,374.55,4.952,0.021,347.25,2026-01-01 09:55:10,RS002,50,1,375.23,24.29,2,csc_ptfe_601_plc
601,2026-01-01 09:55:20,OP102,JOB1002,,2,49.61,48.46,152.4,220.06,340.49,61.65,31.58,38.48,49.45,119.85,120.97,376.24,375.5,371.8,376.74,377.51,4.993,0.039,349.68,2026-01-01 09:55:20,RS002,50,1,373.42,25.19,2,csc_ptfe_601_plc
601,2026-01-01 09:55:30,OP102,JOB1002,,2,49.58,48.63,146.1,218.33,339.04,57.52,30.26,38.68,49.62,118.31,120.58,377.65,376.84,373.82,377.65,377.13,4.979,0.029,348.33,2026-01-01 09:55:30,RS002,50,1,378.42,24.88,2,csc_ptfe_601_plc
601,2026-01-01 09:55:40,OP102,JOB1002,,2,50.19,49.06,151.09,219.26,340.98,60.66,31.88,38.88,50.06,119.05,119.61,373.96,378.34,376.55,375.45,373,4.966,0.032,348.73,2026-01-01 09:55:40,RS002,50,1,373.97,24.1,2,csc_ptfe_601_plc
601,2026-01-01 09:55:50,OP102,JOB1002,,2,51.11,49.62,150.39,222.59,341.59,61.68,29.12,39.08,50.63,118,122.41,374.78,374.08,376.56,378.45,377.76,5.019,0.021,351.84,2026-01-01 09:55:50,RS002,50,1,374.84,24.72,2,csc_ptfe_601_plc
601,2026-01-01 09:56:00,OP102,JOB1002,,2,48.91,48.37,146.72,221.61,340.01,59.31,31.3,39.28,49.36,120.15,121.97,372.62,373.87,371.74,377.75,376.24,4.988,0.026,348.33,2026-01-01 09:56:00,RS002,50,1,377.89,24.53,2,csc_ptfe_601_plc
601,2026-01-01 09:56:10,OP102,JOB1002,,2,49.56,48.31,150.37,219.37,341.27,59.24,30.52,39.48,49.3,119.85,121.99,372.8,375.75,375.57,378.24,372.02,4.982,0.036,352.32,2026-01-01 09:56:10,RS002,50,1,375.63,24.01,2,csc_ptfe_601_plc
601,2026-01-01 09:56:20,OP102,JOB1002,,2,50.04,48.78,145.67,219.73,339.5,57.84,29.19,39.68,49.78,118.89,122.84,374.4,376.85,375.09,374.08,375.74,4.965,0.023,349.42,2026-01-01 09:56:20,RS002,50,1,378.15,25.6,2,csc_ptfe_601_plc
601,2026-01-01 09:56:30,OP102,JOB1002,,2,50.71,49.51,145.88,220.77,340.19,58.63,30.4,39.88,50.52,121.8,122.35,374.78,376.73,374.47,376.16,375.43,5.026,0.026,352.61,2026-01-01 09:56:30,RS002,50,1,375.34,24.19,2,csc_ptfe_601_plc
601,2026-01-01 09:56:40,OP102,JOB1002,,2,50.45,49.43,148.48,221.97,340.27,61.84,30.97,40.08,50.44,118.67,122.74,373.68,376.4,371.26,374.71,373.74,5.04,0.02,350.51,2026-01-01 09:56:40,RS002,50,1,377.07,25.14,2,csc_ptfe_601_plc
601,2026-01-01 09:56:50,OP102,JOB1002,,2,50.67,49.76,148.9,217.84,340.53,62.25,31.38,40.28,50.78,118.25,119.2,372.86,377.61,373.64,376.44,372.92,5.004,0.036,347.41,2026-01-01 09:56:50,RS002,50,1,374.96,25.83,2,csc_ptfe_601_plc
601,2026-01-01 09:57:00,OP102,JOB1002,,2,50.42,49.73,146.3,221.93,341.37,63,30.42,40.48,50.75,121.04,119.22,374.75,376.5,375.58,379.54,373.62,4.978,0.029,352.69,2026-01-01 09:57:00,RS002,50,1,373.18,25.62,2,csc_ptfe_601_plc
601,2026-01-01 09:57:10,OP102,JOB1002,,2,48.99,48.49,153.89,220.21,339.32,57.76,30.4,40.68,49.48,120.07,121.51,372.17,377.03,372.33,376.49,374.77,4.986,0.039,349.31,2026-01-01 09:57:10,RS002,50,1,375.1,25.65,2,csc_ptfe_601_plc
601,2026-01-01 09:57:20,OP102,JOB1002,,2,49.76,49.16,151.43,222.35,338.96,60.37,30.28,40.88,50.16,119.32,119.05,372.27,378.03,371.15,377.09,374.19,4.95,0.032,347.94,2026-01-01 09:57:20,RS002,50,1,375.66,25.77,2,csc_ptfe_601_plc
601,2026-01-01 09:57:30,OP102,JOB1002,,2,51.16,49.72,149.77,218.97,339.87,62.88,31.92,41.08,50.73,121.65,121.53,373.48,374.25,375.55,374.35,377.21,4.965,0.04,351.06,2026-01-01 09:57:30,RS002,50,1,377.24,24.7,2,csc_ptfe_601_plc
601,2026-01-01 09:57:40,OP102,JOB1002,,2,49.25,48.47,150.54,219.22,338.01,57.21,31.27,41.28,49.46,121.22,122.81,377.79,373.43,372.28,377.49,374.39,5.031,0.035,349.16,2026-01-01 09:57:40,RS002,50,1,377.83,25.58,2,csc_ptfe_601_plc
601,2026-01-01 09:57:50,OP102,JOB1002,,2,50.43,49.03,153.64,219.82,341.78,59.95,30.62,41.48,50.03,120.99,119.15,372.22,378.9,374.14,376.81,375.6,5.027,0.039,351.43,2026-01-01 09:57:50,RS002,50,1,375.02,24.33,2,csc_ptfe_601_plc
601,2026-01-01 09:58:00,OP102,JOB1002,,2,50.93,49.56,145.55,221.61,339.95,58.97,29.07,41.68,50.57,118.65,119.04,377.23,376.24,371.82,378.67,374.38,5.045,0.034,349.16,2026-01-01 09:58:00,RS002,50,1,373.31,24.66,2,csc_ptfe_601_plc
601,2026-01-01 09:58:10,OP102,JOB1002,,2,50.24,48.83,145.58,217.17,338,61.79,29.02,41.88,49.83,119.88,122.54,375.76,373.38,373.01,375.38,372.34,5.048,0.037,349.03,2026-01-01 09:58:10,RS002,50,1,373.18,25.77,2,csc_ptfe_601_plc
601,2026-01-01 09:58:20,OP102,JOB1002,,2,50.59,49.54,150.23,220.99,338.76,60.41,28.4,42.08,50.55,118.31,121.28,373.28,377.11,374.37,378.35,374.79,4.987,0.021,350.52,2026-01-01 09:58:20,RS002,50,1,376.31,25.51,2,csc_ptfe_601_plc
601,2026-01-01 09:58:30,OP102,JOB1002,,2,49.52,48.93,147.56,218.66,340.37,58.25,28.19,42.28,49.93,121.8,120.3,377.56,376.78,372.21,378.12,372.35,4.992,0.039,348.05,2026-01-01 09:58:30,RS002,50,1,378.36,25.77,2,csc_ptfe_601_plc
601,2026-01-01 09:58:40,OP102,JOB1002,,2,49.3,48.74,151.66,218.08,339.15,61.13,28.18,42.48,49.73,118.37,121.62,377.43,376.29,372.77,378.62,373.63,5.041,0.029,348.82,2026-01-01 09:58:40,RS002,50,1,374.63,24.38,2,csc_ptfe_601_plc
601,2026-01-01 09:58:50,OP102,JOB1002,,2,49.72,48.71,154.41,221.73,338.93,59.88,30.55,42.69,49.7,119.31,122.76,373.35,374.98,372.06,375.47,375.59,4.982,0.026,348.52,2026-01-01 09:58:50,RS002,50,1,377.66,24.15,2,csc_ptfe_601_plc
601,2026-01-01 09:59:00,OP102,JOB1002,,2,50.42,49.36,148.48,221.25,339.8,58.07,28.71,42.89,50.37,120.55,122.16,373.8,373.69,375.58,374.99,376.13,4.97,0.023,347.63,2026-01-01 09:59:00,RS002,50,1,375.97,25.45,2,csc_ptfe_601_plc
601,2026-01-01 09:59:10,OP102,JOB1002,,2,51.02,49.55,151.02,219.51,341.88,57.37,30.8,43.09,50.56,120.17,122.98,377.64,378.75,376.48,376.37,377.5,5.009,0.037,351.47,2026-01-01 09:59:10,RS002,50,1,375.17,25.18,2,csc_ptfe_601_plc
601,2026-01-01 09:59:20,OP102,JOB1002,,2,50.36,49.49,153.67,217.54,341.45,58.02,29.75,43.29,50.5,118.04,119.98,372.74,375.55,374.72,374.94,373.82,4.993,0.038,352.71,2026-01-01 09:59:20,RS002,50,1,377.6,25.53,2,csc_ptfe_601_plc
601,2026-01-01 09:59:30,OP102,JOB1002,,2,50.52,49.73,153.56,217.38,338.99,57.84,31.98,43.49,50.74,120.46,121.62,377.35,375.25,375.36,377.62,376.89,5.035,0.024,349.39,2026-01-01 09:59:30,RS002,50,1,375.13,24.13,2,csc_ptfe_601_plc
601,2026-01-01 09:59:40,OP102,JOB1002,,2,50.92,49.64,149.48,218.74,340.31,57.92,29.77,43.69,50.65,118.62,122.24,372.88,378.38,376.74,374.44,376.27,4.972,0.023,349.61,2026-01-01 09:59:40,RS002,50,1,375.7,24.39,2,csc_ptfe_601_plc
601,2026-01-01 09:59:50,OP102,JOB1002,,2,50.24,48.94,145.44,217.7,342,58.22,30.13,43.89,49.94,120.28,119.19,375.56,374.54,376.56,377.52,374.16,4.958,0.021,348.65,2026-01-01 09:59:50,RS002,50,1,376.86,25.82,2,csc_ptfe_601_plc
601,2026-01-01 10:00:00,OP102,JOB1002,,2,50.4,49.4,146.49,219.73,339.45,60.86,30.45,44.09,50.41,119.97,122.43,375.42,373.25,374.51,376.36,377.17,5.046,0.033,350.76,2026-01-01 10:00:00,RS002,50,1,373.28,25.69,2,csc_ptfe_601_plc
601,2026-01-01 10:00:10,OP102,JOB1002,,2,50.37,49.09,147.62,220.23,339.38,60.29,30.28,44.29,50.09,119.18,121.47,372.97,373.99,372.73,379.79,375.17,5.034,0.03,351.47,2026-01-01 10:00:10,RS002,50,1,376.68,24.57,2,csc_ptfe_601_plc
601,2026-01-01 10:00:20,OP102,JOB1002,,2,49.75,48.98,154,220.21,339.41,61.53,30.61,44.49,49.98,118.14,122.6,376.93,376.89,374.44,378.15,372.97,4.991,0.021,347.91,2026-01-01 10:00:20,RS002,50,1,378.6,24.9,2,csc_ptfe_601_plc
601,2026-01-01 10:00:30,OP102,JOB1002,,2,51.12,49.73,152.07,222.86,338.83,58.45,28.68,44.69,50.74,120.08,119.78,373.57,378.92,373.72,375.97,374.84,4.999,0.022,349.91,2026-01-01 10:00:30,RS002,50,1,374.07,24.29,2,csc_ptfe_601_plc
601,2026-01-01 10:00:40,OP102,JOB1002,,2,50.14,49.23,150.54,218.61,341.82,58.5,30.81,44.89,50.23,118.95,121.51,372.86,373.14,372.68,374.54,372.74,5.037,0.028,350.1,2026-01-01 10:00:40,RS002,50,1,373.67,25.1,2,csc_ptfe_601_plc
601,2026-01-01 10:00:50,OP102,JOB1002,,2,49.06,48.3,154.73,221.31,340.54,58.27,30.88,45.09,49.29,121.59,122.48,374.44,375.49,375.35,375.19,373.99,4.965,0.022,352.16,2026-01-01 10:00:50,RS002,50,1,378.06,24.89,2,csc_ptfe_601_plc
601,2026-01-01 10:01:00,OP102,JOB1002,,2,50.21,49.1,154.78,222.28,340.89,58.02,29.34,45.29,50.1,120.81,119.37,374.51,374.93,376.32,378.24,376.51,5.022,0.02,351.53,2026-01-01 10:01:00,RS002,50,1,373.91,24.12,2,csc_ptfe_601_plc
601,2026-01-01 10:01:10,OP102,JOB1002,,2,50.2,49.37,152.39,220.5,338.72,60.11,30.77,45.49,50.38,120.05,122.53,377.88,375.78,374.2,377.4,377.07,4.98,0.035,348.24,2026-01-01 10:01:10,RS002,50,1,376.46,24.81,2,csc_ptfe_601_plc
601,2026-01-01 10:01:20,OP102,JOB1002,,2,49.8,49.03,146.18,218.54,341.22,62.75,30.64,45.69,50.03,121.88,120.4,375.22,377.91,372.42,375.08,375.63,5.049,0.024,348.48,2026-01-01 10:01:20,RS002,50,1,377.11,24.91,2,csc_ptfe_601_plc
601,2026-01-01 10:01:30,OP102,JOB1002,,2,49.65,48.42,145.31,219.13,340.12,60.41,28.37,45.89,49.41,120.68,122.64,377.08,377.59,374.39,375.95,376.61,5.027,0.037,349.49,2026-01-01 10:01:30,RS002,50,1,377.9,25.75,2,csc_ptfe_601_plc
601,2026-01-01 10:01:40,OP102,JOB1002,,2,50.28,48.94,148.51,220.03,339.08,62.31,30.47,46.09,49.94,120.33,119.87,374.47,375.68,371.54,374.96,372.24,5.005,0.035,349.27,2026-01-01 10:01:40,RS002,50,1,378.16,25.14,2,csc_ptfe_601_plc
601,2026-01-01 10:01:50,OP102,JOB1002,,2,49.98,48.9,151.95,220.01,339.29,60.28,29.43,46.29,49.9,120.36,122.83,376.48,374.81,373.72,378.49,372.38,4.996,0.024,352.71,2026-01-01 10:01:50,RS002,50,1,378.32,24.26,2,csc_ptfe_601_plc
601,2026-01-01 10:02:00,OP102,JOB1002,,2,49.95,48.63,147.65,219.4,340.53,60.3,31.38,46.49,49.62,119.7,120.76,374.11,377.76,371.13,375.41,374.57,5.019,0.039,347.85,2026-01-01 10:02:00,RS002,50,1,377.99,25.93,2,csc_ptfe_601_plc
601,2026-01-01 10:02:10,OP102,JOB1002,,2,50.06,49.41,145.89,221.89,339.72,60.08,31.88,46.69,50.42,121.79,119.34,376.88,375.87,371.39,376.3,373.16,4.965,0.02,351.65,2026-01-01 10:02:10,RS002,50,1,373.08,24.58,2,csc_ptfe_601_plc
601,2026-01-01 10:02:20,OP102,JOB1002,,2,50,48.93,150.16,220.36,338.16,57.79,31.83,46.89,49.93,121.22,120.28,377.23,374.76,372.68,379.29,374.14,4.982,0.04,347.97,2026-01-01 10:02:20,RS002,50,1,374.08,24.01,2,csc_ptfe_601_plc
601,2026-01-01 10:02:30,OP102,JOB1002,,2,50.52,49.58,151.94,218.78,341.44,59.6,29.85,47.09,50.59,118.15,120.31,372.5,374.36,376.13,376.67,377.11,4.965,0.035,350.39,2026-01-01 10:02:30,RS002,50,1,375.75,25.35,2,csc_ptfe_601_plc
601,2026-01-01 10:02:40,OP102,JOB1002,,2,50.59,49.3,151.21,222.09,338.71,60.73,31.8,47.29,50.31,121.78,119,374.16,373.26,375.36,375.45,374.85,5.027,0.033,350.54,2026-01-01 10:02:40,RS002,50,1,376.27,24.42,2,csc_ptfe_601_plc
601,2026-01-01 10:02:50,OP102,JOB1002,,2,50.58,49.09,145.24,219.96,339.99,57.8,28.42,47.49,50.09,119.55,119.26,372.99,378.39,376.7,376.2,374.16,4.984,0.037,348.8,2026-01-01 10:02:50,RS002,50,1,375.26,24.66,2,csc_ptfe_601_plc
601,2026-01-01 10:03:00,OP102,JOB1002,,2,50.75,49.44,152.13,221.21,341.44,58.12,31.37,47.7,50.45,121.76,119.57,377.1,378.39,374.12,378.96,377.86,5.032,0.039,347.4,2026-01-01 10:03:00,RS002,50,1,377.39,24.43,2,csc_ptfe_601_plc
601,2026-01-01 10:03:10,OP102,JOB1002,,2,49.58,48.33,147.98,219.26,341.01,58.79,31.82,47.9,49.32,119.27,120.14,372.8,377.81,375.55,374.94,373.13,5.039,0.028,347.93,2026-01-01 10:03:10,RS002,50,1,376.27,25.91,2,csc_ptfe_601_plc
601,2026-01-01 10:03:20,OP102,JOB1002,,2,49.35,48.76,151.95,221.31,340.58,61.49,28.33,48.1,49.76,118.89,122.62,377.69,377.21,375.6,375.94,377.05,4.962,0.023,350.46,2026-01-01 10:03:20,RS002,50,1,375.51,25.28,2,csc_ptfe_601_plc
601,2026-01-01 10:03:30,OP102,JOB1002,,2,50.1,49.24,150.16,218.69,339.49,60.52,29.34,48.3,50.24,120.45,120.17,373.48,374.22,371.35,378.03,373,5.004,0.023,352.57,2026-01-01 10:03:30,RS002,50,1,373.51,24.12,2,csc_ptfe_601_plc
601,2026-01-01 10:03:40,OP102,JOB1002,,2,50.83,49.53,149.91,218.17,339.4,60.47,29.43,48.5,50.54,121.98,119.7,373.71,374.37,375.72,375.33,374.28,4.953,0.034,351.82,2026-01-01 10:03:40,RS002,50,1,376.56,24.16,2,csc_ptfe_601_plc
601,2026-01-01 10:03:50,OP102,JOB1002,,2,50.57,49.41,151.35,220.41,338.24,61.28,31.24,48.7,50.42,120.27,122.74,376.42,374.92,373.86,374.41,374.69,4.953,0.027,352,2026-01-01 10:03:50,RS002,50,1,376.35,25.96,2,csc_ptfe_601_plc
601,2026-01-01 10:04:00,OP102,JOB1002,,2,48.89,48.29,152.26,217.48,339.97,58.02,28.43,48.9,49.28,121.91,121.55,374.03,376.14,375.95,376.32,375.42,4.98,0.022,352.28,2026-01-01 10:04:00,RS002,50,1,373.97,24.8,2,csc_ptfe_601_plc
601,2026-01-01 10:04:10,OP102,JOB1002,,2,49.08,48.25,151.22,220.66,340.5,57.62,29.53,49.1,49.23,118.4,120.37,374.89,378.29,376.59,377,375.32,5.021,0.021,348.18,2026-01-01 10:04:10,RS002,50,1,375.27,25.06,2,csc_ptfe_601_plc
601,2026-01-01 10:04:20,OP102,JOB1002,,2,48.91,48.26,154.78,219.06,340.1,61.48,31.62,49.3,49.24,119.72,119.79,374.87,373.21,372.52,376.93,372.49,5.029,0.036,348.22,2026-01-01 10:04:20,RS002,50,1,378.58,24.82,2,csc_ptfe_601_plc
601,2026-01-01 10:04:30,OP102,JOB1002,,2,50.53,49.6,147.12,218.45,338.8,57.79,30.42,49.5,50.61,118.62,120.99,375.38,374.98,371.56,377.43,375.62,5,0.02,348.98,2026-01-01 10:04:30,RS002,50,1,375.89,24.18,2,csc_ptfe_601_plc
601,2026-01-01 10:04:40,OP102,JOB1002,,2,50.31,49.16,146.14,222.58,338.14,57.58,28.8,49.7,50.16,120.25,119.43,375.66,376.7,376.11,377.67,376.04,4.975,0.027,348.67,2026-01-01 10:04:40,RS002,50,1,376.88,24.22,2,csc_ptfe_601_plc
601,2026-01-01 10:04:50,OP102,JOB1002,,2,50.49,49.49,147.33,221.85,341.79,60,29.19,49.9,50.5,120.68,122.05,373.14,376.22,376.4,376.62,374.72,5.023,0.036,348.61,2026-01-01 10:04:50,RS002,50,1,374.04,25.52,2,csc_ptfe_601_plc
601,2026-01-01 10:05:00,OP102,JOB1002,,2,50.99,49.52,145.99,222.07,340.29,57.14,31.58,50.1,50.53,118.57,120.99,375.41,373.59,375.56,375.51,375.09,4.975,0.038,347.7,2026-01-01 10:05:00,RS002,50,1,373.07,24.84,2,csc_ptfe_601_plc
601,2026-01-01 10:05:10,OP102,JOB1002,,2,49.92,49.1,150.98,222.43,338.9,58.39,29.81,50.3,50.1,120.16,122.26,377.1,375.61,373.75,378.81,372.14,5.05,0.022,348.11,2026-01-01 10:05:10,RS002,50,1,376.81,24.95,2,csc_ptfe_601_plc
601,2026-01-01 10:05:20,OP102,JOB1002,,2,48.94,48.33,153.14,222.47,340.42,60.86,30.17,50.5,49.32,120.36,122.27,374.45,375.7,374.66,375.68,373.54,5.006,0.039,352.44,2026-01-01 10:05:20,RS002,50,1,375.7,24.09,2,csc_ptfe_601_plc
601,2026-01-01 10:05:30,OP102,JOB1002,,2,48.97,48.29,150.78,222.86,340.84,62.66,28.38,50.7,49.28,120.2,119.37,373.52,377.74,374.14,376.46,376.01,5.025,0.034,352.7,2026-01-01 10:05:30,RS002,50,1,376.44,25.07,2,csc_ptfe_601_plc
601,2026-01-01 10:05:40,OP102,JOB1002,,2,49.91,49.4,153.26,219.92,341.7,57.29,30.68,50.9,50.41,121.64,120.61,373.48,378.16,372.8,375.29,374.1,4.952,0.031,350.31,2026-01-01 10:05:40,RS002,50,1,378.04,25.38,2,csc_ptfe_601_plc
601,2026-01-01 10:05:50,OP102,JOB1002,,2,49.25,48.6,149.11,221.59,339.14,59.88,30.64,51.1,49.59,119.76,121.05,374.87,376.32,376.21,376.97,374.97,5.001,0.039,352.9,2026-01-01 10:05:50,RS002,50,1,375.78,24.18,2,csc_ptfe_601_plc
601,2026-01-01 10:06:00,OP102,JOB1002,,2,49.42,48.32,147.82,219.89,340.12,60.28,30.08,51.3,49.31,118.22,121.98,373.32,373.99,375.65,375,377.59,5.006,0.038,351.46,2026-01-01 10:06:00,RS002,50,1,375.11,24.44,2,csc_ptfe_601_plc
601,2026-01-01 10:06:10,OP102,JOB1002,,2,49.92,49.28,146.28,220.69,341.65,60.3,31.62,51.5,50.29,120.85,121.85,376.28,374.51,373.29,377.87,376.33,4.997,0.039,352.55,2026-01-01 10:06:10,RS002,50,1,375.46,24.04,2,csc_ptfe_601_plc
601,2026-01-01 10:06:20,OP102,JOB1002,,2,49.17,48.67,153.69,220.99,339.39,59.86,31.89,51.7,49.66,120.73,122.85,377.84,376.48,374.96,379.58,373.1,4.998,0.03,348.96,2026-01-01 10:06:20,RS002,50,1,377.63,24.85,2,csc_ptfe_601_plc
601,2026-01-01 10:06:30,OP102,JOB1002,,2,50.38,49.77,153.16,219.81,339.2,60.47,29.39,51.9,50.79,119.46,122.41,372.25,375.35,376.31,377.47,376.55,5.039,0.021,351.09,2026-01-01 10:06:30,RS002,50,1,378,24.1,2,csc_ptfe_601_plc
601,2026-01-01 10:06:40,OP102,JOB1002,,2,50.2,49.62,149.79,220.49,339.87,62.23,31.33,52.1,50.63,118.6,122.07,375.14,376.82,375.99,379.7,374.6,4.952,0.029,349.59,2026-01-01 10:06:40,RS002,50,1,377.82,25.28,2,csc_ptfe_601_plc
601,2026-01-01 10:06:50,OP102,JOB1002,,2,49.51,48.99,151.88,221.4,338.43,60.27,29.91,52.3,49.99,120.95,122.61,376.81,375.33,376.42,375,374.54,4.974,0.023,347.53,2026-01-01 10:06:50,RS002,50,1,375.03,24.37,2,csc_ptfe_601_plc
601,2026-01-01 10:07:00,OP102,JOB1002,,2,50.19,49.35,149.94,220.09,340.06,59.03,29.89,52.51,50.36,119.47,121.82,376.85,374.79,375.34,377.27,377.74,4.958,0.03,349.38,2026-01-01 10:07:00,RS002,50,1,378.35,24.04,2,csc_ptfe_601_plc
601,2026-01-01 10:07:10,OP102,JOB1002,,2,50.7,49.24,149.93,220.1,340.72,61.34,31.5,52.71,50.24,119.98,122.44,377.63,375.99,374.16,377.75,373.82,4.992,0.024,350.77,2026-01-01 10:07:10,RS002,50,1,378.83,24.08,2,csc_ptfe_601_plc
601,2026-01-01 10:07:20,OP102,JOB1002,,2,51.1,49.61,154.83,219.41,339.8,61.23,29.83,52.91,50.62,118.88,122.8,375.03,375.01,376.28,378.96,376.89,4.997,0.032,347.7,2026-01-01 10:07:20,RS002,50,1,374.62,25.36,2,csc_ptfe_601_plc
601,2026-01-01 10:07:30,OP102,JOB1002,,2,49.62,48.83,154.27,221.33,341.29,60.78,28.59,53.11,49.83,118.08,122.33,377.89,374.68,371.63,377.57,376.36,4.965,0.035,350.67,2026-01-01 10:07:30,RS002,50,1,376.79,25.08,2,csc_ptfe_601_plc
601,2026-01-01 10:07:40,OP102,JOB1002,,2,49.86,48.44,146.08,218.44,340.3,58.18,30.31,53.31,49.43,121.88,121.06,377.31,377.72,372.73,375.58,372.76,5.048,0.026,351.26,2026-01-01 10:07:40,RS002,50,1,375.38,24.7,2,csc_ptfe_601_plc
601,2026-01-01 10:07:50,OP102,JOB1002,,2,50.31,49.24,153.6,220.48,340.54,60.92,30.96,53.51,50.24,119.11,120.89,374.21,375.75,371.65,374.79,377.35,5.011,0.022,353,2026-01-01 10:07:50,RS002,50,1,375,24.04,2,csc_ptfe_601_plc
601,2026-01-01 10:08:00,OP102,JOB1002,,2,49.76,48.35,154.66,222.71,340.08,60.3,29.62,53.71,49.34,118.34,120.05,372.14,375.7,374.37,376.21,376.67,5.008,0.02,347.66,2026-01-01 10:08:00,RS002,50,1,373.63,25.66,2,csc_ptfe_601_plc
601,2026-01-01 10:08:10,OP102,JOB1002,,2,49.29,48.61,149.83,222.37,340.79,58.9,28.64,53.91,49.6,119.85,120.09,377.2,378.71,373.19,379.26,377.91,4.972,0.034,350.15,2026-01-01 10:08:10,RS002,50,1,376.02,25.05,2,csc_ptfe_601_plc
601,2026-01-01 10:08:20,OP102,JOB1002,,2,50.92,49.53,150.43,221.53,341,57.24,29.2,54.11,50.54,121.39,121.98,373.73,374.88,374.11,376.36,376.74,4.996,0.038,350.65,2026-01-01 10:08:20,RS002,50,1,373.68,25.45,2,csc_ptfe_601_plc
601,2026-01-01 10:08:30,OP102,JOB1002,,2,50,49.16,149.8,222.24,338.7,58.52,31.37,54.31,50.16,119.59,121.95,377.47,374.58,375.95,375.44,374.86,4.979,0.022,349.37,2026-01-01 10:08:30,RS002,50,1,378.97,24.48,2,csc_ptfe_601_plc
601,2026-01-01 10:08:40,OP102,JOB1002,,2,49.4,48.66,149.26,218.89,338.59,61.47,30.86,54.51,49.65,121.54,121.93,376.71,373.38,373.86,374.18,377.48,5.02,0.021,350.47,2026-01-01 10:08:40,RS002,50,1,374.49,24.15,2,csc_ptfe_601_plc
601,2026-01-01 10:08:50,OP102,JOB1002,,2,50.82,49.4,147.24,219.1,341.43,57.13,28.91,54.71,50.41,118.92,119.83,376.83,375.84,372.67,379.42,372.01,5.015,0.038,349.87,2026-01-01 10:08:50,RS002,50,1,375.41,25.79,2,csc_ptfe_601_plc
601,2026-01-01 10:09:00,OP102,JOB1002,,2,49.65,48.83,147.7,221.26,340.13,62.03,28.98,54.91,49.83,119.36,122.36,374.58,378.8,371.95,376.37,375.38,5.008,0.033,349.19,2026-01-01 10:09:00,RS002,50,1,374.82,24.13,2,csc_ptfe_601_plc
601,2026-01-01 10:09:10,OP102,JOB1002,,2,49.78,48.75,152.39,220.55,339.95,57.5,30.25,55.11,49.74,118.4,120.86,377.83,377.53,371.26,376.61,376.53,5.041,0.021,349.6,2026-01-01 10:09:10,RS002,50,1,376.77,24.25,2,csc_ptfe_601_plc
601,2026-01-01 10:09:20,OP102,JOB1002,,2,49.08,48.28,147.62,221.07,339.38,57.13,29.2,55.31,49.27,119.57,122.18,376.84,375.79,373.5,375.81,376.64,4.986,0.035,347.47,2026-01-01 10:09:20,RS002,50,1,375.31,24.67,2,csc_ptfe_601_plc
601,2026-01-01 10:09:30,OP102,JOB1002,,2,50.61,49.75,150.68,217.64,339.75,57.89,31.83,55.51,50.77,120.56,121.79,374.09,377.9,373.31,374.48,375.72,4.999,0.031,352.64,2026-01-01 10:09:30,RS002,50,1,378.22,24.15,2,csc_ptfe_601_plc
601,2026-01-01 10:09:40,OP102,JOB1002,,2,50.35,49.25,154.03,217.27,338.21,61.65,29.05,55.71,50.26,121.52,122.92,376.82,373.67,375.38,376.28,373.15,5.049,0.023,347.68,2026-01-01 10:09:40,RS002,50,1,377.07,25.21,2,csc_ptfe_601_plc
601,2026-01-01 10:09:50,OP102,JOB1002,,2,50.68,49.72,149.56,222.77,340.82,57.43,29.57,55.91,50.73,118.57,122.39,377.23,378.81,373.84,379.5,377.63,4.996,0.035,348.85,2026-01-01 10:09:50,RS002,50,1,378.6,24.14,2,csc_ptfe_601_plc
601,2026-01-01 10:10:00,OP102,JOB1002,,2,50.55,49.64,145.26,217.57,338.7,61.64,31.37,56.11,50.65,121.33,119.86,375.67,373.19,376.25,375.47,375.21,4.973,0.024,349.87,2026-01-01 10:10:00,RS002,50,1,378.21,25.15,2,csc_ptfe_601_plc
601,2026-01-01 10:10:10,OP102,JOB1002,,2,50.39,49.02,148.39,217.25,338.5,60.33,30.07,56.31,50.02,120.94,119.36,373.12,377.62,375.1,374.32,377.99,5,0.023,349.14,2026-01-01 10:10:10,RS002,50,1,378.64,24.8,2,csc_ptfe_601_plc
601,2026-01-01 10:10:20,OP102,JOB1002,,2,49.13,48.42,151.69,221.95,339.64,59.19,31.79,56.51,49.41,119.08,121.01,372.71,374.2,375.36,374.46,372.34,4.953,0.028,349.01,2026-01-01 10:10:20,RS002,50,1,375.09,24.37,2,csc_ptfe_601_plc
601,2026-01-01 10:10:30,OP102,JOB1002,,2,49.33,48.35,154.59,218.96,340.34,62.87,28.82,56.71,49.34,119.49,122.35,375.27,375.25,376.99,378.67,377.19,4.98,0.034,347.21,2026-01-01 10:10:30,RS002,50,1,375.26,25.62,2,csc_ptfe_601_plc
601,2026-01-01 10:10:40,OP102,JOB1002,,2,48.81,48.28,145.56,220.68,341.04,58.98,28.73,56.91,49.27,118.29,120.07,375.04,376.14,373.78,377.26,375.44,5.039,0.033,348.57,2026-01-01 10:10:40,RS002,50,1,376.34,25.59,2,csc_ptfe_601_plc
601,2026-01-01 10:10:50,OP102,JOB1002,,2,49.93,49.39,150.14,220.46,339.5,58.91,29.97,57.11,50.4,118.2,121.46,372.1,376.82,374.6,374.56,376.51,5.041,0.025,347.65,2026-01-01 10:10:50,RS002,50,1,377.07,25.57,2,csc_ptfe_601_plc
601,2026-01-01 10:11:00,OP102,JOB1002,,2,49.54,48.46,151.72,220.31,340.31,62.05,29.08,57.31,49.45,118.48,120.76,376.66,377.44,373.33,374.91,377.19,4.976,0.023,349.38,2026-01-01 10:11:00,RS002,50,1,373.41,25.84,2,csc_ptfe_601_plc
601,2026-01-01 10:11:10,OP102,JOB1002,,2,50.05,48.86,150.06,221.19,338.96,60.78,30.97,57.52,49.86,119.2,120.82,377.77,373.07,374.86,375.37,375.74,5.04,0.024,349.54,2026-01-01 10:11:10,RS002,50,1,375,25.73,2,csc_ptfe_601_plc
601,2026-01-01 10:11:20,OP102,JOB1002,,2,49.82,48.58,149.44,220.46,339.46,61.05,31.4,57.72,49.57,119.12,121.96,372.63,374.6,376.49,378.87,374.16,5.031,0.039,349.63,2026-01-01 10:11:20,RS002,50,1,377.02,24.93,2,csc_ptfe_601_plc
601,2026-01-01 10:11:30,OP102,JOB1002,,2,50.14,49.56,152.56,222.78,338.81,58.48,28.38,57.92,50.57,121.28,121.42,376.68,373.27,374.57,379.11,375.89,4.977,0.036,348.5,2026-01-01 10:11:30,RS002,50,1,373.9,24.19,2,csc_ptfe_601_plc
601,2026-01-01 10:11:40,OP102,JOB1002,,2,49.81,49.18,148.7,222.93,338.53,58.14,28.91,58.12,50.18,121.27,121.91,374.72,378.45,371.98,379.77,375.75,5.011,0.037,350.31,2026-01-01 10:11:40,RS002,50,1,378.1,24.36,2,csc_ptfe_601_plc
601,2026-01-01 10:11:50,OP102,JOB1002,,2,50.05,49.24,151.97,217.33,341.62,58,28.57,58.32,50.24,119.86,122.29,375.57,374.15,376.4,376.66,374.27,5.006,0.032,347.89,2026-01-01 10:11:50,RS002,50,1,377.01,25.66,2,csc_ptfe_601_plc
601,2026-01-01 10:12:00,OP102,JOB1002,,2,49.99,48.66,148.53,220.62,341.75,57.65,28.13,58.52,49.65,121.34,122.55,377.23,374.03,373.67,377.03,376.45,4.999,0.038,351.76,2026-01-01 10:12:00,RS002,50,1,373.58,24.15,2,csc_ptfe_601_plc
601,2026-01-01 10:12:10,OP102,JOB1002,,2,49.31,48.28,152.43,220.29,339.38,59.66,29.74,58.72,49.27,118.48,119.27,372.13,378.06,376.82,376.06,373.49,5.022,0.033,349.78,2026-01-01 10:12:10,RS002,50,1,375.33,24.39,2,csc_ptfe_601_plc
601,2026-01-01 10:12:20,OP102,JOB1002,,2,50.24,49.03,150.51,217.1,339,58.02,30.68,58.92,50.03,120.66,119.13,372.77,376.04,371.22,374.98,372.24,5.043,0.034,347.47,2026-01-01 10:12:20,RS002,50,1,375.36,24.57,2,csc_ptfe_601_plc
601,2026-01-01 10:12:30,OP102,JOB1002,,2,50.79,49.69,148.35,218.72,338.16,57.56,29.48,59.12,50.7,121.89,121.52,374.97,375.66,375.57,374.15,374.12,4.973,0.026,351.42,2026-01-01 10:12:30,RS002,50,1,377.1,24.55,2,csc_ptfe_601_plc
601,2026-01-01 10:12:40,OP102,JOB1002,,2,50.37,49.14,145.33,221.69,339.9,59.5,30.29,59.32,50.14,120.48,121.02,377.16,373.45,373.84,379.22,373.4,4.976,0.031,350.38,2026-01-01 10:12:40,RS002,50,1,378.74,25.86,2,csc_ptfe_601_plc
601,2026-01-01 10:12:50,OP102,JOB1002,,2,50.47,49.67,145.38,217.63,341.43,61.75,31.28,59.52,50.68,120.79,119.61,372.54,374.27,374.09,374.75,373.86,4.999,0.021,351.24,2026-01-01 10:12:50,RS002,50,1,373.62,25.21,2,csc_ptfe_601_plc
601,2026-01-01 10:13:00,OP102,JOB1002,,2,50.39,49.18,145.96,220.61,338.42,57.69,29.11,59.72,50.18,118.69,122.29,372.46,376.37,376.94,378.78,374.02,4.95,0.033,349.18,2026-01-01 10:13:00,RS002,50,1,378.61,24.56,2,csc_ptfe_601_plc
601,2026-01-01 10:13:10,OP102,JOB1002,,2,48.9,48.32,145.06,218,341.02,61.32,29.36,59.92,49.31,121.3,119.89,376.62,375.84,371.67,375.54,375.84,4.956,0.031,350,2026-01-01 10:13:10,RS002,50,1,374.87,25.12,2,csc_ptfe_601_plc
601,2026-01-01 10:13:20,OP102,JOB1002,,2,50.15,48.87,154.07,221.82,339.9,62.19,31.74,60.12,49.87,121.2,121.14,377.17,378.2,374.32,374.23,372.77,4.988,0.022,349.78,2026-01-01 10:13:20,RS002,50,1,375.27,24.64,2,csc_ptfe_601_plc
601,2026-01-01 10:13:30,OP102,JOB1002,,2,50.05,48.78,145.6,219.29,340.71,61.86,30.28,60.32,49.78,121.43,119.97,372.88,378.05,371.7,378.09,375.9,5.02,0.024,348.69,2026-01-01 10:13:30,RS002,50,1,378.65,24.09,2,csc_ptfe_601_plc
601,2026-01-01 10:13:40,OP102,JOB1002,,2,50.07,49.04,149,218.54,339.25,60.78,31.27,60.52,50.04,121.56,119.94,372.11,377.23,372.55,378.63,375.35,4.951,0.035,348.58,2026-01-01 10:13:40,RS002,50,1,378.7,25.27,2,csc_ptfe_601_plc
601,2026-01-01 10:13:50,OP102,JOB1002,,2,49.62,48.64,150.07,222.84,341.2,59.25,30.12,60.72,49.63,118.86,120.52,377.12,375.04,373.78,378.57,372.28,5.004,0.033,349.5,2026-01-01 10:13:50,RS002,50,1,377.65,25.06,2,csc_ptfe_601_plc
601,2026-01-01 10:14:00,OP102,JOB1002,,2,49.88,48.76,147.55,219,341.15,60.57,30.62,60.92,49.75,120.61,120.45,373.88,373.25,376.76,378.1,372.5,4.95,0.034,348.93,2026-01-01 10:14:00,RS002,50,1,377.57,25.73,2,csc_ptfe_601_plc
601,2026-01-01 10:14:10,OP102,JOB1002,,2,50.38,48.92,148.97,218.34,341.08,62.16,30.71,61.12,49.92,118.91,120.29,372.11,375.71,376.09,378.17,375.27,4.987,0.037,347.95,2026-01-01 10:14:10,RS002,50,1,378.25,25.07,2,csc_ptfe_601_plc
601,2026-01-01 10:14:20,OP102,JOB1002,,2,49.54,48.54,148.88,218.66,341.55,61.24,29.43,61.32,49.53,118.9,121.45,373.84,376.11,374.2,378.38,377.49,5.03,0.031,347.32,2026-01-01 10:14:20,RS002,50,1,376.68,25.11,2,csc_ptfe_601_plc
601,2026-01-01 10:14:30,OP102,JOB1002,,2,49.3,48.25,149.68,220.55,339.08,59.29,30.6,61.52,49.23,118.65,121.01,377.43,375.09,375.01,377.62,374.93,4.994,0.023,352.03,2026-01-01 10:14:30,RS002,50,1,378.69,25.02,2,csc_ptfe_601_plc
601,2026-01-01 10:14:40,OP102,JOB1002,,2,50.54,49.27,148.32,220.07,341.74,57.25,29.37,61.72,50.28,119.93,119.42,375.74,374.19,374.35,377.09,377.21,5.018,0.038,347.24,2026-01-01 10:14:40,RS002,50,1,376.49,25.37,2,csc_ptfe_601_plc
601,2026-01-01 10:14:50,OP102,JOB1002,,2,49.68,48.71,153.1,222.75,341.63,60.23,29.78,61.92,49.7,120.66,119.18,373.69,377.02,376.33,377.23,375.37,5.044,0.021,349.92,2026-01-01 10:14:50,RS002,50,1,374.09,25.2,2,csc_ptfe_601_plc
601,2026-01-01 10:15:00,OP102,JOB1002,,2,50.2,49.14,151.22,217.03,340.76,57.79,31.24,62.12,50.14,121.65,122.22,373.56,377.44,376.6,378.94,374.57,5.025,0.035,349.83,2026-01-01 10:15:00,RS002,50,1,378.01,25.67,2,csc_ptfe_601_plc
601,2026-01-01 10:15:10,OP102,JOB1002,,2,50.31,49.27,146.99,222.09,338.74,59.47,29.98,62.32,50.28,121.14,120.42,373.51,375.23,372.48,374.52,372.83,4.98,0.033,347.93,2026-01-01 10:15:10,RS002,50,1,377.3,25.6,2,csc_ptfe_601_plc
601,2026-01-01 10:15:20,OP102,JOB1002,,2,49.52,48.97,151.74,218.84,340.07,58.57,30.04,62.53,49.97,119.37,120.96,377.86,377.53,375.92,376.09,374.59,4.967,0.034,349.35,2026-01-01 10:15:20,RS002,50,1,376.34,24.82,2,csc_ptfe_601_plc
601,2026-01-01 10:15:30,OP102,JOB1002,,2,49.6,48.41,149.4,221.91,341.5,57.41,28.63,62.73,49.4,118.11,120.55,376.6,378.54,372.3,375.43,373.98,5.023,0.039,350.52,2026-01-01 10:15:30,RS002,50,1,377.3,25.7,2,csc_ptfe_601_plc
601,2026-01-01 10:15:40,OP102,JOB1002,,2,50.95,49.6,152.36,222.78,341.64,60.82,29.55,62.93,50.61,119.37,121.95,374.11,376.32,374.92,375.07,373.12,4.953,0.029,347.69,2026-01-01 10:15:40,RS002,50,1,374.32,24.95,2,csc_ptfe_601_plc
601,2026-01-01 10:15:50,OP102,JOB1002,,2,49.76,48.84,146.15,221.19,339.62,58.56,28.78,63.13,49.84,121.43,122.72,376.28,374.94,374.8,379.51,376.77,4.958,0.023,347.12,2026-01-01 10:15:50,RS002,50,1,373.29,24.86,2,csc_ptfe_601_plc
601,2026-01-01 10:16:00,OP102,JOB1002,,2,49.01,48.24,146.57,217.3,339.13,60.91,31.77,63.33,49.22,121.4,121.97,375.1,373.16,373.87,379.8,373.15,4.96,0.028,347.61,2026-01-01 10:16:00,RS002,50,1,378.71,24.07,2,csc_ptfe_601_plc
601,2026-01-01 10:16:10,OP102,JOB1002,,2,49.28,48.27,153.62,217.46,338.63,57.59,29.76,63.53,49.26,120.63,120.33,377.58,374.41,371.81,376.57,377.34,5.047,0.034,350.12,2026-01-01 10:16:10,RS002,50,1,374.34,25.77,2,csc_ptfe_601_plc
601,2026-01-01 10:16:20,OP102,JOB1002,,2,48.94,48.27,150.82,220.36,339.84,59.91,30.71,63.73,49.25,121.78,119.46,375.44,376.99,373.41,376.17,376.81,5.025,0.036,352.92,2026-01-01 10:16:20,RS002,50,1,374.12,24.89,2,csc_ptfe_601_plc
601,2026-01-01 10:16:30,OP102,JOB1002,,2,50.58,49.73,150.99,221.63,338.9,60.8,30.93,63.93,50.75,120.11,119.9,376.87,373.52,372.02,378.98,375.29,4.955,0.037,347.98,2026-01-01 10:16:30,RS002,50,1,376.27,24.33,2,csc_ptfe_601_plc
601,2026-01-01 10:16:40,OP102,JOB1002,,2,49.73,48.59,150.25,217.97,341.69,61.94,31.62,64.13,49.58,121.55,119.15,372.92,375.85,372.03,374.68,372.44,5.002,0.032,352.44,2026-01-01 10:16:40,RS002,50,1,377.84,25.53,2,csc_ptfe_601_plc
601,2026-01-01 10:16:50,OP102,JOB1002,,2,49.1,48.34,147.54,217.35,338.07,58.45,31.33,64.33,49.33,118.92,122.6,376.47,378.55,376.39,377.67,374.16,5.01,0.036,348.36,2026-01-01 10:16:50,RS002,50,1,376.49,25.32,2,csc_ptfe_601_plc
601,2026-01-01 10:17:00,OP102,JOB1002,,2,49.97,48.97,152.63,217.56,338.85,60.74,28.18,64.53,49.97,121.29,120.02,373.62,378.55,373.42,376.06,377.98,5.026,0.029,351.84,2026-01-01 10:17:00,RS002,50,1,373.04,24.74,2,csc_ptfe_601_plc
601,2026-01-01 10:17:10,OP102,JOB1002,,2,49.85,49.25,150.14,219.37,340.08,59.61,30.53,64.73,50.26,119.05,120.04,373.45,373.41,376.43,376.94,373.4,5.027,0.021,351.9,2026-01-01 10:17:10,RS002,50,1,375.72,25.36,2,csc_ptfe_601_plc
601,2026-01-01 10:17:20,OP102,JOB1002,,2,48.97,48.34,151.68,217.42,338.22,59.57,28.72,64.93,49.33,119.34,120.29,375.34,378.21,372.78,375.6,373.43,4.981,0.022,350.1,2026-01-01 10:17:20,RS002,50,1,376.98,24.4,2,csc_ptfe_601_plc
601,2026-01-01 10:17:30,OP102,JOB1002,,2,49.81,48.61,146.45,219.01,338.67,58.35,28.89,65.13,49.6,119.38,121.22,374.98,375.29,375.69,377.29,374.13,4.999,0.033,349.92,2026-01-01 10:17:30,RS002,50,1,374.09,25.66,2,csc_ptfe_601_plc
601,2026-01-01 10:17:40,OP102,JOB1002,,2,49.36,48.48,154.96,221.85,338.16,60.62,30.1,65.33,49.47,119.5,122.99,372.89,376.15,374.66,379.15,374.17,4.952,0.04,349.49,2026-01-01 10:17:40,RS002,50,1,375.54,24.87,2,csc_ptfe_601_plc
601,2026-01-01 10:17:50,OP102,JOB1002,,2,50.73,49.27,152.79,221.88,339.75,59.08,31.3,65.53,50.28,119.4,120.73,377.56,378.02,372.65,378.3,372.11,5.032,0.026,350.82,2026-01-01 10:17:50,RS002,50,1,376.32,24.47,2,csc_ptfe_601_plc
601,2026-01-01 10:18:00,OP102,JOB1002,,2,50.04,48.65,145.95,217.76,338.86,62.88,28.79,65.73,49.64,121.82,119.88,372.71,373.16,371.18,375.61,373.36,4.991,0.026,352.65,2026-01-01 10:18:00,RS002,50,1,376.87,25.8,2,csc_ptfe_601_plc
601,2026-01-01 10:18:10,OP102,JOB1002,,2,50.13,49.11,147.36,222.74,338.34,62.35,30.31,65.93,50.11,119.24,119.89,372.94,375.6,374.68,374.81,376.17,4.966,0.026,351.94,2026-01-01 10:18:10,RS002,50,1,374.76,25.67,2,csc_ptfe_601_plc
601,2026-01-01 10:18:20,OP102,JOB1002,,2,48.77,48.23,146.01,220.94,338.52,58.9,31.03,66.13,49.21,118.37,119.5,375.1,376.59,374.28,375.49,372.07,5.02,0.026,347.28,2026-01-01 10:18:20,RS002,50,1,377.5,24.54,2,csc_ptfe_601_plc
601,2026-01-01 10:18:30,OP102,JOB1002,,2,50.41,49.7,148.71,218.39,338.69,59.12,29.51,66.33,50.71,119.67,119.18,376.3,374.35,373.92,377.63,373.43,4.967,0.033,349.78,2026-01-01 10:18:30,RS002,50,1,378.41,25.53,2,csc_ptfe_601_plc
601,2026-01-01 10:18:40,OP102,JOB1002,,2,50.29,48.98,148.9,220.3,341.11,58.54,29.15,66.53,49.98,118.41,122.38,373.71,377.52,373.42,376.23,376.81,4.962,0.035,352.28,2026-01-01 10:18:40,RS002,50,1,374.64,24.73,2,csc_ptfe_601_plc
601,2026-01-01 10:18:50,OP102,JOB1002,,2,49.22,48.6,154.08,217.76,341.62,57.13,31.96,66.73,49.59,120.46,119.89,372,375.83,373.34,379.42,375.82,5.024,0.027,347.83,2026-01-01 10:18:50,RS002,50,1,376.76,25.02,2,csc_ptfe_601_plc
601,2026-01-01 10:19:00,OP102,JOB1002,,2,49.76,48.34,148.63,222.92,341.66,61.2,29.44,66.93,49.33,121.54,119.04,375.35,373.99,375.15,376.97,372.52,4.995,0.034,348.12,2026-01-01 10:19:00,RS002,50,1,378.54,25.53,2,csc_ptfe_601_plc
601,2026-01-01 10:19:10,OP102,JOB1002,,2,49.78,48.42,145.33,220.84,338.22,59.13,30.82,67.13,49.41,118.44,121.83,375.68,376.75,372.26,379.39,376.53,5.02,0.034,349.95,2026-01-01 10:19:10,RS002,50,1,377.8,25.3,2,csc_ptfe_601_plc
601,2026-01-01 10:19:20,OP102,JOB1002,,2,50.23,48.9,149.02,222.32,340.31,59.59,30.33,67.33,49.9,120.93,120.61,374.86,375.48,376.4,377.1,374.87,4.967,0.037,352.67,2026-01-01 10:19:20,RS002,50,1,376.61,24.02,2,csc_ptfe_601_plc
601,2026-01-01 10:19:30,OP102,JOB1002,,2,49.89,49.26,145.84,221.17,340.74,57.8,30.48,67.54,50.27,119.29,121.19,377,374.62,373.31,376.51,377.06,4.975,0.023,349.6,2026-01-01 10:19:30,RS002,50,1,373.35,25.32,2,csc_ptfe_601_plc
601,2026-01-01 10:19:40,OP102,JOB1002,,2,49.83,49.06,151.69,219.54,339.42,58.75,31.93,67.74,50.06,118.3,122.77,377.64,378.2,374.06,374.24,372.13,4.956,0.023,347.88,2026-01-01 10:19:40,RS002,50,1,378.84,24.95,2,csc_ptfe_601_plc
601,2026-01-01 10:19:50,OP102,JOB1002,,2,50.63,49.29,148.37,218.66,341.57,57.66,28.86,67.94,50.3,118.45,121.23,373.22,375.43,374.77,379.09,377.12,4.951,0.027,348.08,2026-01-01 10:19:50,RS002,50,1,375.33,24.55,2,csc_ptfe_601_plc
601,2026-01-01 10:20:00,OP102,JOB1002,,2,49.69,48.88,154.93,220.61,341.36,59.32,30.76,68.14,49.88,121.78,119.69,373.48,375.63,375.54,376.05,372.26,4.969,0.02,347.07,2026-01-01 10:20:00,RS002,50,1,378.71,24.19,2,csc_ptfe_601_plc
601,2026-01-01 10:20:10,OP102,JOB1002,,2,50.31,49.28,148.15,222.59,341.93,57.23,31.03,68.34,50.29,119.59,119.22,376.15,373.01,376.02,378,375.75,5.008,0.027,349.64,2026-01-01 10:20:10,RS002,50,1,377.11,24.26,2,csc_ptfe_601_plc
601,2026-01-01 10:20:20,OP102,JOB1002,,2,50.84,49.47,145.92,222.83,339.08,57.7,28.05,68.54,50.48,119.86,119.96,375.6,378.27,372.53,379.91,376.79,4.967,0.026,352.91,2026-01-01 10:20:20,RS002,50,1,374.48,24.5,2,csc_ptfe_601_plc
601,2026-01-01 10:20:30,OP102,JOB1002,,2,49.56,48.51,152.8,221.82,339.81,57.01,29.2,68.74,49.5,118.12,122.87,372.2,373.9,372,379.48,375.96,4.999,0.02,352.03,2026-01-01 10:20:30,RS002,50,1,377.71,24.46,2,csc_ptfe_601_plc
601,2026-01-01 10:20:40,OP102,JOB1002,,2,49.93,49.24,151.49,220.09,341.15,61.35,28.7,68.94,50.25,121.89,120.03,372.87,374.63,375.95,378.59,375.55,5.035,0.034,351.8,2026-01-01 10:20:40,RS002,50,1,376.51,24.9,2,csc_ptfe_601_plc
601,2026-01-01 10:20:50,OP102,JOB1002,,2,50.72,49.63,148.01,222.87,338.37,61.18,30.52,69.14,50.64,118.41,122.9,375.48,377.51,371.33,374.58,372.11,4.989,0.035,350.91,2026-01-01 10:20:50,RS002,50,1,377.68,24.66,2,csc_ptfe_601_plc
601,2026-01-01 10:21:00,OP102,JOB1002,,2,49.01,48.4,150.84,222.55,339.26,61.75,28.85,69.34,49.39,120.72,122.51,374.16,376.97,374.37,378.06,377.8,5.011,0.028,349.21,2026-01-01 10:21:00,RS002,50,1,375.71,24.6,2,csc_ptfe_601_plc
601,2026-01-01 10:21:10,OP102,JOB1002,,2,49.81,49.06,146.9,219.54,339.52,61.03,31.31,69.54,50.06,121.72,120.27,374.32,374.89,376.47,376.29,377.08,5.029,0.022,349.75,2026-01-01 10:21:10,RS002,50,1,373.73,25.71,2,csc_ptfe_601_plc
601,2026-01-01 10:21:20,OP102,JOB1002,,2,50.55,49.21,147.81,220.82,339.46,61.91,30.27,69.74,50.21,120.74,122.9,373.38,374.8,373.2,375.86,376.77,5.025,0.025,352.35,2026-01-01 10:21:20,RS002,50,1,376.9,25.69,2,csc_ptfe_601_plc
601,2026-01-01 10:21:30,OP102,JOB1002,,2,50.25,49.62,147.09,222.44,339.04,61.09,28.64,69.94,50.63,118.04,119.1,375.69,375.71,373.77,376.87,375.18,4.984,0.027,349.9,2026-01-01 10:21:30,RS002,50,1,373.73,25.04,2,csc_ptfe_601_plc
601,2026-01-01 10:21:40,OP102,JOB1002,,2,49.87,48.79,147.02,222.81,341.29,61.19,30.03,70.14,49.79,118.47,121.51,374.99,378.46,371.28,375.74,373.56,5.021,0.023,348.64,2026-01-01 10:21:40,RS002,50,1,375.57,25.9,2,csc_ptfe_601_plc
601,2026-01-01 10:21:50,OP102,JOB1002,,2,50.05,48.96,145.46,220.73,340.56,62.47,31.77,70.34,49.96,119.74,120.26,377.01,374.16,374.82,375.8,376.29,5.026,0.035,349.98,2026-01-01 10:21:50,RS002,50,1,375.38,25.93,2,csc_ptfe_601_plc
601,2026-01-01 10:22:00,OP102,JOB1002,,2,50.12,49.54,150.98,222.06,340.93,62.42,29.7,70.54,50.55,119.52,121.08,373.17,376.34,372.71,379.93,372.64,4.957,0.03,350.27,2026-01-01 10:22:00,RS002,50,1,377.58,25.41,2,csc_ptfe_601_plc
601,2026-01-01 10:22:10,OP102,JOB1002,,2,50.65,49.26,154.61,222.79,340.12,61.81,31.71,70.74,50.27,119.08,121.01,374.96,373.99,375.94,377.7,377.49,5.033,0.04,351.62,2026-01-01 10:22:10,RS002,50,1,374.96,25.15,2,csc_ptfe_601_plc
601,2026-01-01 10:22:20,OP102,JOB1002,,2,49.58,48.47,146.96,218.1,339.59,60.17,30.09,70.94,49.46,121.04,122.05,375.95,374.1,373.46,376.18,374.84,4.953,0.023,348.13,2026-01-01 10:22:20,RS002,50,1,375.45,25.12,2,csc_ptfe_601_plc
601,2026-01-01 10:22:30,OP102,JOB1002,,2,50.38,49.69,150.12,221.59,341.92,62.13,28.64,71.14,50.7,119.9,122.67,372.91,377.93,374.39,374.68,372.26,5.011,0.036,351.06,2026-01-01 10:22:30,RS002,50,1,378.35,25.78,2,csc_ptfe_601_plc
601,2026-01-01 10:22:40,OP102,JOB1002,,2,50.03,48.76,148.44,217.58,339.06,59.88,31.35,71.34,49.76,118.63,122.25,372.66,377.56,371.68,374.54,372.76,4.966,0.023,348.86,2026-01-01 10:22:40,RS002,50,1,378.15,25.11,2,csc_ptfe_601_plc
601,2026-01-01 10:22:50,OP102,JOB1002,,2,49.41,48.51,148.35,222.74,338.91,61.87,28.08,71.54,49.5,121.19,121.08,376.03,374.6,371.17,379.73,372.15,4.951,0.035,350.38,2026-01-01 10:22:50,RS002,50,1,373.33,25.95,2,csc_ptfe_601_plc
601,2026-01-01 10:23:00,OP102,JOB1002,,2,50.05,49.53,147.19,217.9,338.55,60.04,30.18,71.74,50.54,121.65,120.45,375.75,377.16,371.12,378,374.2,5.048,0.038,348.97,2026-01-01 10:23:00,RS002,50,1,373.91,24.75,2,csc_ptfe_601_plc
601,2026-01-01 10:23:10,OP102,JOB1002,,2,50.77,49.66,147.68,219.11,339.54,59.3,30.27,71.94,50.67,120.82,121.32,375.45,375.47,374.51,378.24,374.74,4.965,0.024,351.46,2026-01-01 10:23:10,RS002,50,1,376.42,24.37,2,csc_ptfe_601_plc
601,2026-01-01 10:23:20,OP102,JOB1002,,2,49.43,48.87,147.5,219.21,341.85,60.63,29.32,72.14,49.87,121,119.58,375.45,377.39,376.77,375.55,372.79,5.018,0.038,347.17,2026-01-01 10:23:20,RS002,50,1,377.69,24.45,2,csc_ptfe_601_plc
601,2026-01-01 10:23:30,OP102,JOB1002,,2,49.06,48.41,148.39,222.63,338.55,61.43,29.63,72.34,49.4,119.9,120,373.45,374.99,371.45,374.5,376.88,4.994,0.027,350.83,2026-01-01 10:23:30,RS002,50,1,378.01,25.64,2,csc_ptfe_601_plc
601,2026-01-01 10:23:40,OP102,JOB1002,,2,51,49.7,146.09,218.6,340.44,60.8,31.16,72.55,50.71,121.04,122.96,377.77,373.61,376.23,379.07,376.47,4.965,0.029,348.62,2026-01-01 10:23:40,RS002,50,1,376.36,24.64,2,csc_ptfe_601_plc
601,2026-01-01 10:23:50,OP102,JOB1002,,2,50.41,49.22,151.49,220.77,341.79,59.37,30.89,72.75,50.22,120.09,121.53,374.58,378.28,374.71,375.78,374.47,5.015,0.021,347.28,2026-01-01 10:23:50,RS002,50,1,374.79,24.18,2,csc_ptfe_601_plc
601,2026-01-01 10:24:00,OP102,JOB1002,,2,49.45,48.91,150.98,218.47,340.79,60.45,29.45,72.95,49.91,119.23,119.21,375.65,377.07,372.16,376.19,376.05,5.041,0.032,350.27,2026-01-01 10:24:00,RS002,50,1,375.24,24.74,2,csc_ptfe_601_plc
601,2026-01-01 10:24:10,OP102,JOB1002,,2,49.84,48.86,145.05,217.96,339.26,59.7,30.46,73.15,49.86,119.64,119.94,372.94,376.84,372.27,374.5,373.09,5.012,0.038,349.3,2026-01-01 10:24:10,RS002,50,1,375.92,25.57,2,csc_ptfe_601_plc
601,2026-01-01 10:24:20,OP102,JOB1002,,2,50.05,48.62,148.15,218.96,339.2,59.42,28.68,73.35,49.61,119.03,120.14,377.54,376.33,374.12,379.81,376.17,5.01,0.028,350.49,2026-01-01 10:24:20,RS002,50,1,377.85,25.88,2,csc_ptfe_601_plc
601,2026-01-01 10:24:30,OP102,JOB1002,,2,50.82,49.75,145.84,218.91,339.89,59.41,29.69,73.55,50.77,121.51,119.75,372.21,378.54,375.84,377.83,372.04,5.007,0.038,352.37,2026-01-01 10:24:30,RS002,50,1,378.39,24.32,2,csc_ptfe_601_plc
601,2026-01-01 10:24:40,OP102,JOB1002,,2,49.25,48.52,154.95,217.2,338.81,60.71,31.89,73.75,49.51,120.65,121.78,377.35,377.2,371.23,376.13,377.62,4.986,0.024,351.16,2026-01-01 10:24:40,RS002,50,1,373.71,24.96,2,csc_ptfe_601_plc
601,2026-01-01 10:24:50,OP102,JOB1002,,2,50.81,49.49,154.9,221.08,338.93,59.97,28.15,73.95,50.5,118.11,119.61,375.33,373.66,375.48,377.94,374.22,5.025,0.038,351.15,2026-01-01 10:24:50,RS002,50,1,378.28,24.94,2,csc_ptfe_601_plc
601,2026-01-01 10:25:00,OP102,JOB1002,,2,49.73,48.71,148.26,219.88,341.83,59.75,30.56,74.15,49.7,120.31,122.84,374.95,375.18,371.27,375.5,372.09,5.018,0.02,352.28,2026-01-01 10:25:00,RS002,50,1,376.71,24.47,2,csc_ptfe_601_plc
601,2026-01-01 10:25:10,OP102,JOB1002,,2,49.95,48.97,148.29,221.57,338.55,60.22,29.71,74.35,49.97,121,120.5,377.07,374.2,376.32,379.06,375.36,5.048,0.029,352.07,2026-01-01 10:25:10,RS002,50,1,377.47,24.59,2,csc_ptfe_601_plc
601,2026-01-01 10:25:20,OP102,JOB1002,,2,50.16,49.05,150.12,217.62,340.07,59.25,28.19,74.55,50.05,118.4,122.59,374.41,373.83,371.54,379.13,375.61,4.964,0.03,347.85,2026-01-01 10:25:20,RS002,50,1,377.97,25.36,2,csc_ptfe_601_plc
601,2026-01-01 10:25:30,OP102,JOB1002,,2,49.1,48.39,153.59,221.31,338.9,61.98,28.59,74.75,49.38,119.13,120.01,374.02,375.3,373.87,377.34,374.86,5.006,0.022,349.9,2026-01-01 10:25:30,RS002,50,1,375.53,24.1,2,csc_ptfe_601_plc
601,2026-01-01 10:25:40,OP102,JOB1002,,2,49,48.44,148.12,222.44,339.18,59.5,31.74,74.95,49.43,120.89,120.87,376.13,376.23,376.4,376.05,375.22,5.035,0.037,351.14,2026-01-01 10:25:40,RS002,50,1,378.19,25.53,2,csc_ptfe_601_plc
601,2026-01-01 10:25:50,OP102,JOB1002,,2,50.12,49.35,151.18,221.59,338.38,57.19,29.35,75.15,50.36,121.54,121.75,377.67,377.25,374.66,379.13,375.15,4.965,0.023,348.71,2026-01-01 10:25:50,RS002,50,1,375.92,25.3,2,csc_ptfe_601_plc
601,2026-01-01 10:26:00,OP102,JOB1002,,2,50.5,49.19,149.84,220.55,341.2,61.58,28.01,75.35,50.19,121.89,119.91,376.37,376.96,372.66,376.66,376.33,4.995,0.034,347.42,2026-01-01 10:26:00,RS002,50,1,376.49,24.6,2,csc_ptfe_601_plc
601,2026-01-01 10:26:10,OP102,JOB1002,,2,49.62,48.81,150.72,222.81,339.88,62.97,28.72,75.55,49.81,119.61,120.89,373.59,375.73,373.38,377.56,373.42,5.037,0.037,347.99,2026-01-01 10:26:10,RS002,50,1,376.21,24.08,2,csc_ptfe_601_plc
601,2026-01-01 10:26:20,OP102,JOB1002,,2,49.67,48.49,148.64,217.22,339.22,61.64,30.02,75.75,49.48,121.38,121.18,375.17,374.36,376.68,375.61,372.6,5.002,0.032,350.77,2026-01-01 10:26:20,RS002,50,1,378.37,25.63,2,csc_ptfe_601_plc
601,2026-01-01 10:26:30,OP102,JOB1002,,2,50.56,49.67,145.65,220.34,340.82,60.78,30.19,75.95,50.68,118.68,121.96,374.12,374.58,376.9,379.11,374.4,4.967,0.03,352.98,2026-01-01 10:26:30,RS002,50,1,378.87,25.18,2,csc_ptfe_601_plc
601,2026-01-01 10:26:40,OP102,JOB1002,,2,49.17,48.28,152.49,220.63,341.03,58.93,30.2,76.15,49.27,120.6,119.73,376.15,373.38,371.92,379.75,377.87,4.95,0.023,347.02,2026-01-01 10:26:40,RS002,50,1,374.79,24.05,2,csc_ptfe_601_plc
601,2026-01-01 10:26:50,OP102,JOB1002,,2,49.44,48.36,145.18,217.58,341.64,60.56,31.21,76.35,49.35,121.8,120.27,377.81,373.33,371.17,375.64,376.03,4.97,0.039,350.8,2026-01-01 10:26:50,RS002,50,1,373.12,25.49,2,csc_ptfe_601_plc
601,2026-01-01 10:27:00,OP102,JOB1002,,2,50.51,49.72,148.86,220.78,338.31,62.11,28.7,76.55,50.73,120.15,120.3,377.91,378.41,374.21,376.55,376.08,4.969,0.04,350.05,2026-01-01 10:27:00,RS002,50,1,378.51,24.04,2,csc_ptfe_601_plc
601,2026-01-01 10:27:10,OP102,JOB1002,,2,50.39,49.1,152.7,219.26,338.98,61.63,30.91,76.75,50.1,118.36,121.78,372.87,375.46,372.42,378.04,373.3,4.974,0.031,347.4,2026-01-01 10:27:10,RS002,50,1,378.21,25.24,2,csc_ptfe_601_plc
601,2026-01-01 10:27:20,OP102,JOB1002,,2,50.56,49.44,147.23,218.76,339.47,61.52,29.76,76.95,50.45,121.95,121.04,373.42,377.96,373.72,374.62,373.06,4.996,0.031,352.53,2026-01-01 10:27:20,RS002,50,1,376.75,25.57,2,csc_ptfe_601_plc
601,2026-01-01 10:27:30,OP102,JOB1002,,2,50.79,49.52,146.98,222.48,339.89,57.2,31.43,77.15,50.53,121.33,119.21,372.88,374,371.21,378.1,375.71,4.974,0.023,347.15,2026-01-01 10:27:30,RS002,50,1,378.63,24.84,2,csc_ptfe_601_plc
601,2026-01-01 10:27:40,OP102,JOB1002,,2,50.47,49.41,153.89,219.87,338.26,60.72,29.02,77.35,50.42,120.31,122.91,374.69,374.77,375,375.68,375.86,4.973,0.02,347.27,2026-01-01 10:27:40,RS002,50,1,375.87,25.42,2,csc_ptfe_601_plc
601,2026-01-01 10:27:50,OP102,JOB1002,,2,49.38,48.33,146.13,220.56,340.5,58.71,30.3,77.56,49.32,119.84,119.7,372.05,375.4,376.51,375.59,372.36,4.985,0.033,348.05,2026-01-01 10:27:50,RS002,50,1,377.21,25.89,2,csc_ptfe_601_plc
601,2026-01-01 10:28:00,OP102,JOB1002,,2,50.07,49.06,147.67,218.28,340.11,60.36,30.61,77.76,50.06,120.51,120.26,372.37,375.24,371.21,378.66,372.28,5.016,0.026,347.61,2026-01-01 10:28:00,RS002,50,1,374.14,25.66,2,csc_ptfe_601_plc
601,2026-01-01 10:28:10,OP102,JOB1002,,2,50.38,49.55,152.6,218.82,341.09,60.18,31.51,77.96,50.56,120.99,121.11,375.82,374.5,374.55,376.01,374.48,4.972,0.037,347.85,2026-01-01 10:28:10,RS002,50,1,375.94,25.58,2,csc_ptfe_601_plc
601,2026-01-01 10:28:20,OP102,JOB1002,,2,49.83,48.73,148.78,220.68,341.47,59.91,30.25,78.16,49.72,121.55,119.85,372.19,377.3,376.65,377.84,372.89,5.027,0.024,349.74,2026-01-01 10:28:20,RS002,50,1,374.49,24.09,2,csc_ptfe_601_plc
601,2026-01-01 10:28:30,OP102,JOB1002,,2,50.66,49.22,154.83,220.24,341.49,57.79,29.53,78.36,50.22,118.99,122.87,372.05,378.82,375.72,376.1,375.08,4.95,0.025,349.68,2026-01-01 10:28:30,RS002,50,1,375.82,25.74,2,csc_ptfe_601_plc
601,2026-01-01 10:28:40,OP102,JOB1002,,2,50.09,49.43,151.65,220.46,341.05,61.55,30.33,78.56,50.44,120.32,120.95,372.72,375.18,371.85,379.78,374.99,5.013,0.03,352.18,2026-01-01 10:28:40,RS002,50,1,376.1,25.92,2,csc_ptfe_601_plc
601,2026-01-01 10:28:50,OP102,JOB1002,,2,49.09,48.51,147.74,218.04,341.43,60.18,28.96,78.76,49.5,119.15,121.05,377.41,374.32,373.4,378.17,373.52,5.028,0.033,348.66,2026-01-01 10:28:50,RS002,50,1,373.74,25.93,2,csc_ptfe_601_plc
601,2026-01-01 10:29:00,OP102,JOB1002,,2,49.33,48.73,145.39,220.07,339.71,61.15,31.82,78.96,49.72,119.3,121.47,372.74,377.87,375.86,376.9,377.62,4.968,0.024,351.91,2026-01-01 10:29:00,RS002,50,1,375.94,25.02,2,csc_ptfe_601_plc
601,2026-01-01 10:29:10,OP102,JOB1002,,2,48.86,48.37,148.44,222.44,338.08,61.31,28.84,79.16,49.36,120.27,121.51,372.43,375.52,374.92,379.98,377.21,4.964,0.025,350.08,2026-01-01 10:29:10,RS002,50,1,374.86,24.17,2,csc_ptfe_601_plc
601,2026-01-01 10:29:20,OP102,JOB1002,,2,49.4,48.66,149.86,220.92,341.81,62.15,29.09,79.36,49.65,121.22,120.94,377,377.45,376.28,378.72,373.47,5,0.026,350.52,2026-01-01 10:29:20,RS002,50,1,375.59,24.46,2,csc_ptfe_601_plc
601,2026-01-01 10:29:30,OP102,JOB1002,,2,49.01,48.34,145.4,220.64,341.02,57.06,30.12,79.56,49.33,120.69,121.54,377.9,374.91,372.1,379.98,377.36,4.988,0.037,348.06,2026-01-01 10:29:30,RS002,50,1,376.81,24.75,2,csc_ptfe_601_plc
601,2026-01-01 10:29:40,OP102,JOB1002,,2,50.83,49.58,148.68,217.79,341.53,58.79,29.89,79.76,50.59,118.56,120.64,373.38,373.62,375.77,377.91,373.49,4.996,0.025,347.34,2026-01-01 10:29:40,RS002,50,1,376.72,24.18,2,csc_ptfe_601_plc
601,2026-01-01 10:29:50,OP102,JOB1002,,2,49.64,48.96,148.52,217.4,338.19,60.69,31.8,79.96,49.96,118.41,120.54,374.36,378.98,375.37,374.54,377.08,4.971,0.024,348.3,2026-01-01 10:29:50,RS002,50,1,375.84,25.74,2,csc_ptfe_601_plc
601,2026-01-01 10:30:00,OP102,JOB1002,,2,49.73,48.77,147.41,221.4,340.59,57.46,28.85,80.16,49.77,118.56,120.85,377.71,374.39,374.06,375.92,375.68,4.955,0.022,352.7,2026-01-01 10:30:00,RS002,50,1,376.49,24.37,2,csc_ptfe_601_plc
601,2026-01-01 10:30:10,OP102,JOB1002,,2,49.38,48.87,154.49,220.4,340.89,61.57,31.4,80.36,49.87,118.22,120.82,373.84,373.18,371.02,378.84,375.47,4.963,0.031,350.75,2026-01-01 10:30:10,RS002,50,1,376.26,25.21,2,csc_ptfe_601_plc
601,2026-01-01 10:30:20,OP102,JOB1002,,2,49.68,48.29,151.32,220.66,340.3,58.79,28.7,80.56,49.28,121.54,122.96,373.69,376.69,372.35,376.94,372.6,4.961,0.028,350.15,2026-01-01 10:30:20,RS002,50,1,377.26,24.27,2,csc_ptfe_601_plc
601,2026-01-01 10:30:30,OP102,JOB1002,,2,50.84,49.62,147.94,218.39,338.57,58.4,30.23,80.76,50.63,121.06,122.1,372.84,373.2,372.02,376.76,375.12,4.979,0.022,347.63,2026-01-01 10:30:30,RS002,50,1,378.1,25.69,2,csc_ptfe_601_plc
601,2026-01-01 10:30:40,OP102,JOB1002,,2,49.73,48.75,145.4,220.17,340.21,59.54,28.87,80.96,49.74,121.98,120.27,376.49,376.19,371.07,376.89,372.03,5.045,0.024,350.87,2026-01-01 10:30:40,RS002,50,1,377.61,25.9,2,csc_ptfe_601_plc
601,2026-01-01 10:30:50,OP102,JOB1002,,2,49.67,48.24,145.65,222.66,339.46,62.1,30.88,81.16,49.22,121.29,122.77,372.98,376.52,371.35,379,376.01,5.039,0.028,347.66,2026-01-01 10:30:50,RS002,50,1,378.5,25.24,2,csc_ptfe_601_plc
601,2026-01-01 10:31:00,OP102,JOB1002,,2,49.6,49.1,147.56,219.25,339.56,60.15,30.52,81.36,50.1,120.85,122.35,375.1,378.01,372.36,374.04,376.32,4.961,0.022,349.52,2026-01-01 10:31:00,RS002,50,1,377.64,25.03,2,csc_ptfe_601_plc
601,2026-01-01 10:31:10,OP102,JOB1002,,2,50.13,49.55,152.94,217.01,338.54,57.2,30.91,81.56,50.56,118.7,120.47,373.26,376.32,374.05,378.29,377.75,5.024,0.024,352.32,2026-01-01 10:31:10,RS002,50,1,374.49,24.13,2,csc_ptfe_601_plc
601,2026-01-01 10:31:20,OP102,JOB1002,,2,49.34,48.66,148.79,220.81,339.78,59.93,28.98,81.76,49.65,119.18,122.91,373.99,377.34,373.37,377.21,374.53,4.963,0.039,350.31,2026-01-01 10:31:20,RS002,50,1,377.71,24.57,2,csc_ptfe_601_plc
601,2026-01-01 10:31:30,OP102,JOB1002,,2,49.02,48.34,147.05,221.92,339.93,60.04,28.79,81.96,49.33,119.74,122.45,373.64,373.97,374.29,374.49,374.96,5.023,0.026,347.11,2026-01-01 10:31:30,RS002,50,1,374.62,24.75,2,csc_ptfe_601_plc
601,2026-01-01 10:31:40,OP102,JOB1002,,2,49.52,48.34,146.9,220.71,340.61,61.47,31.51,82.16,49.33,119.48,122.4,376.25,376.92,376.82,376.46,374.77,4.981,0.028,352.52,2026-01-01 10:31:40,RS002,50,1,376.82,25.84,2,csc_ptfe_601_plc
601,2026-01-01 10:31:50,OP102,JOB1002,,2,50.42,49.1,145.97,217.73,338.65,61.45,28.92,82.36,50.1,118.27,120.8,373.41,378.28,372.79,375.98,376.53,4.982,0.021,351.46,2026-01-01 10:31:50,RS002,50,1,373.46,25.92,2,csc_ptfe_601_plc
601,2026-01-01 10:32:00,OP102,JOB1002,,2,50.1,48.67,147.14,218.04,341.3,60.25,30.11,82.57,49.66,118.46,122.38,377.46,375.25,376.4,375.01,373.13,5.028,0.038,349.9,2026-01-01 10:32:00,RS002,50,1,377.3,24.45,2,csc_ptfe_601_plc
601,2026-01-01 10:32:10,OP102,JOB1002,,2,50.72,49.41,151.78,217.47,340.87,62.57,31.32,82.77,50.42,121.88,121.54,372.42,373.08,376.35,378.39,377.06,5.049,0.035,349.4,2026-01-01 10:32:10,RS002,50,1,378.12,24.26,2,csc_ptfe_601_plc
601,2026-01-01 10:32:20,OP102,JOB1002,,2,51.04,49.64,152.57,222.36,340.68,61.73,29.31,82.97,50.65,118.7,120.25,376.8,377.65,372.32,375.92,377.7,4.969,0.039,347.4,2026-01-01 10:32:20,RS002,50,1,373.48,25.97,2,csc_ptfe_601_plc
601,2026-01-01 10:32:30,OP102,JOB1002,,2,51.08,49.64,150.86,221.28,340.34,62.41,31.7,83.17,50.65,118.57,120.89,376.68,377.2,372.13,379.96,375.83,4.985,0.031,350.5,2026-01-01 10:32:30,RS002,50,1,377.87,25.92,2,csc_ptfe_601_plc
601,2026-01-01 10:32:40,OP102,JOB1002,,2,49.96,49.17,153.19,222.2,339.3,58.11,29.55,83.37,50.17,119.09,122.72,377.23,376.41,375.85,378.64,376.58,4.953,0.033,349.25,2026-01-01 10:32:40,RS002,50,1,374.43,25.97,2,csc_ptfe_601_plc
601,2026-01-01 10:32:50,OP102,JOB1002,,2,49.98,48.73,150.57,219.22,341.46,58.72,30.77,83.57,49.72,121.57,120.26,377.42,376.36,375.92,379.24,376.44,5.033,0.025,347.44,2026-01-01 10:32:50,RS002,50,1,376.77,25.97,2,csc_ptfe_601_plc
601,2026-01-01 10:33:00,OP102,JOB1002,,2,50.5,49.32,151.48,221.78,341.36,58.44,30.08,83.77,50.33,121.27,120.64,375.97,378.83,372.22,378.63,376.13,4.972,0.031,351.92,2026-01-01 10:33:00,RS002,50,1,375.83,24.89,2,csc_ptfe_601_plc
601,2026-01-01 10:33:10,OP102,JOB1002,,2,49.32,48.59,154.7,219.99,341.92,57.38,31.4,83.97,49.58,120.19,119.12,375.77,378.15,372.11,374.4,373.24,4.954,0.025,352.09,2026-01-01 10:33:10,RS002,50,1,377.81,24.92,2,csc_ptfe_601_plc
601,2026-01-01 10:33:20,OP102,JOB1002,,2,49.64,49.1,147.91,222.51,341.1,59.21,29.41,84.17,50.1,119.35,120.48,375.62,373.88,375.45,377.42,372.14,4.985,0.026,351,2026-01-01 10:33:20,RS002,50,1,376.88,24.53,2,csc_ptfe_601_plc
601,2026-01-01 10:33:30,OP102,JOB1002,,2,50.41,49.06,148.05,222.79,341.26,57.33,29.61,84.37,50.06,118.64,122.23,372.85,376.66,372.44,379.76,377.74,4.978,0.02,352.07,2026-01-01 10:33:30,RS002,50,1,378.14,25.78,2,csc_ptfe_601_plc
601,2026-01-01 10:33:40,OP102,JOB1002,,2,50.53,49.48,146.56,219,338.43,59.7,31.96,84.57,50.49,119.83,121.65,372.65,376.73,372.6,378.24,374.06,4.992,0.032,348.32,2026-01-01 10:33:40,RS002,50,1,373.86,25.13,2,csc_ptfe_601_plc
601,2026-01-01 10:33:50,OP102,JOB1002,,2,49.18,48.23,151.87,217.68,338.38,57.79,30.39,84.77,49.21,120.15,120.08,373.08,374.2,371.38,375.65,374.94,4.952,0.022,348.72,2026-01-01 10:33:50,RS002,50,1,375.1,25.52,2,csc_ptfe_601_plc
601,2026-01-01 10:34:00,OP102,JOB1002,,2,49.28,48.56,149.61,217.23,341.7,62.3,28.18,84.97,49.55,119.85,121.91,377.63,373.02,372.8,376.22,373.75,5.018,0.022,350.34,2026-01-01 10:34:00,RS002,50,1,377.13,25.92,2,csc_ptfe_601_plc
601,2026-01-01 10:34:10,OP102,JOB1002,,2,50.68,49.6,152.85,217.72,339.93,62.27,31.66,85.17,50.61,121.95,120.12,374.53,373.84,376.93,375.09,373.68,4.977,0.03,352.01,2026-01-01 10:34:10,RS002,50,1,373.93,25.58,2,csc_ptfe_601_plc
601,2026-01-01 10:34:20,OP102,JOB1002,,2,50.06,48.76,153.79,221.65,340.88,62.35,30.5,85.37,49.75,119.95,122.66,376.5,376.82,371.47,377.59,372.97,4.988,0.022,349.03,2026-01-01 10:34:20,RS002,50,1,376.43,25.93,2,csc_ptfe_601_plc
601,2026-01-01 10:34:30,OP102,JOB1002,,2,49.53,48.65,150.77,219.72,339.18,57.29,28.5,85.57,49.64,121.81,121.34,377.65,376.66,373.53,379.97,373.88,4.955,0.039,351.83,2026-01-01 10:34:30,RS002,50,1,374.45,25.92,2,csc_ptfe_601_plc
601,2026-01-01 10:34:40,OP102,JOB1002,,2,49.98,49.05,154.76,221.22,340.47,60,31.08,85.77,50.05,119.67,120.59,372.68,374.5,376.19,374.98,376.31,4.957,0.028,347.89,2026-01-01 10:34:40,RS002,50,1,378.93,24.48,2,csc_ptfe_601_plc
601,2026-01-01 10:34:50,OP102,JOB1002,,2,49.93,48.5,146.28,220.45,338.11,59.53,29.4,85.97,49.49,121.76,119.42,375.69,373.82,372.93,377.93,376.86,5.049,0.038,349.68,2026-01-01 10:34:50,RS002,50,1,376.37,24.03,2,csc_ptfe_601_plc
601,2026-01-01 10:35:00,OP102,JOB1002,,2,50.15,49.54,147.59,217.35,340.49,61.44,31.79,86.17,50.55,120.94,120.94,376.81,373.92,375.82,378.47,372.82,5.034,0.022,350.35,2026-01-01 10:35:00,RS002,50,1,374.78,24.03,2,csc_ptfe_601_plc
601,2026-01-01 10:35:10,OP102,JOB1002,,2,50.34,49.68,148.59,217.67,341.8,57.14,28.51,86.37,50.69,121.88,119.97,374.06,377.91,372.63,379.54,374.1,4.99,0.039,347.04,2026-01-01 10:35:10,RS002,50,1,378.7,25.69,2,csc_ptfe_601_plc
601,2026-01-01 10:35:20,OP102,JOB1002,,2,50.3,49.01,148.97,220.07,339.93,60.19,31.68,86.57,50.01,121.49,120.06,372.71,376.97,375.99,374.8,375.53,4.965,0.038,349.15,2026-01-01 10:35:20,RS002,50,1,375.28,24.74,2,csc_ptfe_601_plc
601,2026-01-01 10:35:30,OP102,JOB1002,,2,49.45,48.39,154.94,221.26,340.69,60.95,28.42,86.77,49.38,121.46,122.26,374.85,374.78,375.1,379.76,374.06,4.991,0.027,347.24,2026-01-01 10:35:30,RS002,50,1,375.45,24.4,2,csc_ptfe_601_plc
601,2026-01-01 10:35:40,OP102,JOB1002,,2,50.61,49.6,148.58,217.96,338.04,60.4,28.87,86.97,50.61,118.9,121.54,376.61,375.98,376.47,378.6,375.48,4.999,0.023,349.72,2026-01-01 10:35:40,RS002,50,1,377.07,25.5,2,csc_ptfe_601_plc
601,2026-01-01 10:35:50,OP102,JOB1002,,2,49.51,48.98,152.83,219.4,341.84,60.05,28.04,87.17,49.98,121.29,121.44,375.67,377.57,372.28,378.84,374.75,4.98,0.023,350.32,2026-01-01 10:35:50,RS002,50,1,377.47,25.09,2,csc_ptfe_601_plc
601,2026-01-01 10:36:00,OP102,JOB1002,,2,50.39,49.46,145.36,220.94,340.61,62.81,31.33,87.37,50.47,119.34,121.84,374.09,374.41,373.5,375.91,377.94,4.956,0.028,351.46,2026-01-01 10:36:00,RS002,50,1,376.28,25.33,2,csc_ptfe_601_plc
601,2026-01-01 10:36:10,OP102,JOB1002,,2,50.13,48.74,153.54,218.49,340.37,62.03,30.27,87.58,49.73,119.12,120.48,372.64,376.84,375.07,375.18,375.89,5.002,0.029,352.54,2026-01-01 10:36:10,RS002,50,1,377.17,25.81,2,csc_ptfe_601_plc
601,2026-01-01 10:36:20,OP102,JOB1002,,2,50.29,49.46,145.6,219.64,339.16,60.88,31.6,87.78,50.47,120.95,120.24,373.57,377.49,372.88,377.1,373.23,4.981,0.03,351.7,2026-01-01 10:36:20,RS002,50,1,377.09,24.29,2,csc_ptfe_601_plc
601,2026-01-01 10:36:30,OP102,JOB1002,,2,50.33,49.19,150.82,217.06,339.49,58.87,31.28,87.98,50.19,120.65,120.03,374.06,378.63,372.77,378.32,375.45,5.01,0.034,352.33,2026-01-01 10:36:30,RS002,50,1,377.09,25.1,2,csc_ptfe_601_plc
601,2026-01-01 10:36:40,OP102,JOB1002,,2,51.24,49.77,154.7,222.63,338.84,59.83,31.38,88.18,50.79,118.26,122.04,373.53,373.39,372.14,374.95,377.27,4.999,0.027,347.7,2026-01-01 10:36:40,RS002,50,1,376.75,24.34,2,csc_ptfe_601_plc
601,2026-01-01 10:36:50,OP102,JOB1002,,2,49.39,48.76,147.84,221.85,339.49,60.61,28.64,88.38,49.75,121.2,121.51,373.97,375.86,376.68,378.3,375.11,4.97,0.035,351.41,2026-01-01 10:36:50,RS002,50,1,376.34,24.87,2,csc_ptfe_601_plc
601,2026-01-01 10:37:00,OP102,JOB1002,,2,50.62,49.41,146.3,222.11,341.94,60.6,29.46,88.58,50.42,118.1,121.5,375.75,374.99,371.32,379.95,377.26,4.955,0.026,347.55,2026-01-01 10:37:00,RS002,50,1,374.66,25.26,2,csc_ptfe_601_plc
601,2026-01-01 10:37:10,OP102,JOB1002,,2,49.21,48.41,154.8,217.01,339.19,57.92,30.26,88.78,49.4,121.21,121.81,375.55,373.64,373.83,377.55,376.36,4.955,0.029,347.28,2026-01-01 10:37:10,RS002,50,1,377.56,24.56,2,csc_ptfe_601_plc
601,2026-01-01 10:37:20,OP102,JOB1002,,2,49.94,49.04,145.18,220.98,339.35,58.68,30.45,88.98,50.04,119.2,121.61,373.18,376.32,372.87,378.15,372.65,5.033,0.039,349.79,2026-01-01 10:37:20,RS002,50,1,378.58,24.94,2,csc_ptfe_601_plc
601,2026-01-01 10:37:30,OP102,JOB1002,,2,49.1,48.4,145.08,221.79,341.13,59.04,28.66,89.18,49.39,118.58,120.47,373.52,375.22,372.83,376.15,372.88,4.999,0.022,350.53,2026-01-01 10:37:30,RS002,50,1,376.88,25,2,csc_ptfe_601_plc
601,2026-01-01 10:37:40,OP102,JOB1002,,2,50.8,49.36,154.02,222.8,341.51,57.96,31.58,89.38,50.37,120.95,119.48,373.58,376.8,376.76,376.16,376.55,5.019,0.031,350.81,2026-01-01 10:37:40,RS002,50,1,375.39,24.82,2,csc_ptfe_601_plc
601,2026-01-01 10:37:50,OP102,JOB1002,,2,49.23,48.36,146.68,217.17,341.84,60.68,30.63,89.58,49.35,119.8,120.23,372.05,377.03,372.86,375.42,372.45,4.964,0.026,352.02,2026-01-01 10:37:50,RS002,50,1,378.69,24.35,2,csc_ptfe_601_plc
601,2026-01-01 10:38:00,OP102,JOB1002,,2,49.51,48.85,146.86,222.64,339.2,59.14,29.77,89.78,49.85,119.97,120.22,376.95,376.46,376.66,376.31,373.72,5.046,0.023,348.75,2026-01-01 10:38:00,RS002,50,1,376.32,25.72,2,csc_ptfe_601_plc
601,2026-01-01 10:38:10,OP102,JOB1002,,2,49.25,48.32,150.74,218.48,341.11,59.88,31.89,89.98,49.31,119.68,121.3,377.87,377.27,372.94,378.49,374.94,4.967,0.038,351.02,2026-01-01 10:38:10,RS002,50,1,377.18,24.16,2,csc_ptfe_601_plc
601,2026-01-01 10:38:20,OP102,JOB1002,,2,49.68,49,154.15,220.78,340.63,58.26,30.13,90.18,50,118.91,122.28,374.86,373.32,373.11,379.56,372.76,5.045,0.024,348.07,2026-01-01 10:38:20,RS002,50,1,374.02,24.28,2,csc_ptfe_601_plc
601,2026-01-01 10:38:30,OP102,JOB1002,,2,48.65,48,153.87,218.65,341.97,62.34,28.27,90.38,48.98,119.12,119.58,372.67,375.56,376.78,379.49,377.84,5.013,0.038,351.25,2026-01-01 10:38:30,RS002,50,1,375.86,25.35,2,csc_ptfe_601_plc
601,2026-01-01 10:38:40,OP102,JOB1002,,2,47.48,47,147.24,218.65,338.59,60.81,28.93,90.58,47.96,118.11,120.35,373.79,378.4,376.49,374.24,373.12,5.027,0.034,350.06,2026-01-01 10:38:40,RS002,50,1,373.04,24.23,2,csc_ptfe_601_plc
601,2026-01-01 10:38:50,OP102,JOB1002,,2,47.09,46,150.3,218.15,338.39,58.08,28.51,90.78,46.94,119.69,120,372.91,374.63,373.65,378.52,373.6,5.024,0.031,349.69,2026-01-01 10:38:50,RS002,50,1,375.62,24.66,2,csc_ptfe_601_plc
601,2026-01-01 10:39:00,OP102,JOB1002,,2,46.4,45,147.2,217.57,341.15,60.07,30.65,90.98,45.92,121.33,120.12,373.01,377.72,373.23,374.22,376.89,5.024,0.02,347.63,2026-01-01 10:39:00,RS002,50,1,378.78,24.41,2,csc_ptfe_601_plc
601,2026-01-01 10:39:10,OP102,JOB1002,,2,44.5,44,146.79,217.93,340.65,59.9,28.46,91.18,44.9,121.21,121.4,372.98,375.21,371.5,379.79,373.09,5.028,0.034,347.78,2026-01-01 10:39:10,RS002,50,1,377.43,24.25,2,csc_ptfe_601_plc
601,2026-01-01 10:39:20,OP102,JOB1002,,2,44.19,43,145.92,221.2,341.55,58.24,29.6,91.38,43.88,118.69,120.01,372.19,378.06,376.34,375.6,372.58,4.987,0.04,349.87,2026-01-01 10:39:20,RS002,50,1,374.95,24.16,2,csc_ptfe_601_plc
601,2026-01-01 10:39:30,OP102,JOB1002,,2,42.39,42,154.69,222.12,339.88,60.84,28.4,91.58,42.86,118.65,120.69,374.56,378.95,372.67,374.92,377.7,4.988,0.034,347.44,2026-01-01 10:39:30,RS002,50,1,378.82,24.89,2,csc_ptfe_601_plc
601,2026-01-01 10:39:40,OP102,JOB1002,,2,41.56,41,154.6,222.07,338.42,57.11,28.36,91.78,41.84,119.74,120.68,376.9,376.21,376.1,379.21,372.99,5.028,0.026,352.6,2026-01-01 10:39:40,RS002,50,1,374.45,25.78,2,csc_ptfe_601_plc
601,2026-01-01 10:39:50,OP102,JOB1002,,2,41.1,40,147.64,218.12,338.96,62.41,31.11,91.98,40.82,120.58,121.88,376.34,373.38,372.64,377.22,373.8,5.032,0.03,350.3,2026-01-01 10:39:50,RS002,50,1,378.82,24.15,2,csc_ptfe_601_plc
601,2026-01-01 10:40:00,OP102,JOB1002,,2,39.46,39,149.5,222.88,341.25,59.73,30.83,92.18,39.8,118.72,120.8,376.56,374.01,374.15,378.66,375.38,5.019,0.021,350.57,2026-01-01 10:40:00,RS002,50,1,377.98,24.16,2,csc_ptfe_601_plc
601,2026-01-01 10:40:10,OP102,JOB1002,,2,38.64,38,147.62,221.49,338.63,57.65,31.51,92.38,38.78,120.89,120.48,374.65,373.5,372.08,375.19,375.93,4.979,0.031,351.68,2026-01-01 10:40:10,RS002,50,1,376.72,25.48,2,csc_ptfe_601_plc
601,2026-01-01 10:40:20,OP102,JOB1002,,2,38.26,37,146.04,219.97,340.4,60.89,30.13,92.59,37.76,121.48,121.41,376.28,374.75,372.07,378.2,372.19,4.968,0.027,352.26,2026-01-01 10:40:20,RS002,50,1,374.78,25.35,2,csc_ptfe_601_plc
601,2026-01-01 10:40:30,OP102,JOB1002,,2,37.06,36,145.94,221.7,341.39,58.35,28.59,92.79,36.73,121.74,119.69,376.27,376.38,374.53,375.2,374.32,4.96,0.03,350.52,2026-01-01 10:40:30,RS002,50,1,377.21,25.99,2,csc_ptfe_601_plc
601,2026-01-01 10:40:40,OP102,JOB1002,,2,35.97,35,145.36,221.98,339.91,58.91,29.69,92.99,35.71,121.6,122.3,375.77,373.5,372.63,379.04,372.57,5.017,0.021,349.7,2026-01-01 10:40:40,RS002,50,1,375.53,24.9,2,csc_ptfe_601_plc
601,2026-01-01 10:40:50,OP102,JOB1002,,2,34.7,34,146.06,218.48,339.62,58.98,29.54,93.19,34.69,119.52,122.33,373.35,376.67,373.64,377.96,377.94,5.049,0.038,347.83,2026-01-01 10:40:50,RS002,50,1,375.09,25.68,2,csc_ptfe_601_plc
601,2026-01-01 10:41:00,OP102,JOB1002,,2,34.15,33,150.6,219.6,338.11,60.12,29.33,93.39,33.67,119.34,121.29,377.23,378.47,374.85,375.5,372.2,5.029,0.031,350.95,2026-01-01 10:41:00,RS002,50,1,376.65,24.96,2,csc_ptfe_601_plc
601,2026-01-01 10:41:10,OP102,JOB1002,,2,32.49,32,154.66,217.23,341.38,59.65,29.67,93.59,32.65,121.62,121.47,377.14,376.63,373.83,378.93,374.17,5.005,0.021,348.34,2026-01-01 10:41:10,RS002,50,1,378.87,24.99,2,csc_ptfe_601_plc
601,2026-01-01 10:41:20,OP102,JOB1002,,2,31.62,31,148.55,217.97,340.02,59.16,30.22,93.79,31.63,119.46,120.04,377.68,375.45,374.51,377.2,373.43,5.04,0.032,351.72,2026-01-01 10:41:20,RS002,50,1,373.44,25.73,2,csc_ptfe_601_plc
601,2026-01-01 10:41:30,OP102,JOB1002,,2,31.1,30,147.96,222.61,339.05,62.8,29.31,93.99,30.61,121.55,121.12,372.4,375.34,374.95,374.45,375.79,5.039,0.023,349.97,2026-01-01 10:41:30,RS002,50,1,377.47,25.11,2,csc_ptfe_601_plc
601,2026-01-01 10:41:40,OP102,JOB1002,,2,29.82,29,154.64,219.23,339.52,57.11,30.63,94.19,29.59,118.21,121.76,372.18,377.46,371.58,375.53,372.75,4.95,0.033,352.81,2026-01-01 10:41:40,RS002,50,1,376.31,25.03,2,csc_ptfe_601_plc
601,2026-01-01 10:41:50,OP102,JOB1002,,2,28.72,28,147.06,220.29,340.68,61.08,31.1,94.39,28.57,118.02,120.84,373.16,373.46,375.34,379.66,373.68,5.038,0.039,349.83,2026-01-01 10:41:50,RS002,50,1,376.51,24.36,2,csc_ptfe_601_plc
601,2026-01-01 10:42:00,OP102,JOB1002,,2,27.41,27,147.63,220.9,340.93,60.95,29.85,94.59,27.55,119.83,122.85,373.74,373.96,376.91,377.81,372.38,5.029,0.031,351.84,2026-01-01 10:42:00,RS002,50,1,377.92,25.7,2,csc_ptfe_601_plc
601,2026-01-01 10:42:10,OP102,JOB1002,,2,26.73,26,154.63,220.13,339.1,58.19,31.65,94.79,26.53,119.07,119,373.04,377.59,374.13,374.89,374.62,4.983,0.026,347.18,2026-01-01 10:42:10,RS002,50,1,374.35,24.73,2,csc_ptfe_601_plc
601,2026-01-01 10:42:20,OP102,JOB1002,,2,25.49,25,148.71,218.26,340.71,59.12,30.22,94.99,25.51,118.54,119.39,375.3,378.14,375.2,378.22,375.96,4.964,0.038,348.68,2026-01-01 10:42:20,RS002,50,1,375.83,24.32,2,csc_ptfe_601_plc
601,2026-01-01 10:42:30,OP102,JOB1002,,2,24.17,24,151.29,221,339.59,60.12,31.88,95.19,24.49,118.31,121.17,375.69,374.36,373.41,374.09,374.52,4.974,0.023,351.66,2026-01-01 10:42:30,RS002,50,1,377.36,25.41,2,csc_ptfe_601_plc
601,2026-01-01 10:42:40,OP102,JOB1002,,2,23.77,23,148.15,217.05,338.33,60.14,28.21,95.39,23.47,119.13,121.67,374.48,375.99,372.56,376.73,374.36,4.955,0.029,351.85,2026-01-01 10:42:40,RS002,50,1,378.43,25.78,2,csc_ptfe_601_plc
601,2026-01-01 10:42:50,OP102,JOB1002,,2,21.98,22,148.29,217.89,338,58.56,31.92,95.59,22.45,121.89,120.57,376.81,374.69,373.11,374.97,377.75,4.995,0.026,350.69,2026-01-01 10:42:50,RS002,50,1,374.56,24.31,2,csc_ptfe_601_plc
601,2026-01-01 10:43:00,OP102,JOB1002,,2,21.25,21,146.3,217.15,338.82,58.17,30.28,95.79,21.43,120.36,119.49,374.09,374.59,371.62,374.58,376.48,4.965,0.031,352.74,2026-01-01 10:43:00,RS002,50,1,375.46,25.45,2,csc_ptfe_601_plc
601,2026-01-01 10:43:10,OP102,JOB1002,,2,20.47,20,154.57,221.61,338.21,57.89,31.65,95.99,20.41,119.94,120.42,375.47,378.83,373.28,379.53,375.24,5.021,0.037,351.76,2026-01-01 10:43:10,RS002,50,1,373.91,25.91,2,csc_ptfe_601_plc
601,2026-01-01 10:43:20,OP102,JOB1002,,2,19.22,19,153.53,220.41,338.49,58.56,29.34,96.19,19.39,120.06,119.81,372.35,375.08,376.11,376.81,372.46,5.037,0.026,352.55,2026-01-01 10:43:20,RS002,50,1,373.39,25.12,2,csc_ptfe_601_plc
601,2026-01-01 10:43:30,OP102,JOB1002,,2,18.57,18,147.64,222.03,338.73,58.89,29.52,96.39,18.37,118,120.54,374.11,377.35,373.92,376.2,375.18,4.957,0.024,350.34,2026-01-01 10:43:30,RS002,50,1,374.58,24.42,2,csc_ptfe_601_plc
601,2026-01-01 10:43:40,OP102,JOB1002,,2,17.39,17,151.91,219.4,340.3,58.07,29.66,96.59,17.35,118.16,121.56,372.09,373.02,371.36,376.54,374.73,5.036,0.026,347.25,2026-01-01 10:43:40,RS002,50,1,377.71,25.73,2,csc_ptfe_601_plc
601,2026-01-01 10:43:50,OP102,JOB1002,,2,16.6,16,147.06,218.43,339.56,61.76,30.54,96.79,16.33,119.25,121.72,375.44,374.21,376.69,379.67,372.24,4.95,0.026,351.28,2026-01-01 10:43:50,RS002,50,1,373.09,24.57,2,csc_ptfe_601_plc
601,2026-01-01 10:44:00,OP102,JOB1002,,2,15.57,15,150.1,219.89,340.83,61.99,29.22,96.99,15.31,120.99,119.41,377.33,373.45,374.85,377.11,375.57,5.027,0.033,350.21,2026-01-01 10:44:00,RS002,50,1,376.29,24.07,2,csc_ptfe_601_plc
601,2026-01-01 10:44:10,OP102,JOB1002,,2,14.74,14,154.94,218.72,338.56,57.08,29.76,97.19,14.29,118.51,119.79,374.93,375.89,374.58,377.98,376.22,5.024,0.038,352.1,2026-01-01 10:44:10,RS002,50,1,377.9,25.13,2,csc_ptfe_601_plc
601,2026-01-01 10:44:20,OP102,JOB1002,,2,13.4,13,145.76,219.26,338.82,58.89,31.9,97.39,13.27,119.49,119.83,376.95,374.65,375.74,375.33,377.32,4.992,0.03,352.82,2026-01-01 10:44:20,RS002,50,1,373.56,24.77,2,csc_ptfe_601_plc
601,2026-01-01 10:44:30,OP102,JOB1002,,2,12.64,12,154.69,218.78,338.13,61.03,30.08,97.6,12.24,119.96,121.2,375.15,378.94,374.1,379.53,373.85,5.012,0.031,348.58,2026-01-01 10:44:30,RS002,50,1,375.6,25.23,2,csc_ptfe_601_plc
601,2026-01-01 10:44:40,OP102,JOB1002,,2,11.24,11,145.27,217.23,340.82,62.65,29.02,97.8,11.22,118.86,119.66,373.76,377,373.19,376.52,372.62,4.984,0.024,349.22,2026-01-01 10:44:40,RS002,50,1,376.53,25.02,2,csc_ptfe_601_plc
601,2026-01-01 10:44:50,OP102,JOB1002,,2,10.5,10,149.38,217.54,339.74,57.34,28.52,98,10.2,120.81,120.05,377.68,374.18,376.15,374.94,375.08,5.028,0.036,351.94,2026-01-01 10:44:50,RS002,50,1,377.75,24.61,2,csc_ptfe_601_plc
601,2026-01-01 10:45:00,OP102,JOB1002,,2,9.02,9,147.25,219.05,339.21,57.91,28.93,98.2,9.18,118.37,122.7,375.92,376.29,374.27,376.07,373.58,5.048,0.032,351.48,2026-01-01 10:45:00,RS002,50,1,375.94,25.55,2,csc_ptfe_601_plc
601,2026-01-01 10:45:10,OP102,JOB1002,,2,8.34,8,153.75,220.3,338.9,62.46,31.17,98.4,8.16,121.68,121.36,374,378.62,371.96,378.43,372.21,5.002,0.024,347.41,2026-01-01 10:45:10,RS002,50,1,375.64,25.42,2,csc_ptfe_601_plc
601,2026-01-01 10:45:20,OP102,JOB1002,,2,7.47,7,152.94,219.4,339.61,62.37,28.07,98.6,7.14,118.24,120.27,376.68,376.19,374.05,375.28,374.66,4.951,0.023,348.58,2026-01-01 10:45:20,RS002,50,1,373.62,25.9,2,csc_ptfe_601_plc
601,2026-01-01 10:45:30,OP102,JOB1002,,2,6.03,6,145.5,220.43,341.69,58.18,29,98.8,6.12,118.99,122.7,372.49,375.69,371.24,378.85,377.81,5.006,0.032,347.22,2026-01-01 10:45:30,RS002,50,1,373.36,25.54,2,csc_ptfe_601_plc
601,2026-01-01 10:45:40,OP102,JOB1002,,2,4.67,5,154.4,218,342,57.78,29.66,99,5.1,120.05,121.36,375.63,376.5,372.28,374.69,377.41,5.014,0.036,351.38,2026-01-01 10:45:40,RS002,50,1,377.39,25.33,2,csc_ptfe_601_plc
601,2026-01-01 10:45:50,OP102,JOB1002,,1,3.85,4,149.33,218.67,338.05,57.7,30.19,99.2,4.08,120.95,120.87,373.31,374.74,371.06,379.2,377.42,4.958,0.037,349.01,2026-01-01 10:45:50,RS002,50,1,375.54,24.06,2,csc_ptfe_601_plc
601,2026-01-01 10:46:00,OP102,JOB1002,,1,2.95,3,153.87,218.46,341.47,61.1,30.92,99.4,3.06,118.86,120.59,375.14,375.83,371.07,379.71,373.13,5.006,0.026,347.9,2026-01-01 10:46:00,RS002,50,1,378.04,25.46,2,csc_ptfe_601_plc
601,2026-01-01 10:46:10,OP102,JOB1002,,1,2.26,2,152.44,218.61,340.71,61.84,30.41,99.6,2.04,119.51,121.86,375.01,375.21,371.83,378.26,375.56,5.033,0.03,350.1,2026-01-01 10:46:10,RS002,50,1,377.01,25.03,2,csc_ptfe_601_plc
601,2026-01-01 10:46:20,OP102,JOB1002,,1,0.77,1,145.7,222.59,338.63,62.54,29.96,99.8,1.02,118.56,119.51,374.31,373.18,373.14,377.8,377.81,4.982,0.034,348.2,2026-01-01 10:46:20,RS002,50,1,376.04,24.13,2,csc_ptfe_601_plc
601,2026-01-01 10:46:30,OP102,JOB1002,,1,0.48,0,152.81,220.39,338.67,60.18,30.07,100,0,121.38,121.6,372.94,376.28,372.33,375.61,373.04,4.979,0.023,349.74,2026-01-01 10:46:30,RS002,50,1,376.35,25.93,2,csc_ptfe_601_plc