machine_unique_id,t_stamp_raw,opn_raw,job_nbr,ignition_run_number_raw,machine_state_nbr,cat_speed,bonnet_speed,clamp_pressure,exhaust_temp,die_temp,load_cell,mandrel_position,ram_position,ram_speed,vap_1_temp,vap_2_temp,sin_1_temp,sin_2_temp,sin_3_temp,sin_4_temp,sin_5_temp,zumbach_od,zumbach_ovality,barrel_temp,insert_date_raw,run_serial,catspeed_setpoint,zumbach_auto,sin_6_temp,sin_7_temp,zumbach_type,zumbach_id,zumbach_wall,zumbach_concentricity,vap_3_temp,vap_4_temp,vap_5_temp,ambient_temp,run_number,original_table_name
701,2026-01-01 08:00:00,OP101,JOB3001,,1,0,0,154.38,217.94,341.09,61.81,31.36,0,0,121.33,119.2,374.69,376.86,374.64,376.99,377.18,5.03,0.035,349.78,2026-01-01 08:00:00,RS001,50,1,375.7,375.34,TYPE_A,1237,0.566,0.985,121.33,122.94,123.72,24.82,1,ire_ptfe_701_plc
701,2026-01-01 08:00:10,OP101,JOB3001,,1,2.08,2.02,146.53,218.46,338.76,57.38,31.77,0.2,2.04,118.06,122.35,377.49,377.52,372.84,376.66,375.89,5.033,0.021,349.82,2026-01-01 08:00:10,RS001,50,1,373.43,374.71,TYPE_A,1706,0.563,0.998,122.04,122.07,124.21,25.23,1,ire_ptfe_701_plc
701,2026-01-01 08:00:20,OP101,JOB3001,,1,4.17,4.04,154.14,219.36,339.3,58.09,28.2,0.4,4.09,121.34,122.09,372.49,377.45,372.8,376.31,377.72,4.975,0.024,349.15,2026-01-01 08:00:20,RS001,50,1,376.27,377.51,TYPE_A,1756,0.509,0.947,121.94,123.45,124.96,24.32,1,ire_ptfe_701_plc
701,2026-01-01 08:00:30,OP101,JOB3001,,2,6.25,6.06,145.59,218.1,338.1,58.05,30.82,0.6,6.12,118.57,120.83,377.52,374.99,375.75,378.88,375.44,5.012,0.036,348.32,2026-01-01 08:00:30,RS001,50,1,376.29,377.1,TYPE_A,1333,0.569,0.928,120.03,124.85,123.36,24.98,1,ire_ptfe_701_plc
701,2026-01-01 08:00:40,OP101,JOB3001,,2,8.33,8.08,146.59,218.78,341.7,59.51,29.21,0.8,8.16,120.82,120.52,372.41,375.87,376.16,374.13,375.66,5.043,0.032,350.68,2026-01-01 08:00:40,RS001,50,1,377.63,378.66,TYPE_B,1511,0.576,0.931,122.2,121.77,123.54,25.28,1,ire_ptfe_701_plc
701,2026-01-01 08:00:50,OP101,JOB3001,,2,10.42,10.11,146.07,218.61,340.7,62.04,30.61,1,10.21,118.76,119.12,373.54,377.58,376.94,375.02,373.35,5.028,0.033,349.13,2026-01-01 08:00:50,RS001,50,1,378.36,377.53,TYPE_B,1836,0.538,0.984,122.98,123.92,123.22,24.7,1,ire_ptfe_701_plc
701,2026-01-01 08:01:00,OP101,JOB3001,,2,12.5,12.12,145.22,220.79,340.42,62.3,29.11,1.2,12.25,121.94,122.37,374.67,376.96,373.94,377.19,375.72,5.048,0.037,347.63,2026-01-01 08:01:00,RS001,50,1,376.29,378.53,TYPE_B,1811,0.423,0.945,120.28,121.04,124.53,24.5,1,ire_ptfe_701_plc
701,2026-01-01 08:01:10,OP101,JOB3001,,2,14.58,14.14,146.56,219,338.35,58.37,29.04,1.4,14.29,120.4,120.68,372.28,374.14,371.24,375.45,372.97,4.959,0.035,351.6,2026-01-01 08:01:10,RS001,50,1,373.21,375.55,TYPE_B,1237,0.554,0.987,121.51,121.46,124.43,24.19,1,ire_ptfe_701_plc
701,2026-01-01 08:01:20,OP101,JOB3001,,2,16.67,16.17,152.1,221.91,338.44,58.29,29.76,1.6,16.34,121.7,122.29,374.36,374.31,373.07,379.52,372.21,4.994,0.038,351.94,2026-01-01 08:01:20,RS001,50,1,375.95,378.47,TYPE_B,1633,0.465,0.991,122.92,121.07,125.8,24.3,1,ire_ptfe_701_plc
701,2026-01-01 08:01:30,OP101,JOB3001,,2,18.75,18.19,149.24,221.54,340.15,62.47,28.18,1.8,18.38,120.33,121.03,374.03,373.67,376.58,377.9,373.55,4.973,0.038,347.4,2026-01-01 08:01:30,RS001,50,1,378.78,375.28,TYPE_A,1975,0.455,0.903,120.48,122.27,125.54,24.86,1,ire_ptfe_701_plc
701,2026-01-01 08:01:40,OP101,JOB3001,,2,20.83,20.21,148.4,221.77,338.22,58.72,28.43,2,20.41,119.21,120.23,373.31,376.15,371.41,379.78,373.47,5.041,0.026,352.27,2026-01-01 08:01:40,RS001,50,1,375.9,378.14,TYPE_A,1226,0.544,0.976,121.84,121.76,125.35,25.77,1,ire_ptfe_701_plc
701,2026-01-01 08:01:50,OP101,JOB3001,,2,22.92,22.23,154.77,220.52,339.15,61.85,31.88,2.2,22.46,120.76,122.12,373.15,375.05,375.73,374.85,377.62,4.966,0.031,349.25,2026-01-01 08:01:50,RS001,50,1,373.84,374.3,TYPE_B,1486,0.442,0.908,120.1,122.73,124.08,24.87,1,ire_ptfe_701_plc
701,2026-01-01 08:02:00,OP101,JOB3001,,2,25,24.25,152.65,222.48,341.88,61.39,29.08,2.4,24.5,118.64,121.65,377.75,378.51,373.31,378.24,376.94,5.018,0.033,350.76,2026-01-01 08:02:00,RS001,50,1,377.16,379.13,TYPE_A,1712,0.421,0.929,121.62,123.69,125.09,24.83,1,ire_ptfe_701_plc
701,2026-01-01 08:02:10,OP101,JOB3001,,2,27.08,26.27,154.85,218.93,340.35,60.36,28.95,2.61,26.54,118.82,122.98,377.7,376.42,373.31,375.07,372.35,5.042,0.036,352.76,2026-01-01 08:02:10,RS001,50,1,378.75,377.08,TYPE_B,1377,0.553,0.929,122.14,121.88,122.74,25.95,1,ire_ptfe_701_plc
701,2026-01-01 08:02:20,OP101,JOB3001,,2,29.17,28.29,146.83,218.62,338.08,61,32,2.81,28.59,120.46,121.08,377.85,375.52,372.77,379.1,373.24,4.952,0.021,352.28,2026-01-01 08:02:20,RS001,50,1,378.08,377.23,TYPE_A,1902,0.505,0.968,123.93,122.6,124.09,25.83,1,ire_ptfe_701_plc
701,2026-01-01 08:02:30,OP101,JOB3001,,2,31.25,30.31,151.64,220.82,339.52,62.27,30.61,3.01,30.62,121.97,121.75,377.62,378.98,375.37,374.98,375.02,5.022,0.028,348.33,2026-01-01 08:02:30,RS001,50,1,378.11,379.86,TYPE_A,1084,0.547,0.934,120.82,124.51,125.93,24.71,1,ire_ptfe_701_plc
701,2026-01-01 08:02:40,OP101,JOB3001,,2,33.33,32.33,147.37,221.79,339.43,58.91,31.97,3.21,32.66,120.46,122.64,375.24,373.35,374.82,376.21,376.58,4.965,0.039,351.76,2026-01-01 08:02:40,RS001,50,1,376.52,379.27,TYPE_B,1829,0.433,0.91,121.86,121.03,124.3,25.83,1,ire_ptfe_701_plc
701,2026-01-01 08:02:50,OP101,JOB3001,,2,35.42,34.36,147.65,222.52,341.3,57.86,29.51,3.41,34.71,120.31,119.62,376.52,374.25,371.88,377.48,376.11,5.012,0.036,348.89,2026-01-01 08:02:50,RS001,50,1,377.36,379.7,TYPE_A,1228,0.415,0.949,122.49,122.14,124.47,25.18,1,ire_ptfe_701_plc
701,2026-01-01 08:03:00,OP101,JOB3001,,2,37.5,36.38,151.76,217.68,338.59,62.65,30.52,3.61,36.75,118.29,119.59,377.05,375.93,374.99,379.66,376.52,4.968,0.021,352.08,2026-01-01 08:03:00,RS001,50,1,377.66,377.84,TYPE_B,1096,0.429,0.946,120.35,123.21,122.13,24.12,1,ire_ptfe_701_plc
701,2026-01-01 08:03:10,OP101,JOB3001,,2,39.58,38.39,152.65,219.75,340.17,62.52,29.44,3.81,38.79,121.6,121.54,377.95,377.63,375.74,375.62,373.58,5.013,0.039,347.35,2026-01-01 08:03:10,RS001,50,1,374.54,377.47,TYPE_A,1237,0.463,0.946,121.84,124.34,125.03,25.43,1,ire_ptfe_701_plc
701,2026-01-01 08:03:20,OP101,JOB3001,,2,41.67,40.42,150.09,219.13,341.42,57.72,28.6,4.01,40.84,118.43,119.88,377.22,375.57,375.92,378.3,377.16,4.963,0.04,348.22,2026-01-01 08:03:20,RS001,50,1,373.51,376.67,TYPE_B,1687,0.596,0.953,121.77,121.32,124.4,24.41,1,ire_ptfe_701_plc
701,2026-01-01 08:03:30,OP101,JOB3001,,2,43.75,42.44,149.84,222.12,340.64,62.32,29.64,4.21,42.88,119.36,122.82,373.1,374.32,376.38,376.8,372.84,5.003,0.037,352.2,2026-01-01 08:03:30,RS001,50,1,375.86,375.37,TYPE_A,1192,0.45,0.912,120.88,124.12,124.02,25.07,1,ire_ptfe_701_plc
701,2026-01-01 08:03:40,OP101,JOB3001,,2,45.83,44.46,145.38,221.13,340.93,57.78,28.54,4.41,44.91,121.28,122.31,377.59,375.09,374.81,377.03,372.96,5.027,0.024,352.02,2026-01-01 08:03:40,RS001,50,1,375.7,379,TYPE_A,1706,0.538,1,123.1,122.71,123.16,25.73,1,ire_ptfe_701_plc
701,2026-01-01 08:03:50,OP101,JOB3001,,2,47.92,46.48,149.22,220.6,339.83,61.92,29.85,4.61,46.96,119.92,119.09,373.14,378.8,371.64,378.83,372.81,5.037,0.024,348.5,2026-01-01 08:03:50,RS001,50,1,375.22,378.35,TYPE_B,1555,0.512,0.99,122.6,122.67,122.29,25.52,1,ire_ptfe_701_plc
701,2026-01-01 08:04:00,OP101,JOB3001,,2,50,48.5,151.61,221.77,339.74,60.62,31.51,4.81,49,121.04,121.92,376.62,378.4,376.19,376.51,373.96,4.979,0.028,351.7,2026-01-01 08:04:00,RS001,50,1,375.69,378.75,TYPE_A,1386,0.584,0.953,121.63,122.38,122.75,25.89,1,ire_ptfe_701_plc
701,2026-01-01 08:04:10,OP101,JOB3001,,2,49.87,48.37,152.43,222.36,341.49,62.73,31.63,5.01,48.87,121.4,122.01,373.12,378.82,371.16,376.2,376.12,5.018,0.029,349.45,2026-01-01 08:04:10,RS001,50,1,374.33,377.09,TYPE_A,1014,0.513,0.973,122.19,124.5,123.38,25.92,1,ire_ptfe_701_plc
701,2026-01-01 08:04:20,OP101,JOB3001,,2,49.5,48.02,146.84,221.51,338.12,57.37,28.44,5.21,48.51,121.37,119.63,375.25,378.42,373.31,375.58,375.55,5.013,0.037,352.88,2026-01-01 08:04:20,RS001,50,1,378.15,374.65,TYPE_A,1809,0.424,0.913,122.44,122.71,125.98,24.16,1,ire_ptfe_701_plc
701,2026-01-01 08:04:30,OP101,JOB3001,,2,49.5,48.02,153.33,221.28,340.67,59.74,29.77,5.41,48.51,118.49,120.01,375.7,378.59,375.11,376.64,374.28,4.981,0.033,347.56,2026-01-01 08:04:30,RS001,50,1,373.86,378.99,TYPE_A,1082,0.546,0.995,120.7,121.35,122.28,25.55,1,ire_ptfe_701_plc
701,2026-01-01 08:04:40,OP101,JOB3001,,2,49.57,48.08,147.39,218.06,340.82,62.42,29.82,5.61,48.58,120.52,121.03,374.61,376.34,374.79,374.87,376.99,4.994,0.027,350.11,2026-01-01 08:04:40,RS001,50,1,373.46,378.35,TYPE_A,1098,0.549,0.964,120.73,121.67,122.53,24.2,1,ire_ptfe_701_plc
701,2026-01-01 08:04:50,OP101,JOB3001,,2,49.57,48.08,146.29,222.33,340.11,59.19,31.09,5.81,48.58,121.89,122.94,374.92,375.49,371.82,374.33,373.73,5,0.021,349.04,2026-01-01 08:04:50,RS001,50,1,374.73,374.58,TYPE_B,1040,0.408,0.948,122.27,124.51,124.48,25.15,1,ire_ptfe_701_plc
701,2026-01-01 08:05:00,OP101,JOB3001,,2,49.91,48.41,153.92,217.15,340.12,62.28,31.29,6.01,48.91,118.55,120.09,372.88,376.91,371.12,376.26,375.2,4.972,0.028,353,2026-01-01 08:05:00,RS001,50,1,376.81,375.59,TYPE_A,1537,0.416,0.946,123.33,122.91,125.36,25.1,1,ire_ptfe_701_plc
701,2026-01-01 08:05:10,OP101,JOB3001,,2,50.7,49.18,146.06,219.44,340.57,58.57,28.68,6.21,49.69,120.66,122.69,372.78,373.45,374.43,377.63,372.16,5.001,0.029,352.57,2026-01-01 08:05:10,RS001,50,1,377.26,378.31,TYPE_B,1269,0.565,0.914,122.52,123.13,122.56,24.16,1,ire_ptfe_701_plc
701,2026-01-01 08:05:20,OP101,JOB3001,,2,50.56,49.04,154.9,220.17,341.07,62.42,30.51,6.41,49.55,120.28,120.75,374.62,377.87,374.59,376.86,376.46,5.005,0.034,350.64,2026-01-01 08:05:20,RS001,50,1,377.52,379.16,TYPE_B,1622,0.548,0.938,121.49,124.54,123.14,25.44,1,ire_ptfe_701_plc
701,2026-01-01 08:05:30,OP101,JOB3001,,2,49.78,48.29,151.48,217.07,340.4,59.38,28.26,6.61,48.78,119.72,122.46,375.15,377.47,372.12,377.87,374.08,5.008,0.033,350.88,2026-01-01 08:05:30,RS001,50,1,376.87,376.06,TYPE_B,1175,0.425,0.919,123.89,122.36,122.97,25.15,1,ire_ptfe_701_plc
701,2026-01-01 08:05:40,OP101,JOB3001,,2,49.95,48.45,149.6,220.64,341.41,60.27,30.7,6.81,48.95,120.35,122.13,377.95,375.1,374.68,379.71,374.82,5.013,0.031,349.79,2026-01-01 08:05:40,RS001,50,1,374.11,374.17,TYPE_A,1322,0.443,0.95,120.58,121.57,122.44,25.79,1,ire_ptfe_701_plc
701,2026-01-01 08:05:50,OP101,JOB3001,,2,50.19,48.68,150.96,218.76,340.85,62.69,30.99,7.01,49.19,118.19,120.7,374.87,377.85,375.53,376.44,372.19,5.04,0.036,352.17,2026-01-01 08:05:50,RS001,50,1,377.36,379.96,TYPE_A,1828,0.528,0.911,122.99,121.13,124.1,25.53,1,ire_ptfe_701_plc
701,2026-01-01 08:06:00,OP101,JOB3001,,2,49.37,47.89,154.55,220.83,338.7,58.74,28.53,7.21,48.38,120.81,121.98,372.41,376.02,376.65,374.17,373.1,4.957,0.024,349,2026-01-01 08:06:00,RS001,50,1,378.23,379.45,TYPE_B,1440,0.48,0.908,122.85,121.5,122.66,24.09,1,ire_ptfe_701_plc
701,2026-01-01 08:06:10,OP101,JOB3001,,2,49.67,48.18,150.84,222.79,338.44,58.01,30.58,7.41,48.68,119.44,122.93,376.41,378.59,373.86,379.92,374.36,4.966,0.029,348.8,2026-01-01 08:06:10,RS001,50,1,377.74,379.32,TYPE_A,1007,0.513,0.99,123.06,121.59,125.85,24.4,1,ire_ptfe_701_plc
701,2026-01-01 08:06:20,OP101,JOB3001,,2,49.91,48.41,154.35,222.33,340.24,60.97,31.16,7.62,48.91,120.88,119.05,372.01,374.63,371.94,375.97,376.96,4.981,0.039,348.54,2026-01-01 08:06:20,RS001,50,1,376.27,377.4,TYPE_A,1525,0.554,0.909,121.94,122.99,123.27,24.82,1,ire_ptfe_701_plc
701,2026-01-01 08:06:30,OP101,JOB3001,,2,49.43,47.95,150.34,218.59,339.08,61.36,31.96,7.82,48.44,121.22,119.65,377.22,374.25,373.55,375.21,375.63,4.98,0.03,352.43,2026-01-01 08:06:30,RS001,50,1,373.9,378.51,TYPE_A,1679,0.523,0.945,123.63,122.14,125.03,24.25,1,ire_ptfe_701_plc
701,2026-01-01 08:06:40,OP101,JOB3001,,2,49.77,48.28,145.49,218.81,341.85,59.65,31.98,8.02,48.77,120.05,119.72,372.06,374.96,372.97,376.15,375.88,5.008,0.039,349.02,2026-01-01 08:06:40,RS001,50,1,375.6,375.77,TYPE_B,1943,0.45,0.96,122.57,123.44,122.71,25.58,1,ire_ptfe_701_plc
701,2026-01-01 08:06:50,OP101,JOB3001,,2,49.46,47.98,154.3,220.33,340.48,61.63,28.97,8.22,48.47,119.87,121.32,372.86,377.27,373.87,374.18,376.38,5.015,0.034,352.52,2026-01-01 08:06:50,RS001,50,1,373.42,379.75,TYPE_B,1672,0.525,0.939,121.76,122.22,124.87,24.02,1,ire_ptfe_701_plc
701,2026-01-01 08:07:00,OP101,JOB3001,,2,50.03,48.53,152.27,217.62,338.72,61,29.54,8.42,49.03,120.82,121.17,375.07,374.93,371.44,376.29,373.33,4.962,0.033,351.13,2026-01-01 08:07:00,RS001,50,1,375.91,377.09,TYPE_A,1330,0.562,0.933,122.9,121.4,122.69,24.03,1,ire_ptfe_701_plc
701,2026-01-01 08:07:10,OP101,JOB3001,,2,49.34,47.86,152.12,218.48,340.37,60.05,29.31,8.62,48.35,118.91,122.07,376.08,376.35,371.59,378.12,374.86,5.002,0.025,348.53,2026-01-01 08:07:10,RS001,50,1,376.75,379.86,TYPE_A,1029,0.524,0.978,121.61,124.34,124.52,25.43,1,ire_ptfe_701_plc
701,2026-01-01 08:07:20,OP101,JOB3001,,2,50.19,48.68,150.54,219.42,338.74,59.59,30.78,8.82,49.19,120.6,121.65,374.21,374.47,373.64,378.07,372.1,5.021,0.024,352.48,2026-01-01 08:07:20,RS001,50,1,378.7,379.18,TYPE_B,1840,0.54,0.931,123.01,123.39,124.53,24.63,1,ire_ptfe_701_plc
701,2026-01-01 08:07:30,OP101,JOB3001,,2,49.75,48.26,154.61,217.5,341.38,58.26,29.12,9.02,48.76,118.14,120.6,376.39,376.34,373.98,375.55,372.73,5.041,0.028,351.83,2026-01-01 08:07:30,RS001,50,1,373.94,374.69,TYPE_A,1736,0.491,0.974,120.1,123.35,123.56,24.04,1,ire_ptfe_701_plc
701,2026-01-01 08:07:40,OP101,JOB3001,,2,49.63,48.14,150.74,219.91,340.07,60.22,29.76,9.22,48.64,118.25,122.37,374.22,373.71,375.24,375.1,373.23,5.017,0.023,349.71,2026-01-01 08:07:40,RS001,50,1,378.26,377.89,TYPE_A,1753,0.44,0.967,120.6,124.27,125.36,24.55,1,ire_ptfe_701_plc
701,2026-01-01 08:07:50,OP101,JOB3001,,2,49.23,47.75,147.31,222.81,339.93,58.24,31.14,9.42,48.25,121.09,119.25,372.02,373.84,372.47,377.47,374.7,4.995,0.022,351.23,2026-01-01 08:07:50,RS001,50,1,374.1,379.53,TYPE_A,1578,0.407,0.937,120.29,121.16,125.62,25.54,1,ire_ptfe_701_plc
701,2026-01-01 08:08:00,OP101,JOB3001,,2,49.8,48.31,145.65,221.5,338.36,61.73,30.68,9.62,48.8,119.34,119.64,373.96,376.54,371.97,379.53,373.59,5.009,0.04,352.32,2026-01-01 08:08:00,RS001,50,1,378.77,375.66,TYPE_A,1152,0.58,0.991,123.41,122.38,124.67,25.08,1,ire_ptfe_701_plc
701,2026-01-01 08:08:10,OP101,JOB3001,,2,50.71,49.19,148.56,219.27,339.94,59.39,31.01,9.82,49.7,119.88,120.05,377.56,373.73,374.73,375.8,375.93,5.041,0.037,347.46,2026-01-01 08:08:10,RS001,50,1,375.29,374.84,TYPE_B,1307,0.473,0.931,120.83,122.69,123.51,24.07,1,ire_ptfe_701_plc
701,2026-01-01 08:08:20,OP101,JOB3001,,2,50.08,48.58,150.72,219.8,340.46,57.37,30.03,10.02,49.08,120.18,121.36,377.39,374.71,374.41,374.15,374.72,5.019,0.026,351.81,2026-01-01 08:08:20,RS001,50,1,376.41,377.97,TYPE_B,1911,0.537,0.998,121.13,124.46,124,24.86,1,ire_ptfe_701_plc
701,2026-01-01 08:08:30,OP101,JOB3001,,2,50.11,48.61,148.57,222.29,341.84,58.42,31.88,10.22,49.11,118.59,119.88,373.31,375.44,371.32,374.61,373.21,5.009,0.03,348.64,2026-01-01 08:08:30,RS001,50,1,374.39,374.75,TYPE_B,1695,0.47,0.909,122.09,122.82,123.02,25.69,1,ire_ptfe_701_plc
701,2026-01-01 08:08:40,OP101,JOB3001,,2,50.23,48.72,152.63,222.65,340.93,59.78,29.12,10.42,49.23,121.71,122.09,375.69,377.16,375.73,375.12,375.76,4.998,0.026,347.56,2026-01-01 08:08:40,RS001,50,1,377.48,378.09,TYPE_B,1755,0.431,0.904,123.44,123.3,122.68,24.82,1,ire_ptfe_701_plc
701,2026-01-01 08:08:50,OP101,JOB3001,,2,50.24,48.73,151.9,222.48,341.31,59.03,31.32,10.62,49.24,119.89,122.32,374.79,376.18,373.87,375.96,372.36,4.986,0.035,350.92,2026-01-01 08:08:50,RS001,50,1,374.26,379.4,TYPE_B,1940,0.592,0.916,121.15,124.46,125.73,24.84,1,ire_ptfe_701_plc
701,2026-01-01 08:09:00,OP101,JOB3001,,2,49.85,48.35,152.89,220.07,339.67,57.72,29.28,10.82,48.85,119.14,121.89,377.07,378.72,374.31,378.03,375.49,4.988,0.035,347.95,2026-01-01 08:09:00,RS001,50,1,377.82,375.39,TYPE_B,1118,0.499,0.979,120.02,122.12,122.09,24.9,1,ire_ptfe_701_plc
701,2026-01-01 08:09:10,OP101,JOB3001,,2,49.79,48.3,148.3,219.97,341.29,62.16,29.05,11.02,48.79,118.43,120.35,373.6,374.24,373.07,379.23,373.4,4.99,0.024,348.52,2026-01-01 08:09:10,RS001,50,1,377.48,376.98,TYPE_B,1816,0.404,0.936,123.62,121.47,122.33,24.6,1,ire_ptfe_701_plc
701,2026-01-01 08:09:20,OP101,JOB3001,,2,50.35,48.84,149.03,218.6,340.98,61.78,29.7,11.22,49.34,118.83,120.36,374.21,378.86,376.71,378.8,373.64,4.955,0.039,349.83,2026-01-01 08:09:20,RS001,50,1,375.64,374.47,TYPE_A,1436,0.5,0.923,123.61,122.3,125.79,25.01,1,ire_ptfe_701_plc
701,2026-01-01 08:09:30,OP101,JOB3001,,2,49.47,47.99,152.29,219.76,338.23,61.95,28.86,11.42,48.48,119.89,119.99,372.45,373.36,373.69,374.52,372.29,4.957,0.024,348.49,2026-01-01 08:09:30,RS001,50,1,375.62,377.2,TYPE_A,1283,0.489,0.982,120.45,123.07,123.43,24.31,1,ire_ptfe_701_plc
701,2026-01-01 08:09:40,OP101,JOB3001,,2,50.36,48.85,145.29,219.05,338.41,59.41,31.58,11.62,49.35,118.34,119.11,374.64,374.66,372.01,374.98,372.21,4.965,0.024,350.63,2026-01-01 08:09:40,RS001,50,1,374.13,376.64,TYPE_A,1618,0.529,0.979,122.1,121.61,125.28,24.79,1,ire_ptfe_701_plc
701,2026-01-01 08:09:50,OP101,JOB3001,,2,50.16,48.66,154.05,217.88,338.15,61.04,29.37,11.82,49.16,121.63,119.18,375.86,377.29,376.69,375.65,374.99,5.017,0.022,347.62,2026-01-01 08:09:50,RS001,50,1,377.79,377.73,TYPE_B,1417,0.414,0.916,121.98,121.92,124.64,25.11,1,ire_ptfe_701_plc
701,2026-01-01 08:10:00,OP101,JOB3001,,2,49.69,48.2,150.61,223,340.53,57.57,30.22,12.02,48.7,121.91,122.67,377.84,376.53,375.67,376.14,376.21,5.006,0.023,347.76,2026-01-01 08:10:00,RS001,50,1,378.22,378.39,TYPE_B,1343,0.58,0.993,120.85,121.42,124.36,24.61,1,ire_ptfe_701_plc
701,2026-01-01 08:10:10,OP101,JOB3001,,2,49.47,47.99,154.37,220.47,338.29,59.82,30.7,12.22,48.48,120.96,121.48,374.33,378.32,376.26,376.52,375.41,5.012,0.036,349.36,2026-01-01 08:10:10,RS001,50,1,374.02,376.71,TYPE_A,1022,0.585,0.922,121.21,123.7,124.33,25.33,1,ire_ptfe_701_plc
701,2026-01-01 08:10:20,OP101,JOB3001,,2,49.59,48.1,149.34,219.04,338.23,62.25,31.95,12.42,48.6,118.44,119.85,373.54,376.34,375.55,375.86,376.23,5.024,0.025,349.59,2026-01-01 08:10:20,RS001,50,1,376.52,376.64,TYPE_B,1486,0.548,0.994,121.09,124.65,123.64,25.96,1,ire_ptfe_701_plc
701,2026-01-01 08:10:30,OP101,JOB3001,,2,49.33,47.85,150.72,222.83,340.43,61.67,31.63,12.63,48.34,119.05,119.97,374.43,376.35,371.07,376.34,377.57,4.985,0.021,352.88,2026-01-01 08:10:30,RS001,50,1,376.84,375.72,TYPE_B,1915,0.417,0.915,123.01,124.58,123.11,25.26,1,ire_ptfe_701_plc
701,2026-01-01 08:10:40,OP101,JOB3001,,2,49.79,48.3,154.21,219.9,339.96,57.6,29.3,12.83,48.79,118.13,121.57,375.85,377.04,371.95,377.9,373.99,4.966,0.022,349.66,2026-01-01 08:10:40,RS001,50,1,378.53,374.42,TYPE_B,1034,0.573,0.986,121.92,124.88,125.81,25.06,1,ire_ptfe_701_plc
701,2026-01-01 08:10:50,OP101,JOB3001,,2,49.75,48.26,146.11,218.67,341.2,62.01,30.18,13.03,48.76,120.86,119.69,375.27,376.87,372.6,379.64,376.83,5.045,0.022,349.37,2026-01-01 08:10:50,RS001,50,1,377.23,377.72,TYPE_B,1453,0.495,0.948,121.21,121.52,125.43,25.18,1,ire_ptfe_701_plc
701,2026-01-01 08:11:00,OP101,JOB3001,,2,49.6,48.11,147.02,218.2,341.94,61.74,31.24,13.23,48.61,118.46,120.73,374.55,375.78,376.1,378.83,374.51,4.959,0.029,348.8,2026-01-01 08:11:00,RS001,50,1,373.63,377.62,TYPE_B,1544,0.582,0.904,121,123.91,124.54,24.34,1,ire_ptfe_701_plc
701,2026-01-01 08:11:10,OP101,JOB3001,,2,49.58,48.09,149.37,217.22,338.65,62.55,29.74,13.43,48.59,120.82,122.42,377.49,378.74,371.83,374.45,374.27,5.03,0.022,349.65,2026-01-01 08:11:10,RS001,50,1,373,379.51,TYPE_B,1327,0.597,0.929,120.8,122.96,124.21,24.38,1,ire_ptfe_701_plc
701,2026-01-01 08:11:20,OP101,JOB3001,,2,50.47,48.96,145.12,217.65,339.04,59.65,29.13,13.63,49.46,119.93,121.71,373.8,373.09,372.48,376.61,374.41,4.952,0.028,352.64,2026-01-01 08:11:20,RS001,50,1,376.89,378.74,TYPE_B,1049,0.593,0.998,122,123.55,123.13,25.35,1,ire_ptfe_701_plc
701,2026-01-01 08:11:30,OP101,JOB3001,,2,50.47,48.96,152.14,222.55,340.64,58.95,30.54,13.83,49.46,120.55,122.1,374.36,377.61,376.74,379.67,375.46,4.957,0.031,347.76,2026-01-01 08:11:30,RS001,50,1,374.23,378.15,TYPE_A,1833,0.562,0.97,122.98,121.26,125.31,24.17,1,ire_ptfe_701_plc
701,2026-01-01 08:11:40,OP101,JOB3001,,2,49.89,48.39,151.21,218.55,338.24,58.03,29.36,14.03,48.89,121.01,122.6,372.46,373.25,372.65,378.32,377.72,4.982,0.036,349.09,2026-01-01 08:11:40,RS001,50,1,374.62,376.51,TYPE_A,1122,0.478,0.932,121.13,124.66,124.55,25.99,1,ire_ptfe_701_plc
701,2026-01-01 08:11:50,OP101,JOB3001,,2,49.26,47.78,150.79,220.91,338.38,57.23,31.67,14.23,48.27,118.23,122.19,372.75,376.58,372.38,375.61,376.08,4.99,0.036,352.93,2026-01-01 08:11:50,RS001,50,1,378.81,378.34,TYPE_B,1962,0.548,0.945,123.85,124.23,125.3,25.84,1,ire_ptfe_701_plc
701,2026-01-01 08:12:00,OP101,JOB3001,,2,50,48.5,154.77,222.61,339.52,60.16,31.54,14.43,49,121.9,121.15,375.78,373.57,374.31,378.72,373.35,4.99,0.026,349.63,2026-01-01 08:12:00,RS001,50,1,376.79,376.55,TYPE_B,1654,0.511,0.993,122.89,124,123.34,25.81,1,ire_ptfe_701_plc
701,2026-01-01 08:12:10,OP101,JOB3001,,2,50.01,48.51,152.9,218.52,341.3,61.87,29.16,14.63,49.01,120.6,121.81,374.35,374.46,372.35,378.35,375.25,5.044,0.02,347.98,2026-01-01 08:12:10,RS001,50,1,373.79,376.73,TYPE_B,1693,0.585,0.929,120.92,122.67,125.62,24.73,1,ire_ptfe_701_plc
701,2026-01-01 08:12:20,OP101,JOB3001,,2,50.46,48.95,153.98,219.8,340.79,58.08,29.94,14.83,49.45,118.27,120.5,377.75,375.27,371.7,375.44,377.97,4.982,0.04,352.7,2026-01-01 08:12:20,RS001,50,1,374.18,376.88,TYPE_A,1573,0.429,0.942,122.22,123.68,122.64,24.69,1,ire_ptfe_701_plc
701,2026-01-01 08:12:30,OP101,JOB3001,,2,49.34,47.86,147.73,217.19,340.65,60.51,28.45,15.03,48.35,119.81,121.44,376.13,378.54,376.86,377.01,372.67,5.028,0.036,349.29,2026-01-01 08:12:30,RS001,50,1,377.7,376.02,TYPE_A,1162,0.411,0.984,121.11,124.3,124.2,24.14,1,ire_ptfe_701_plc
701,2026-01-01 08:12:40,OP101,JOB3001,,2,50.11,48.61,145.68,220.88,338.31,58.47,28.38,15.23,49.11,120.95,121.59,373.87,374.43,373.84,374.49,374.58,4.969,0.022,349.91,2026-01-01 08:12:40,RS001,50,1,375.29,379.22,TYPE_B,1395,0.575,0.917,120.2,123.06,125.11,25.33,1,ire_ptfe_701_plc
701,2026-01-01 08:12:50,OP101,JOB3001,,2,49.39,47.91,154.08,218.8,339.49,60.68,31.23,15.43,48.4,118.51,120.07,376.5,377.82,371.35,374.61,377.13,5.021,0.04,349.38,2026-01-01 08:12:50,RS001,50,1,373.74,379.63,TYPE_A,1889,0.443,0.937,121.39,121.68,123.87,24.88,1,ire_ptfe_701_plc
701,2026-01-01 08:13:00,OP101,JOB3001,,2,50.71,49.19,146.07,222.14,340.16,60.39,31.42,15.63,49.7,121.78,121.14,372.81,376.24,372.28,376.88,372.79,5.007,0.035,349.98,2026-01-01 08:13:00,RS001,50,1,375.56,374.32,TYPE_B,1712,0.405,0.982,120.86,122.53,124.78,25.02,1,ire_ptfe_701_plc
701,2026-01-01 08:13:10,OP101,JOB3001,,2,50.62,49.1,151.74,217.4,338.73,57.13,28.51,15.83,49.61,119.61,119.26,373.12,375.88,376.33,377.51,373.38,4.957,0.036,352.71,2026-01-01 08:13:10,RS001,50,1,378.56,374.22,TYPE_B,1948,0.409,0.964,123.14,121.69,124.76,25.78,1,ire_ptfe_701_plc
701,2026-01-01 08:13:20,OP101,JOB3001,,2,50.42,48.91,147.99,217.57,341.31,62.11,30.97,16.03,49.41,118.01,119.01,375.34,373.69,375.54,378.85,373.06,4.994,0.025,351.97,2026-01-01 08:13:20,RS001,50,1,374.65,374.84,TYPE_B,1275,0.437,0.903,123.16,121.62,125.89,24.83,1,ire_ptfe_701_plc
701,2026-01-01 08:13:30,OP101,JOB3001,,2,50.23,48.72,150.93,217.37,341.85,58.81,31.64,16.23,49.23,119.15,121.94,372.76,375.02,371.37,378.52,375.91,4.955,0.039,347.62,2026-01-01 08:13:30,RS001,50,1,375.31,378.01,TYPE_A,1788,0.547,0.912,122.16,122.74,124.4,25.41,1,ire_ptfe_701_plc
701,2026-01-01 08:13:40,OP101,JOB3001,,2,49.46,47.98,153.07,220.81,340.34,58.7,28.4,16.43,48.47,120.73,120.51,375.72,378.57,373.52,378.57,376.08,4.977,0.028,352.15,2026-01-01 08:13:40,RS001,50,1,374.89,377.15,TYPE_A,1497,0.587,0.918,120.53,122.61,125.64,25.65,1,ire_ptfe_701_plc
701,2026-01-01 08:13:50,OP101,JOB3001,,2,49.27,47.79,153.16,221.81,339.05,60.25,28.31,16.63,48.28,122,119.68,374.62,375.39,371.5,378.69,374.67,4.967,0.03,351.35,2026-01-01 08:13:50,RS001,50,1,373.1,379.17,TYPE_A,1556,0.561,0.97,121.35,122.75,122.25,24.22,1,ire_ptfe_701_plc
701,2026-01-01 08:14:00,OP101,JOB3001,,2,49.56,48.07,148.32,221.34,338.65,62.1,28.43,16.83,48.57,119.38,119.19,377.38,373.98,373.73,378.43,372.44,4.977,0.034,348.64,2026-01-01 08:14:00,RS001,50,1,373.56,378.28,TYPE_B,1914,0.549,0.993,123.99,123.53,124.14,24.59,1,ire_ptfe_701_plc
701,2026-01-01 08:14:10,OP101,JOB3001,,2,50.68,49.16,146.19,220.22,341.73,57.01,31.58,17.03,49.67,119.11,120.85,375.34,373.21,374.91,379.76,374.15,5.04,0.037,349.64,2026-01-01 08:14:10,RS001,50,1,377.07,377.99,TYPE_B,1870,0.407,0.908,123.54,121.7,123.72,25.96,1,ire_ptfe_701_plc
701,2026-01-01 08:14:20,OP101,JOB3001,,2,49.96,48.46,149.86,220.15,341.29,57.38,28.13,17.23,48.96,121.7,119.89,374.94,374.1,371.34,376.37,375.56,5.04,0.034,351.5,2026-01-01 08:14:20,RS001,50,1,373.51,376.18,TYPE_A,1695,0.517,0.907,121.4,122.68,125.37,25.29,1,ire_ptfe_701_plc
701,2026-01-01 08:14:30,OP101,JOB3001,,2,50.21,48.7,145.16,221.61,338.73,58.78,28.38,17.43,49.21,118.41,120.58,372.77,373.2,373.1,378.89,374.5,5.027,0.039,347.67,2026-01-01 08:14:30,RS001,50,1,373.12,377.24,TYPE_B,1409,0.583,0.983,121.77,121.2,122.27,25.46,1,ire_ptfe_701_plc
701,2026-01-01 08:14:40,OP101,JOB3001,,2,50.33,48.82,154.67,222.58,339.19,59.12,28.48,17.64,49.32,119.84,120.91,376.17,373.01,376.23,376.83,377.36,4.975,0.021,347.5,2026-01-01 08:14:40,RS001,50,1,375.14,379.53,TYPE_A,1948,0.417,0.984,122.54,123.66,125.83,25.66,1,ire_ptfe_701_plc
701,2026-01-01 08:14:50,OP101,JOB3001,,2,50.37,48.86,152.53,218.62,340.96,58.1,28.43,17.84,49.36,120.8,121.95,376.6,373.14,371.26,379.19,377.06,5.033,0.026,352.2,2026-01-01 08:14:50,RS001,50,1,374.24,379.13,TYPE_B,1915,0.477,0.965,120.3,121.12,122.64,25.97,1,ire_ptfe_701_plc
701,2026-01-01 08:15:00,OP101,JOB3001,,2,50.39,48.88,154.31,219.92,339.96,62.5,29.72,18.04,49.38,120.04,120.05,373.91,375.43,371.06,375.77,374.16,4.975,0.033,352.87,2026-01-01 08:15:00,RS001,50,1,373.08,375.87,TYPE_A,1258,0.419,0.905,122.36,121.48,125.24,24.21,1,ire_ptfe_701_plc
701,2026-01-01 08:15:10,OP101,JOB3001,,2,49.59,48.1,152.39,222.41,339.63,61.87,31.01,18.24,48.6,119.03,121.73,375.51,378.02,372.91,377.08,373.95,5.03,0.039,352,2026-01-01 08:15:10,RS001,50,1,374.53,377.32,TYPE_B,1236,0.432,0.908,120.85,121.11,123.23,25.39,1,ire_ptfe_701_plc
701,2026-01-01 08:15:20,OP101,JOB3001,,2,49.41,47.93,152.26,217.85,341.05,59.6,29.04,18.44,48.42,121.89,121.33,375.82,373.7,372.07,377.26,373.42,5.023,0.033,350.88,2026-01-01 08:15:20,RS001,50,1,374.42,377.15,TYPE_B,1332,0.408,0.98,120.3,121.4,125.54,25.96,1,ire_ptfe_701_plc
701,2026-01-01 08:15:30,OP101,JOB3001,,2,49.27,47.79,154.97,217.85,339.17,57.38,29.91,18.64,48.28,121.75,122.03,374.84,377.46,373.66,378.62,377.7,4.974,0.023,351.05,2026-01-01 08:15:30,RS001,50,1,375.68,375.39,TYPE_B,1009,0.573,1,120.15,124.06,124.06,25.33,1,ire_ptfe_701_plc
701,2026-01-01 08:15:40,OP101,JOB3001,,2,50.21,48.7,154.56,217.1,338.76,62.84,28.2,18.84,49.21,121.8,120.04,375.22,376.21,376.67,375.99,376,4.956,0.025,350.52,2026-01-01 08:15:40,RS001,50,1,376.37,374.24,TYPE_A,1381,0.586,0.971,123.13,122.19,125.3,25.49,1,ire_ptfe_701_plc
701,2026-01-01 08:15:50,OP101,JOB3001,,2,49.6,48.11,146.31,217.61,341.85,62.34,30.36,19.04,48.61,120.84,120.29,374.24,375.02,373.95,375.94,377.48,4.997,0.036,347.44,2026-01-01 08:15:50,RS001,50,1,378.94,375.56,TYPE_B,1955,0.434,0.944,123.88,122.78,123.35,25.06,1,ire_ptfe_701_plc
701,2026-01-01 08:16:00,OP101,JOB3001,,2,49.37,47.89,149.44,217.82,340.38,59.05,29,19.24,48.38,120.54,119.83,376.06,373.32,371.73,379.51,372.43,5.014,0.036,352.99,2026-01-01 08:16:00,RS001,50,1,374.07,375.64,TYPE_A,1859,0.57,0.975,123.3,123.31,122.66,24.75,1,ire_ptfe_701_plc
701,2026-01-01 08:16:10,OP101,JOB3001,,2,49.96,48.46,145.03,218.35,340.6,58.63,31.42,19.44,48.96,118.04,121.08,375.51,376.93,376.7,374.4,377.95,4.989,0.026,351.62,2026-01-01 08:16:10,RS001,50,1,378.25,377.3,TYPE_A,1676,0.488,0.95,123.87,122.48,122.12,24.54,1,ire_ptfe_701_plc
701,2026-01-01 08:16:20,OP101,JOB3001,,2,49.63,48.14,154.55,218.18,338.08,61.14,31.53,19.64,48.64,121.22,121.16,376.17,378.65,374.26,374.19,374.92,4.964,0.032,349.29,2026-01-01 08:16:20,RS001,50,1,374.17,378.73,TYPE_A,1797,0.584,0.933,122.27,124.51,124.79,25.22,1,ire_ptfe_701_plc
701,2026-01-01 08:16:30,OP101,JOB3001,,2,50.4,48.89,149.23,219.65,341.92,61.35,29.54,19.84,49.39,119.22,122.69,373.65,375.52,371.68,378.34,376.94,5.006,0.035,347.21,2026-01-01 08:16:30,RS001,50,1,373.88,376.78,TYPE_A,1370,0.514,0.957,120.48,121.04,122.95,24.41,1,ire_ptfe_701_plc
701,2026-01-01 08:16:40,OP101,JOB3001,,2,50.61,49.09,152.74,217.21,341.56,59.96,28.5,20.04,49.6,118.21,120.37,376.67,376.14,376.67,375.64,373.19,5.048,0.024,352.14,2026-01-01 08:16:40,RS001,50,1,375.58,374.45,TYPE_B,1135,0.403,0.989,121.84,124.74,122.41,25.7,1,ire_ptfe_701_plc
701,2026-01-01 08:16:50,OP101,JOB3001,,2,49.97,48.47,154.39,217.2,338.26,60.9,31.43,20.24,48.97,120.57,119.39,374.35,373.39,376.36,378.26,377.96,4.979,0.032,352.84,2026-01-01 08:16:50,RS001,50,1,375.01,376.03,TYPE_A,1815,0.418,0.988,122.72,123.39,124.71,24.6,1,ire_ptfe_701_plc
701,2026-01-01 08:17:00,OP101,JOB3001,,2,49.45,47.97,151.18,221.77,340.63,62.75,30.84,20.44,48.46,121.21,120.7,373.92,378.14,375.01,374.83,374.94,5.025,0.021,348.75,2026-01-01 08:17:00,RS001,50,1,374.51,379.13,TYPE_B,1211,0.439,0.94,120.73,124.38,125.81,24.81,1,ire_ptfe_701_plc
701,2026-01-01 08:17:10,OP101,JOB3001,,2,49.46,47.98,151.42,218.57,339.55,58.47,29.75,20.64,48.47,119.26,121.32,374.48,377.8,371.76,379.93,376.74,5.026,0.028,347.21,2026-01-01 08:17:10,RS001,50,1,376.41,377.32,TYPE_B,1368,0.505,0.964,122,124.31,125.9,24.06,1,ire_ptfe_701_plc
701,2026-01-01 08:17:20,OP101,JOB3001,,2,50.67,49.15,148.02,221.34,340.73,60.78,30.04,20.84,49.66,121.09,119.1,372.83,378.72,374.1,375.25,375.08,4.992,0.037,348.39,2026-01-01 08:17:20,RS001,50,1,375.47,375.73,TYPE_B,1670,0.437,0.984,122.4,124.18,123.61,25.9,1,ire_ptfe_701_plc
701,2026-01-01 08:17:30,OP101,JOB3001,,2,49.76,48.27,150.83,218.62,340,60.46,28.33,21.04,48.76,120.41,122.79,374.39,376.48,372.31,379.14,374.53,5.048,0.02,350.84,2026-01-01 08:17:30,RS001,50,1,378.85,376.78,TYPE_B,1554,0.432,0.992,122.58,124.75,123.17,25.92,1,ire_ptfe_701_plc
701,2026-01-01 08:17:40,OP101,JOB3001,,2,50.4,48.89,151.15,220.36,339.92,58.68,29.77,21.24,49.39,119.95,120.57,374.21,377.59,375.68,374.02,376.73,5.002,0.038,352.59,2026-01-01 08:17:40,RS001,50,1,376.55,375.57,TYPE_B,1238,0.597,0.927,121.55,123.19,124.78,25.3,1,ire_ptfe_701_plc
701,2026-01-01 08:17:50,OP101,JOB3001,,2,50.19,48.68,148.01,218.44,339.87,62.51,31.63,21.44,49.19,119.27,119.45,374.4,378.46,371.43,376.25,373.06,4.998,0.039,348.48,2026-01-01 08:17:50,RS001,50,1,376.37,377.96,TYPE_A,1833,0.581,0.91,121.39,123.98,122.37,25.15,1,ire_ptfe_701_plc
701,2026-01-01 08:18:00,OP101,JOB3001,,2,49.69,48.2,149.6,220.09,341.38,58.71,29.11,21.64,48.7,120.39,119.27,377.96,373.01,376.38,375.24,372.78,4.986,0.022,352.28,2026-01-01 08:18:00,RS001,50,1,373.27,374.93,TYPE_A,1144,0.593,0.928,120.13,123.19,122.9,24.5,1,ire_ptfe_701_plc
701,2026-01-01 08:18:10,OP101,JOB3001,,2,49.23,47.75,147.89,217.63,341.37,61.35,28.06,21.84,48.25,119.29,120.03,373.89,373.8,371.94,376.84,377.93,5.045,0.037,351.58,2026-01-01 08:18:10,RS001,50,1,374.83,378.91,TYPE_A,1853,0.454,0.992,121.53,121.37,123.7,24.51,1,ire_ptfe_701_plc
701,2026-01-01 08:18:20,OP101,JOB3001,,2,49.36,47.88,154.44,220.14,339.56,61.85,29.88,22.04,48.37,121.34,122.3,372.51,376.16,373.91,376.85,372.2,5.015,0.034,349.75,2026-01-01 08:18:20,RS001,50,1,374.63,375.41,TYPE_B,1873,0.481,0.906,120.92,124.84,125.87,25.83,1,ire_ptfe_701_plc
701,2026-01-01 08:18:30,OP101,JOB3001,,2,49.85,48.35,146.52,221.07,339.09,57.25,30.02,22.24,48.85,121.12,121.91,376.91,373.14,372.41,378.86,373.65,5.023,0.027,348.67,2026-01-01 08:18:30,RS001,50,1,374.81,374.56,TYPE_B,1916,0.471,0.926,123.47,121.99,125.04,25.05,1,ire_ptfe_701_plc
701,2026-01-01 08:18:40,OP101,JOB3001,,2,49.47,47.99,151.39,219.53,340.03,59.82,29.03,22.44,48.48,119.3,120.13,372.66,374.36,373.46,377.69,372.71,5,0.03,352.76,2026-01-01 08:18:40,RS001,50,1,378.35,377.47,TYPE_A,1228,0.572,0.962,123.82,121.32,125.5,25.13,1,ire_ptfe_701_plc
701,2026-01-01 08:18:50,OP101,JOB3001,,2,50.27,48.76,148.07,218.04,338.32,61.37,30.13,22.65,49.26,120.43,119.55,374.94,378.5,372.33,375.52,375.01,5.01,0.021,347.06,2026-01-01 08:18:50,RS001,50,1,375.86,377.21,TYPE_B,1599,0.477,0.952,120.94,124.14,123.34,25.35,1,ire_ptfe_701_plc
701,2026-01-01 08:19:00,OP101,JOB3001,,2,50.26,48.75,150.53,222.88,340.61,59.71,31.33,22.85,49.25,121.44,122.92,377.03,375.44,371.13,374.89,377.84,4.988,0.035,347.11,2026-01-01 08:19:00,RS001,50,1,376.5,379.97,TYPE_A,1631,0.59,0.974,123.49,124.63,125.92,24.74,1,ire_ptfe_701_plc
701,2026-01-01 08:19:10,OP101,JOB3001,,2,50.25,48.74,147.72,222.71,338.4,60.24,28.96,23.05,49.24,120.97,122.01,372.62,373.55,371.69,376.68,375.64,4.951,0.033,352.26,2026-01-01 08:19:10,RS001,50,1,378.57,377.66,TYPE_A,1930,0.464,0.953,123.45,121.47,125.99,24.43,1,ire_ptfe_701_plc
701,2026-01-01 08:19:20,OP101,JOB3001,,2,49.5,48.02,149.66,219.75,341.45,58.36,29.12,23.25,48.51,121.58,120.37,374.17,373.39,371.76,377,373.67,5.043,0.022,347.32,2026-01-01 08:19:20,RS001,50,1,378.76,377.67,TYPE_B,1904,0.41,0.942,123.54,124.37,125.26,24.11,1,ire_ptfe_701_plc
701,2026-01-01 08:19:30,OP101,JOB3001,,2,49.64,48.15,151.15,217.63,338.62,58.57,30.84,23.45,48.65,119.44,121.44,376.63,378.5,376.17,375.28,374.12,4.99,0.027,351.55,2026-01-01 08:19:30,RS001,50,1,377.83,375.38,TYPE_B,1648,0.437,0.965,122.11,121.07,122.56,24.08,1,ire_ptfe_701_plc
701,2026-01-01 08:19:40,OP101,JOB3001,,2,50.75,49.23,149.41,220.51,341.97,60.36,28.33,23.65,49.73,120.25,119.3,374.29,378.43,375.38,380,375.36,4.994,0.033,349.14,2026-01-01 08:19:40,RS001,50,1,378.1,378.84,TYPE_A,1413,0.486,0.995,121.96,124.51,125.17,25.33,1,ire_ptfe_701_plc
701,2026-01-01 08:19:50,OP101,JOB3001,,2,50.3,48.79,148.63,218.5,338.14,60.69,30.52,23.85,49.29,121.77,119.51,375.59,376.06,373.17,376.75,375.6,5.012,0.022,348.57,2026-01-01 08:19:50,RS001,50,1,377.17,378.12,TYPE_B,1606,0.555,0.906,122.9,121.25,124.58,24.28,1,ire_ptfe_701_plc
701,2026-01-01 08:20:00,OP101,JOB3001,,2,49.35,47.87,154.15,218.3,340.05,61.85,29.33,24.05,48.36,118.62,119.76,374.38,378.18,376.42,376.6,374.67,4.964,0.026,347.22,2026-01-01 08:20:00,RS001,50,1,374.71,374.19,TYPE_B,1755,0.443,0.949,123.58,123.35,124.84,25.47,1,ire_ptfe_701_plc
701,2026-01-01 08:20:10,OP101,JOB3001,,2,49.49,48.01,149.73,221.7,339.54,57.74,29.13,24.25,48.5,120.64,122.4,375.57,377.63,374.42,375.88,375.7,5.041,0.033,352.76,2026-01-01 08:20:10,RS001,50,1,377.79,379.71,TYPE_B,1365,0.525,0.966,123.41,124.15,122.48,24.97,1,ire_ptfe_701_plc
701,2026-01-01 08:20:20,OP101,JOB3001,,2,50.78,49.26,151.96,220,341.79,61.88,30.33,24.45,49.76,121.69,119.79,372.06,374.85,376.35,379.04,374.25,5.001,0.023,350.33,2026-01-01 08:20:20,RS001,50,1,373.61,377.25,TYPE_A,1071,0.463,0.926,122.22,124.08,125.91,24.66,1,ire_ptfe_701_plc
701,2026-01-01 08:20:30,OP101,JOB3001,,2,50.15,48.65,145.02,218.91,341.19,61.07,29.43,24.65,49.15,118.3,122.4,372.23,373.99,376.39,379.36,375.49,4.952,0.034,350.76,2026-01-01 08:20:30,RS001,50,1,377.57,377.51,TYPE_A,1429,0.549,0.93,123.76,123.21,124.56,25.22,1,ire_ptfe_701_plc
701,2026-01-01 08:20:40,OP101,JOB3001,,2,50,48.5,151.12,220.84,340.31,57.54,30.44,24.85,49,120.73,120.47,373.86,378.07,371.39,374.59,373.97,4.964,0.032,350.21,2026-01-01 08:20:40,RS001,50,1,375.65,379.25,TYPE_A,1698,0.466,0.926,123.52,123.07,123.13,24.42,1,ire_ptfe_701_plc
701,2026-01-01 08:20:50,OP101,JOB3001,,2,50.48,48.97,146.51,221.98,341.22,57.21,29.63,25.05,49.47,119.4,119.86,372.01,378.24,371.94,377.85,374.98,4.99,0.032,351.51,2026-01-01 08:20:50,RS001,50,1,373.99,375.59,TYPE_B,1701,0.462,0.99,121.99,121.43,125.26,24.72,1,ire_ptfe_701_plc
701,2026-01-01 08:21:00,OP101,JOB3001,,2,49.88,48.38,153.13,222.41,338.06,57.76,29.93,25.25,48.88,119.31,121.75,375.37,377.27,376.92,378.29,374.34,5.041,0.03,351.05,2026-01-01 08:21:00,RS001,50,1,377.85,379.72,TYPE_B,1433,0.492,0.923,122.85,121.03,123.15,24.91,1,ire_ptfe_701_plc
701,2026-01-01 08:21:10,OP101,JOB3001,,2,49.4,47.92,145.64,218.74,341.12,58.03,28.23,25.45,48.41,118.71,121.34,375.16,378.74,376.87,374.31,375.5,5.012,0.029,347.2,2026-01-01 08:21:10,RS001,50,1,374.5,374.58,TYPE_A,1679,0.577,0.92,121.47,121.02,122.41,24.7,1,ire_ptfe_701_plc
701,2026-01-01 08:21:20,OP101,JOB3001,,2,49.26,47.78,150.44,222.08,341.79,57.45,28.54,25.65,48.27,118.75,119.02,374.58,378.67,374.74,377.53,373.49,4.961,0.033,347.83,2026-01-01 08:21:20,RS001,50,1,376.49,378.11,TYPE_B,1593,0.583,0.942,123.86,122.25,122.47,25.39,1,ire_ptfe_701_plc
701,2026-01-01 08:21:30,OP101,JOB3001,,2,49.71,48.22,145.11,217.21,338.26,59.39,29.26,25.85,48.72,121.15,119.65,373.9,378.34,374.48,378.6,374.25,4.958,0.031,347.85,2026-01-01 08:21:30,RS001,50,1,376.15,378.42,TYPE_B,1701,0.55,0.916,121.67,122.07,124.92,25.73,1,ire_ptfe_701_plc
701,2026-01-01 08:21:40,OP101,JOB3001,,2,49.58,48.09,153.6,217.85,340.7,59.25,28.55,26.05,48.59,119.91,121.15,373.07,376.79,373.54,376.89,372.67,5.049,0.033,347.29,2026-01-01 08:21:40,RS001,50,1,375.9,376.51,TYPE_A,1013,0.534,0.935,121.47,122.93,123.59,25.21,1,ire_ptfe_701_plc
701,2026-01-01 08:21:50,OP101,JOB3001,,2,50.01,48.51,146.7,218.87,338.25,57.73,30.82,26.25,49.01,118.97,119.93,374.42,373.06,376.35,379.01,372.71,4.951,0.028,347.79,2026-01-01 08:21:50,RS001,50,1,378.63,375.91,TYPE_A,1113,0.407,0.981,122.63,123.58,122.82,24.69,1,ire_ptfe_701_plc
701,2026-01-01 08:22:00,OP101,JOB3001,,2,50.22,48.71,151.81,221.89,338.55,57.59,30.87,26.45,49.22,121.19,119.07,376.23,376.12,374.35,374.15,377,4.998,0.032,347.1,2026-01-01 08:22:00,RS001,50,1,376.67,375.41,TYPE_B,1502,0.501,0.999,120.16,121.81,122.33,24.29,1,ire_ptfe_701_plc
701,2026-01-01 08:22:10,OP101,JOB3001,,2,49.29,47.81,151.09,222.31,340.4,62.39,28.03,26.65,48.3,118.02,122.37,376.69,374.14,372.35,375.96,377.17,4.984,0.031,350.93,2026-01-01 08:22:10,RS001,50,1,374.4,379.75,TYPE_B,1812,0.445,0.994,121.26,123.95,123.44,24.82,1,ire_ptfe_701_plc
701,2026-01-01 08:22:20,OP101,JOB3001,,2,49.51,48.02,147.58,221.56,338.32,62.73,29.32,26.85,48.52,121,120.8,374.07,376.38,372.14,376.38,376.53,4.989,0.029,351.28,2026-01-01 08:22:20,RS001,50,1,376.91,375.6,TYPE_B,1329,0.591,0.982,122.76,122.01,124.23,24.28,1,ire_ptfe_701_plc
701,2026-01-01 08:22:30,OP101,JOB3001,,2,50.42,48.91,149.36,220.09,338.44,57.04,29.87,27.05,49.41,119.38,119.73,376.66,376.97,376.06,375.58,374.17,4.996,0.035,347.64,2026-01-01 08:22:30,RS001,50,1,375.46,375.45,TYPE_A,1457,0.47,0.921,122.27,124.07,122,25.83,1,ire_ptfe_701_plc
701,2026-01-01 08:22:40,OP101,JOB3001,,2,49.96,48.46,145.91,220.23,340.01,57.21,29.08,27.25,48.96,121.35,120.56,375.35,376.72,374.25,375.85,373.98,5.018,0.036,347.78,2026-01-01 08:22:40,RS001,50,1,376.73,377.09,TYPE_B,1540,0.556,0.991,121.1,124.25,124.59,24.94,1,ire_ptfe_701_plc
701,2026-01-01 08:22:50,OP101,JOB3001,,2,49.71,48.22,145.17,221.95,341.73,61.78,29.5,27.45,48.72,118.82,120.43,377.67,376.97,371.44,375.38,373.11,5.038,0.036,352.63,2026-01-01 08:22:50,RS001,50,1,373.1,376.58,TYPE_A,1821,0.422,0.927,121.51,122.79,122.75,25.87,1,ire_ptfe_701_plc
701,2026-01-01 08:23:00,OP101,JOB3001,,2,49.48,48,150.85,222.17,340.99,58.74,29.63,27.66,48.49,121.15,120.83,375.42,374.19,371.28,379.48,374.89,5.04,0.033,350.84,2026-01-01 08:23:00,RS001,50,1,378.67,379.2,TYPE_B,1675,0.528,0.911,123.68,122.15,125.88,25.01,1,ire_ptfe_701_plc
701,2026-01-01 08:23:10,OP101,JOB3001,,2,49.39,47.91,146.87,219.7,339.19,58.53,29.38,27.86,48.4,121.54,119.87,373.31,373.84,372.93,375.79,377.97,5.036,0.026,350.48,2026-01-01 08:23:10,RS001,50,1,376.7,375.97,TYPE_A,1573,0.498,0.921,123.13,122.65,123.84,25.09,1,ire_ptfe_701_plc
701,2026-01-01 08:23:20,OP101,JOB3001,,2,49.8,48.31,147.81,218.97,338.77,60.25,30.14,28.06,48.8,120.06,119.18,376.99,377.75,375.91,377.33,373.43,5.034,0.027,349.95,2026-01-01 08:23:20,RS001,50,1,377.85,374.88,TYPE_B,1877,0.465,0.958,122.27,122.3,123.56,25.46,1,ire_ptfe_701_plc
701,2026-01-01 08:23:30,OP101,JOB3001,,2,50.24,48.73,151.69,222.97,340.06,59.26,31.47,28.26,49.24,121.88,120.14,372.74,378.25,373.66,376.96,377.17,4.967,0.031,351.43,2026-01-01 08:23:30,RS001,50,1,376.02,378.55,TYPE_B,1879,0.528,0.917,123.14,124.15,122.67,24.15,1,ire_ptfe_701_plc
701,2026-01-01 08:23:40,OP101,JOB3001,,2,49.92,48.42,149.79,219.95,340.51,60.04,29.28,28.46,48.92,120.14,121.83,377.01,378.09,372.83,375.31,377.97,4.99,0.022,347.11,2026-01-01 08:23:40,RS001,50,1,376.35,379.72,TYPE_A,1372,0.474,0.997,120.99,122.52,122.86,25.51,1,ire_ptfe_701_plc
701,2026-01-01 08:23:50,OP101,JOB3001,,2,49.65,48.16,153.5,218.07,339.54,62.52,29.56,28.66,48.66,118.82,121.35,374.33,375.11,375.38,377.01,374.51,4.992,0.026,351.79,2026-01-01 08:23:50,RS001,50,1,374.55,376.22,TYPE_A,1904,0.416,0.954,122.94,123.64,122.87,24.13,1,ire_ptfe_701_plc
701,2026-01-01 08:24:00,OP101,JOB3001,,2,49.92,48.42,148.7,221.44,341.73,62.12,29.92,28.86,48.92,119.6,121.99,373.15,375.63,374.18,376.08,373.06,5.024,0.038,351.3,2026-01-01 08:24:00,RS001,50,1,376.43,376.43,TYPE_A,1080,0.431,0.903,123.86,121.54,122.52,25.77,1,ire_ptfe_701_plc
701,2026-01-01 08:24:10,OP101,JOB3001,,2,49.87,48.37,153.23,221.39,338.31,58.89,30.35,29.06,48.87,121.83,120.99,376.34,378.89,372.07,375.54,377.41,5.041,0.037,347.32,2026-01-01 08:24:10,RS001,50,1,374.13,374.46,TYPE_B,1152,0.559,0.981,121.69,123.71,125.17,24.03,1,ire_ptfe_701_plc
701,2026-01-01 08:24:20,OP101,JOB3001,,2,49.86,48.36,152.58,219.8,339.68,57.28,30.24,29.26,48.86,120.81,119.93,372.29,376.31,372.22,377.64,373.36,5.024,0.03,349.76,2026-01-01 08:24:20,RS001,50,1,378.28,375.03,TYPE_B,1463,0.525,0.934,120.35,121.01,122.9,25.8,1,ire_ptfe_701_plc
701,2026-01-01 08:24:30,OP101,JOB3001,,2,49.55,48.06,152.43,217.01,339.22,58.37,28.5,29.46,48.56,118.4,120.32,374.04,373.15,374.6,377.35,374.35,5.045,0.029,351.81,2026-01-01 08:24:30,RS001,50,1,374.34,377.59,TYPE_A,1181,0.568,0.978,122.28,122.18,122.23,24.63,1,ire_ptfe_701_plc
701,2026-01-01 08:24:40,OP101,JOB3001,,2,49.95,48.45,154.74,219.02,340.08,60.14,31.08,29.66,48.95,121.06,121.69,373.69,375.57,375.3,378.27,377.65,5.049,0.04,348.03,2026-01-01 08:24:40,RS001,50,1,375.38,378.29,TYPE_A,1165,0.475,0.917,122.05,121.59,124.3,25.64,1,ire_ptfe_701_plc
701,2026-01-01 08:24:50,OP101,JOB3001,,2,49.81,48.32,149.77,220.05,339.66,58.53,30.04,29.86,48.81,118.37,121.57,373.43,375.49,374.24,379.68,374.95,4.97,0.021,350.85,2026-01-01 08:24:50,RS001,50,1,373.27,378.33,TYPE_A,1836,0.416,0.907,120.06,122.76,122.59,24.83,1,ire_ptfe_701_plc
701,2026-01-01 08:25:00,OP101,JOB3001,,2,50.36,48.85,148.98,218.52,339.64,60.58,28.78,30.06,49.35,119.35,122.44,376.27,375.35,376.5,375.24,374.75,5.044,0.028,350.27,2026-01-01 08:25:00,RS001,50,1,373.26,374.71,TYPE_A,1932,0.556,0.919,120.52,122,122.51,24.15,1,ire_ptfe_701_plc
701,2026-01-01 08:25:10,OP101,JOB3001,,2,49.79,48.3,150.96,222.29,339.55,60.35,28.77,30.26,48.79,118.37,121.3,374.64,376.44,375.49,379.37,372.03,4.951,0.035,348.97,2026-01-01 08:25:10,RS001,50,1,376.02,378.41,TYPE_A,1651,0.587,0.994,122.87,124.64,125.93,24.85,1,ire_ptfe_701_plc
701,2026-01-01 08:25:20,OP101,JOB3001,,2,49.33,47.85,148.33,219.79,338.5,57.67,31.01,30.46,48.34,119.6,122.4,376.21,373.21,375.18,379.38,377.63,5.041,0.039,352.65,2026-01-01 08:25:20,RS001,50,1,378,379.3,TYPE_A,1805,0.402,0.942,122,124.85,124.33,24.45,1,ire_ptfe_701_plc
701,2026-01-01 08:25:30,OP101,JOB3001,,2,50.74,49.22,153.4,219.49,339.34,61.32,30.64,30.66,49.73,118.51,121.16,374.61,377.19,375.93,375.58,373.75,5.018,0.027,350.6,2026-01-01 08:25:30,RS001,50,1,378.98,378.97,TYPE_A,1625,0.471,0.91,123.36,122.78,124.85,24.32,1,ire_ptfe_701_plc
701,2026-01-01 08:25:40,OP101,JOB3001,,2,50.2,48.69,154.44,222.07,341.03,59.37,30.68,30.86,49.2,118.52,122.81,375.65,373.07,373.41,375.99,376.63,5.009,0.036,352.48,2026-01-01 08:25:40,RS001,50,1,374.67,374.49,TYPE_B,1603,0.452,0.982,123.51,122.51,125.3,24.13,1,ire_ptfe_701_plc
701,2026-01-01 08:25:50,OP101,JOB3001,,2,50.14,48.64,147.16,218.19,340.07,62.34,30.23,31.06,49.14,121.29,119.53,372.45,376.19,372.96,379.18,376.84,5.002,0.031,347.18,2026-01-01 08:25:50,RS001,50,1,376.36,378.47,TYPE_A,1523,0.552,0.911,123.51,123.95,124.54,25.47,1,ire_ptfe_701_plc
701,2026-01-01 08:26:00,OP101,JOB3001,,2,49.33,47.85,147.63,221.83,341.78,59.51,29.9,31.26,48.34,121.68,120.02,372.86,375.37,375.13,377.97,376.47,4.986,0.029,348.1,2026-01-01 08:26:00,RS001,50,1,377.88,379.51,TYPE_A,1797,0.509,0.974,121,122.97,124.38,25.76,1,ire_ptfe_701_plc
701,2026-01-01 08:26:10,OP101,JOB3001,,2,50.4,48.89,146.03,221.14,340.84,57.61,30.58,31.46,49.39,120.45,119.89,376.55,375.77,375.48,378.07,376.15,5.014,0.027,351.99,2026-01-01 08:26:10,RS001,50,1,378.76,377.99,TYPE_B,1909,0.458,0.917,123.62,124.44,124.49,25.5,1,ire_ptfe_701_plc
701,2026-01-01 08:26:20,OP101,JOB3001,,2,49.95,48.45,147.66,222,341.01,62.19,28.69,31.66,48.95,121.96,121.62,373.78,378.56,373.32,378.43,375.67,4.966,0.026,352,2026-01-01 08:26:20,RS001,50,1,374.61,376.59,TYPE_B,1697,0.497,0.958,121.02,124.46,123.2,25.37,1,ire_ptfe_701_plc
701,2026-01-01 08:26:30,OP101,JOB3001,,2,49.62,48.13,151.48,219.22,339.96,59.7,29.16,31.86,48.63,120.06,122.59,373.36,373.16,371.23,375.35,373.37,4.973,0.022,351.41,2026-01-01 08:26:30,RS001,50,1,374.06,379.7,TYPE_B,1439,0.435,0.941,123.13,122.71,124.91,24.87,1,ire_ptfe_701_plc
701,2026-01-01 08:26:40,OP101,JOB3001,,2,49.49,48.01,153.73,222.93,339.73,62.78,30.21,32.06,48.5,121.22,120.08,377.15,377.49,373.28,377.18,373.22,5.029,0.032,352.92,2026-01-01 08:26:40,RS001,50,1,376.27,375.77,TYPE_B,1370,0.572,0.982,120.42,122.81,124.47,24.78,1,ire_ptfe_701_plc
701,2026-01-01 08:26:50,OP101,JOB3001,,2,50.66,49.14,148.12,217.6,340.85,60.83,31.64,32.26,49.65,118,121.09,374.5,376.62,373.65,374.9,375.2,4.97,0.03,351.43,2026-01-01 08:26:50,RS001,50,1,377.66,376.33,TYPE_A,1120,0.481,0.931,120.89,123.54,122.87,25.89,1,ire_ptfe_701_plc
701,2026-01-01 08:27:00,OP101,JOB3001,,2,50.64,49.12,145.23,217.97,339.77,58.18,30.88,32.46,49.63,121.82,120,373.91,373.03,372.13,375.2,375.13,5.019,0.021,351.24,2026-01-01 08:27:00,RS001,50,1,378.86,375.33,TYPE_B,1628,0.562,0.939,123.59,121.29,125.84,24.21,1,ire_ptfe_701_plc
701,2026-01-01 08:27:10,OP101,JOB3001,,2,50.6,49.08,150.76,222.69,339.55,60.41,30.79,32.67,49.59,118.46,119.11,375.57,374.7,373.4,378.87,372.71,4.971,0.024,351.22,2026-01-01 08:27:10,RS001,50,1,378.16,379.14,TYPE_B,1402,0.497,0.924,123.82,122.77,123.05,25.46,1,ire_ptfe_701_plc
701,2026-01-01 08:27:20,OP101,JOB3001,,2,49.92,48.42,152.74,222.04,341.62,60.58,29.27,32.87,48.92,119.32,121.86,372.43,378.26,376.11,378.53,377.22,4.968,0.023,350.51,2026-01-01 08:27:20,RS001,50,1,373.45,377.96,TYPE_A,1271,0.581,0.935,121.03,124.75,124.45,24.97,1,ire_ptfe_701_plc
701,2026-01-01 08:27:30,OP101,JOB3001,,2,49.42,47.94,152.63,219.37,341.79,60.32,29.05,33.07,48.43,118.64,122.13,372.28,376.59,373.08,378.2,375.95,4.97,0.028,349.76,2026-01-01 08:27:30,RS001,50,1,373.22,375.55,TYPE_A,1710,0.411,0.981,120.79,124.66,122.17,25.46,1,ire_ptfe_701_plc
701,2026-01-01 08:27:40,OP101,JOB3001,,2,50.42,48.91,150.06,219.41,340.18,60.49,29.88,33.27,49.41,118.43,120.78,374.93,375.88,371.39,374.61,375.1,5.024,0.034,349.95,2026-01-01 08:27:40,RS001,50,1,378.94,378.97,TYPE_A,1093,0.541,0.944,120.44,123.04,122.17,25.98,1,ire_ptfe_701_plc
701,2026-01-01 08:27:50,OP101,JOB3001,,2,50.61,49.09,151.98,218.32,341.12,62.3,31.31,33.47,49.6,119.98,121.16,374.32,376.2,371.87,377.82,377.06,5.046,0.031,350.52,2026-01-01 08:27:50,RS001,50,1,374.35,378.4,TYPE_B,1553,0.557,0.918,120.16,121.53,122.89,24.65,1,ire_ptfe_701_plc
701,2026-01-01 08:28:00,OP101,JOB3001,,2,49.85,48.35,146.56,220.61,339.26,59.1,28.18,33.67,48.85,119.95,120.19,376.35,378.6,373.82,378.53,375.47,5.007,0.036,349.17,2026-01-01 08:28:00,RS001,50,1,376.46,377.1,TYPE_B,1581,0.587,0.968,123.44,121.74,125.55,25.36,1,ire_ptfe_701_plc
701,2026-01-01 08:28:10,OP101,JOB3001,,2,50.13,48.63,151.95,217.88,339.34,58.93,30.28,33.87,49.13,118.15,119.52,377.44,378.39,371.49,378.31,377.86,4.972,0.03,347.61,2026-01-01 08:28:10,RS001,50,1,373.69,378.41,TYPE_A,1389,0.499,0.995,120.54,122.12,123.96,24.69,1,ire_ptfe_701_plc
701,2026-01-01 08:28:20,OP101,JOB3001,,2,49.72,48.23,152.62,218.35,338.5,57.92,31.38,34.07,48.73,119.53,120.52,377.47,377.4,374.38,375.3,376.38,4.968,0.032,352.44,2026-01-01 08:28:20,RS001,50,1,376.94,378.06,TYPE_B,1361,0.413,0.935,122.66,123.63,123.99,25.55,1,ire_ptfe_701_plc
701,2026-01-01 08:28:30,OP101,JOB3001,,2,49.7,48.21,150.26,221.68,339.36,61.64,30.37,34.27,48.71,118.01,120.27,372.26,376.51,374.88,376.7,373.64,4.991,0.033,349.36,2026-01-01 08:28:30,RS001,50,1,373.5,379.27,TYPE_A,1706,0.51,0.933,122.36,122.18,123.85,25.44,1,ire_ptfe_701_plc
701,2026-01-01 08:28:40,OP101,JOB3001,,2,49.22,47.74,149.48,217.52,340.2,60.02,28.99,34.47,48.24,119.59,120.44,375.13,374.33,375.02,376.87,376.25,5.02,0.028,351.75,2026-01-01 08:28:40,RS001,50,1,378.88,375.8,TYPE_B,1112,0.539,0.974,120.33,124.18,122,24.85,1,ire_ptfe_701_plc
701,2026-01-01 08:28:50,OP101,JOB3001,,2,50.59,49.07,150.83,219.41,339.37,61.58,30.13,34.67,49.58,120.07,121.52,372.64,373.56,374.14,375.29,377.52,5.027,0.036,351.64,2026-01-01 08:28:50,RS001,50,1,377.64,377.8,TYPE_B,1477,0.402,0.929,123.93,124.67,122.62,25.06,1,ire_ptfe_701_plc
701,2026-01-01 08:29:00,OP101,JOB3001,,2,49.29,47.81,151.72,217.18,339.45,57.05,28.1,34.87,48.3,122,122.74,374.36,376.5,373.38,379.04,372.94,5.017,0.038,350.62,2026-01-01 08:29:00,RS001,50,1,374.26,377.3,TYPE_B,1843,0.44,0.901,121.29,124.51,122.17,25.45,1,ire_ptfe_701_plc
701,2026-01-01 08:29:10,OP101,JOB3001,,2,49.34,47.86,150.84,223,340.52,61.55,30.31,35.07,48.35,121.91,120.79,372.95,378.96,371.89,375.25,372.49,5.032,0.03,347.23,2026-01-01 08:29:10,RS001,50,1,373.88,377.15,TYPE_B,1518,0.498,0.978,121.35,122.63,123.35,25.16,1,ire_ptfe_701_plc
701,2026-01-01 08:29:20,OP101,JOB3001,,2,49.57,48.08,153.33,218.18,338.62,60.51,29.15,35.27,48.58,121.83,119.32,374.69,377.51,375.46,379.92,374.86,4.985,0.028,348.29,2026-01-01 08:29:20,RS001,50,1,378.29,378.92,TYPE_B,1663,0.491,0.944,123.06,123.84,124.16,25.81,1,ire_ptfe_701_plc
701,2026-01-01 08:29:30,OP101,JOB3001,,2,49.54,48.05,151.52,219.43,338.38,57.81,28.31,35.47,48.55,121.5,120.61,376.32,378.53,376.51,379.45,373.16,5.006,0.032,348.22,2026-01-01 08:29:30,RS001,50,1,378.13,374.79,TYPE_A,1349,0.532,0.915,123.75,124.75,124.14,24.74,1,ire_ptfe_701_plc
701,2026-01-01 08:29:40,OP101,JOB3001,,2,49.67,48.18,151.54,222.02,338.26,58.86,31.13,35.67,48.68,120.5,119.22,374.04,375.05,376.84,375.49,377.2,4.968,0.027,352.46,2026-01-01 08:29:40,RS001,50,1,377,376.63,TYPE_B,1195,0.566,0.952,120.53,122.08,123.14,24.85,1,ire_ptfe_701_plc
701,2026-01-01 08:29:50,OP101,JOB3001,,2,50.18,48.67,153.54,219.88,340.83,58.05,30,35.87,49.18,120.03,122.44,375.68,378.97,374.34,377.13,377.98,4.972,0.037,352.81,2026-01-01 08:29:50,RS001,50,1,373.04,379.09,TYPE_A,1090,0.512,0.925,123.74,124.84,125.41,25.86,1,ire_ptfe_701_plc
701,2026-01-01 08:30:00,OP101,JOB3001,,2,49.72,48.23,151.05,222.77,341.17,59.08,31.2,36.07,48.73,120.84,120.53,375.19,374.06,376.24,376.01,376.92,5.017,0.027,351.01,2026-01-01 08:30:00,RS001,50,1,378.75,378,TYPE_A,1766,0.518,0.999,121.45,124.03,124.56,24.21,1,ire_ptfe_701_plc
701,2026-01-01 08:30:10,OP101,JOB3001,,2,49.62,48.13,151.02,222.81,340.5,59.66,30.03,36.27,48.63,118.7,122.15,372.18,377.99,376.94,378.93,375.93,5.014,0.036,352.69,2026-01-01 08:30:10,RS001,50,1,376.05,374.42,TYPE_B,1879,0.523,0.971,120.38,124.15,122.96,24.26,1,ire_ptfe_701_plc
701,2026-01-01 08:30:20,OP101,JOB3001,,2,49.57,48.08,150.31,217.11,339.06,58.3,28.91,36.47,48.58,120.12,120.11,373.31,373.41,371.54,374.83,373.66,5.014,0.027,347.4,2026-01-01 08:30:20,RS001,50,1,376.65,379.09,TYPE_B,1762,0.511,0.999,120.91,123.13,122.53,25.43,1,ire_ptfe_701_plc
701,2026-01-01 08:30:30,OP101,JOB3001,,2,49.56,48.07,153.11,218.38,338.52,61.13,31.25,36.67,48.57,120.46,120.85,374.66,373.31,375.09,374.51,373.34,4.981,0.025,349.14,2026-01-01 08:30:30,RS001,50,1,376.87,378.39,TYPE_A,1681,0.408,0.947,121.92,122.09,123.78,24.23,1,ire_ptfe_701_plc
701,2026-01-01 08:30:40,OP101,JOB3001,,2,50.34,48.83,150.12,220.74,340.26,60.24,28.77,36.87,49.33,119.71,119.59,374.93,373.62,375.49,375.77,374.54,5.026,0.033,348.85,2026-01-01 08:30:40,RS001,50,1,375.59,376.37,TYPE_B,1159,0.581,0.92,120.85,123.99,125.41,24.46,1,ire_ptfe_701_plc
701,2026-01-01 08:30:50,OP101,JOB3001,,2,50.58,49.06,151.31,217.79,341.9,62.5,29.88,37.07,49.57,118.18,119.05,377.09,378.9,371.1,378.55,372.53,5.05,0.03,350.96,2026-01-01 08:30:50,RS001,50,1,375.97,374.48,TYPE_A,1596,0.579,0.96,121.56,124.51,125.5,24.82,1,ire_ptfe_701_plc
701,2026-01-01 08:31:00,OP101,JOB3001,,2,49.26,47.78,146.58,220.85,341.16,60.16,29.68,37.27,48.27,119.84,119.97,377.37,375.57,376.17,374.73,372.4,5.026,0.029,351.32,2026-01-01 08:31:00,RS001,50,1,376.93,376.68,TYPE_B,1109,0.475,0.915,120.39,122.06,122.39,24.73,1,ire_ptfe_701_plc
701,2026-01-01 08:31:10,OP101,JOB3001,,2,49.78,48.29,154.38,220.96,339.65,58.81,29.88,37.47,48.78,121.21,120.32,376.47,375.05,374.75,378.61,374.82,4.978,0.021,348.18,2026-01-01 08:31:10,RS001,50,1,377.11,379.75,TYPE_A,1158,0.435,0.965,121.26,124.44,123.23,24.44,1,ire_ptfe_701_plc
701,2026-01-01 08:31:20,OP101,JOB3001,,2,50.74,49.22,146.81,219.79,338.65,58.42,31.78,37.68,49.73,121.3,121.52,377.34,374.61,373.42,375.05,373.35,5.045,0.04,350.97,2026-01-01 08:31:20,RS001,50,1,375.71,376.5,TYPE_A,1911,0.516,0.966,122.06,121.45,123.12,25.38,1,ire_ptfe_701_plc
701,2026-01-01 08:31:30,OP101,JOB3001,,2,49.34,47.86,145.29,218.11,340.76,61.33,28.15,37.88,48.35,118.33,121.78,376.43,375.27,375.86,375.88,375.35,5.039,0.03,352.93,2026-01-01 08:31:30,RS001,50,1,377.82,376.97,TYPE_A,1757,0.579,0.902,122.3,124.56,122.38,25.03,1,ire_ptfe_701_plc
701,2026-01-01 08:31:40,OP101,JOB3001,,2,49.22,47.74,148.26,218.41,338.68,58.1,29.09,38.08,48.24,119.38,122.02,376.27,375.71,375.59,379.46,376.53,5.004,0.023,348.48,2026-01-01 08:31:40,RS001,50,1,376.34,379.16,TYPE_B,1618,0.457,0.903,122.33,124.68,123.73,24.17,1,ire_ptfe_701_plc
701,2026-01-01 08:31:50,OP101,JOB3001,,2,49.27,47.79,146.25,219.48,339.86,61.82,31.29,38.28,48.28,119,121.4,377.92,373.55,376.78,375.23,374.03,5.016,0.036,352.21,2026-01-01 08:31:50,RS001,50,1,375.65,378.98,TYPE_A,1795,0.511,0.91,120.22,121,125.6,25.58,1,ire_ptfe_701_plc
701,2026-01-01 08:32:00,OP101,JOB3001,,2,50.1,48.6,150.13,219.53,340.52,59.21,31.94,38.48,49.1,119.32,122.81,374.05,378.49,371.25,374.04,376.89,4.997,0.025,349.06,2026-01-01 08:32:00,RS001,50,1,374.94,378.66,TYPE_A,1105,0.406,0.945,121.29,122.42,123.37,25.86,1,ire_ptfe_701_plc
701,2026-01-01 08:32:10,OP101,JOB3001,,2,49.85,48.35,148.37,218.41,340.32,61.67,29.77,38.68,48.85,119.29,122.44,373.73,374.72,375.43,377.87,374.13,5.025,0.037,350.33,2026-01-01 08:32:10,RS001,50,1,375.67,374.95,TYPE_B,1435,0.57,0.956,122.9,124.33,123.55,24.85,1,ire_ptfe_701_plc
701,2026-01-01 08:32:20,OP101,JOB3001,,2,50.6,49.08,146.42,219.1,339.74,61.54,29.76,38.88,49.59,118.38,122.88,374.41,374.62,372.64,374.86,374.23,4.999,0.029,349.87,2026-01-01 08:32:20,RS001,50,1,374.86,378.94,TYPE_B,1906,0.449,0.97,121.29,122.14,123.18,25.01,1,ire_ptfe_701_plc
701,2026-01-01 08:32:30,OP101,JOB3001,,2,49.35,47.87,154.74,221.61,338.07,61.88,28.58,39.08,48.36,121.43,122.51,375.05,374.41,374.69,374.98,374.15,5.021,0.024,347.14,2026-01-01 08:32:30,RS001,50,1,377.64,379.48,TYPE_A,1126,0.564,0.996,121.69,121.11,122.56,24.07,1,ire_ptfe_701_plc
701,2026-01-01 08:32:40,OP101,JOB3001,,2,50.31,48.8,150.31,219.62,339.58,57.58,28.95,39.28,49.3,120.36,120.48,372.81,377.54,374.32,378.89,377.9,5.015,0.022,351.3,2026-01-01 08:32:40,RS001,50,1,377.32,377.31,TYPE_A,1125,0.516,0.995,120.68,124.99,124.86,25.95,1,ire_ptfe_701_plc
701,2026-01-01 08:32:50,OP101,JOB3001,,2,49.95,48.45,148.26,220.75,339.79,59.74,31.43,39.48,48.95,120.08,119.17,374.78,374.42,372.09,375.83,377.81,4.996,0.024,351.76,2026-01-01 08:32:50,RS001,50,1,378.2,374.97,TYPE_B,1328,0.486,0.909,120.37,124.66,124.28,25.53,1,ire_ptfe_701_plc
701,2026-01-01 08:33:00,OP101,JOB3001,,2,50.35,48.84,154.16,220.99,338.1,60,31.01,39.68,49.34,119.04,122.75,373.41,373.24,376.08,379.14,373.91,5.02,0.022,348.63,2026-01-01 08:33:00,RS001,50,1,373.01,376.85,TYPE_B,1257,0.497,0.934,122.65,121.59,124.2,25.37,1,ire_ptfe_701_plc
701,2026-01-01 08:33:10,OP101,JOB3001,,2,50.19,48.68,152.24,219.74,341.69,61.64,30.19,39.88,49.19,118.03,120.96,372.64,375.09,375.59,375.04,377.81,5.046,0.021,351.33,2026-01-01 08:33:10,RS001,50,1,375.9,374.98,TYPE_B,1292,0.496,0.936,121.61,122.86,122.96,25.15,1,ire_ptfe_701_plc
701,2026-01-01 08:33:20,OP101,JOB3001,,2,49.47,47.99,151.24,218.78,338.87,57.26,28.55,40.08,48.48,120.61,119.22,373.02,375.91,374.22,375.93,373,4.972,0.03,352.15,2026-01-01 08:33:20,RS001,50,1,375.59,378.63,TYPE_A,1629,0.486,0.964,123.73,121.35,123.5,25.8,1,ire_ptfe_701_plc
701,2026-01-01 08:33:30,OP101,JOB3001,,2,49.38,47.9,153.77,221.67,341.62,62.79,29.67,40.28,48.39,119.88,122.68,375.43,377.58,375.41,377.99,377.62,4.966,0.028,352.58,2026-01-01 08:33:30,RS001,50,1,375.77,374.17,TYPE_A,1059,0.417,0.974,122.33,121.17,122.83,24.21,1,ire_ptfe_701_plc
701,2026-01-01 08:33:40,OP101,JOB3001,,2,49.45,47.97,148.37,221.12,338.23,59.83,30.39,40.48,48.46,121.27,119.06,376.52,375.71,371.17,374.08,372.95,5.024,0.027,349.88,2026-01-01 08:33:40,RS001,50,1,377.13,375.31,TYPE_A,1332,0.451,0.939,122.07,124.77,123.59,24.76,1,ire_ptfe_701_plc
701,2026-01-01 08:33:50,OP101,JOB3001,,2,49.8,48.31,150.34,219.76,339.28,58.9,28.83,40.68,48.8,120.49,121.64,376.33,378.34,371.7,374.05,374.17,5,0.036,350.46,2026-01-01 08:33:50,RS001,50,1,374.89,378.99,TYPE_B,1572,0.512,0.977,123.96,122.48,125.57,25.15,1,ire_ptfe_701_plc
701,2026-01-01 08:34:00,OP101,JOB3001,,2,50.73,49.21,148.74,217.47,341.34,60.81,29.88,40.88,49.72,118.77,120.45,376.46,375.09,376.27,375.75,374.77,4.983,0.027,348.39,2026-01-01 08:34:00,RS001,50,1,378.91,378.66,TYPE_B,1152,0.432,0.903,123.11,121.92,122.93,25.14,1,ire_ptfe_701_plc
701,2026-01-01 08:34:10,OP101,JOB3001,,2,50.01,48.51,146.26,222.25,339.42,62.1,29.67,41.08,49.01,120.53,122.5,376.06,375.22,371.77,376.4,376.49,4.984,0.034,347.71,2026-01-01 08:34:10,RS001,50,1,378.62,374.18,TYPE_B,1631,0.461,0.91,121.34,122.99,125.28,24.87,1,ire_ptfe_701_plc
701,2026-01-01 08:34:20,OP101,JOB3001,,2,49.59,48.1,147.96,222.88,340.83,62.42,31.07,41.28,48.6,121.16,119.39,376.48,378.52,373.27,374.22,376.05,4.957,0.028,349.95,2026-01-01 08:34:20,RS001,50,1,373.63,375.73,TYPE_B,1366,0.419,0.975,122.63,124.08,123.48,24.32,1,ire_ptfe_701_plc
701,2026-01-01 08:34:30,OP101,JOB3001,,2,49.64,48.15,152.86,222.25,341.36,61.52,31,41.48,48.65,121.17,120.13,377.38,375.24,374.35,374.66,375.99,5.039,0.039,350.57,2026-01-01 08:34:30,RS001,50,1,378.75,377.7,TYPE_A,1945,0.459,0.983,122.22,123.18,123.87,24.98,1,ire_ptfe_701_plc
701,2026-01-01 08:34:40,OP101,JOB3001,,2,50.07,48.57,148.24,218.13,340.83,60.85,30.59,41.68,49.07,121.85,119.11,375.78,376.04,371.85,376.52,373.17,5.025,0.035,350.12,2026-01-01 08:34:40,RS001,50,1,376.76,375.17,TYPE_B,1233,0.462,0.941,121.38,123.65,125.11,24.36,1,ire_ptfe_701_plc
701,2026-01-01 08:34:50,OP101,JOB3001,,2,49.58,48.09,152.1,220.11,340.87,62.47,28.56,41.88,48.59,120.11,120.26,377.37,376.76,371.33,377.05,375.55,5.033,0.026,351.99,2026-01-01 08:34:50,RS001,50,1,378.97,378.5,TYPE_A,1442,0.445,0.923,120.49,124.54,122.24,24.88,1,ire_ptfe_701_plc
701,2026-01-01 08:35:00,OP101,JOB3001,,2,49.99,48.49,147.39,219.61,338.69,62.55,31.85,42.08,48.99,118.19,119.39,377.06,377.59,372.21,374.18,375.12,5.023,0.025,349.92,2026-01-01 08:35:00,RS001,50,1,377.92,377.19,TYPE_B,1825,0.538,0.977,122.66,122.29,124.77,24.38,1,ire_ptfe_701_plc
701,2026-01-01 08:35:10,OP101,JOB3001,,2,49.37,47.89,145.11,221.44,338.61,59.36,28.36,42.28,48.38,119.87,119.06,373.7,376.96,372.03,379.52,376.55,4.956,0.022,348.88,2026-01-01 08:35:10,RS001,50,1,378.23,377.46,TYPE_A,1700,0.514,0.949,121.09,124.87,124.36,24.88,1,ire_ptfe_701_plc
701,2026-01-01 08:35:20,OP101,JOB3001,,2,50.43,48.92,152.92,217.45,338.21,62.01,31.82,42.48,49.42,121.59,121.59,372.94,377.95,371.8,377.64,377.53,5.032,0.039,349.95,2026-01-01 08:35:20,RS001,50,1,378.42,376.39,TYPE_B,1763,0.541,0.935,120.43,122.83,125.38,24.41,1,ire_ptfe_701_plc
701,2026-01-01 08:35:30,OP101,JOB3001,,2,49.75,48.26,147.81,222.07,341.48,62.15,29.93,42.69,48.76,119.37,120.51,372.8,377.29,376.02,376.02,377.09,4.997,0.038,347.59,2026-01-01 08:35:30,RS001,50,1,373.82,379.87,TYPE_B,1757,0.487,0.977,123.2,123.15,122.48,24.54,1,ire_ptfe_701_plc
701,2026-01-01 08:35:40,OP101,JOB3001,,2,49.87,48.37,145.74,221.62,340.06,60.4,29.54,42.89,48.87,121.87,120.66,374.92,377.26,372.57,376.76,374.2,5.017,0.03,349.81,2026-01-01 08:35:40,RS001,50,1,375.82,377,TYPE_A,1053,0.499,0.974,122.49,121.93,123.39,25.3,1,ire_ptfe_701_plc
701,2026-01-01 08:35:50,OP101,JOB3001,,2,49.94,48.44,150.18,220.92,341.54,60.9,30.11,43.09,48.94,121.52,122.35,377.78,375.07,374.27,376.85,373.43,5.004,0.035,351.02,2026-01-01 08:35:50,RS001,50,1,376.74,374.36,TYPE_B,1223,0.458,0.909,123.67,121.41,124.82,24.11,1,ire_ptfe_701_plc
701,2026-01-01 08:36:00,OP101,JOB3001,,2,49.22,47.74,148.25,220.69,340.64,59.54,30.07,43.29,48.24,119.82,122.13,373.51,373.46,376.23,379.16,376.3,4.967,0.024,351.98,2026-01-01 08:36:00,RS001,50,1,376.43,374.85,TYPE_A,1107,0.418,0.955,121.01,124.52,122.87,25.67,1,ire_ptfe_701_plc
701,2026-01-01 08:36:10,OP101,JOB3001,,2,49.93,48.43,153.49,220.09,338.25,61.36,29.56,43.49,48.93,118.1,119.39,373.32,375.32,372.73,375.9,376.32,4.957,0.034,350.73,2026-01-01 08:36:10,RS001,50,1,373.28,375.16,TYPE_A,1956,0.514,0.934,121.12,122.35,123.26,25.31,1,ire_ptfe_701_plc
701,2026-01-01 08:36:20,OP101,JOB3001,,2,49.87,48.37,151.58,221.41,340.81,60.02,31.34,43.69,48.87,118.75,120.16,373.78,377.44,372.05,375.85,377.99,4.997,0.031,351.56,2026-01-01 08:36:20,RS001,50,1,378.12,379.94,TYPE_B,1250,0.421,0.908,121.66,121.29,124.29,24.92,1,ire_ptfe_701_plc
701,2026-01-01 08:36:30,OP101,JOB3001,,2,49.23,47.75,148.7,219.84,338.41,58.76,28.49,43.89,48.25,121.16,121.96,373.73,375.38,371.32,375.87,375.86,5.038,0.021,352.18,2026-01-01 08:36:30,RS001,50,1,377.19,375.03,TYPE_B,1755,0.451,0.965,122.54,122.31,124.18,25.31,1,ire_ptfe_701_plc
701,2026-01-01 08:36:40,OP101,JOB3001,,2,50.24,48.73,148.96,218.32,338.3,60.95,28.45,44.09,49.24,118.82,122.83,374.52,373.52,374.04,376.24,372.5,4.957,0.039,352.92,2026-01-01 08:36:40,RS001,50,1,373.43,379.7,TYPE_A,1080,0.483,0.934,123.53,124.13,125.93,24.26,1,ire_ptfe_701_plc
701,2026-01-01 08:36:50,OP101,JOB3001,,2,49.34,47.86,147.83,218.12,340.04,62.23,29.77,44.29,48.35,120.56,120.62,375.78,373.23,374.62,376.99,374.32,5.036,0.02,349.65,2026-01-01 08:36:50,RS001,50,1,377.43,374.57,TYPE_B,1465,0.431,0.944,121.94,122.36,124.26,25.4,1,ire_ptfe_701_plc
701,2026-01-01 08:37:00,OP101,JOB3001,,2,49.97,48.47,147.98,218.09,341.69,58.27,28.31,44.49,48.97,119.61,120.93,377.24,376.98,376.24,374.91,375.4,5.023,0.039,348.88,2026-01-01 08:37:00,RS001,50,1,376,379.43,TYPE_B,1504,0.423,0.993,122.99,121.34,124.53,24.69,1,ire_ptfe_701_plc
701,2026-01-01 08:37:10,OP101,JOB3001,,2,50.51,48.99,149.09,219.97,340.94,59.77,30.47,44.69,49.5,118.86,122.4,374.09,378.39,371.09,379.59,372.83,4.994,0.02,352.07,2026-01-01 08:37:10,RS001,50,1,373.25,376.78,TYPE_B,1145,0.529,0.964,120.24,122.05,123.28,24.4,1,ire_ptfe_701_plc
701,2026-01-01 08:37:20,OP101,JOB3001,,2,50.12,48.62,148.62,219.06,341.43,58.73,29.89,44.89,49.12,119.06,120.08,375.07,378.41,371.8,378.26,377.82,4.966,0.034,349.76,2026-01-01 08:37:20,RS001,50,1,375.25,376.08,TYPE_B,1159,0.432,0.981,123.72,124.62,122.51,25.3,1,ire_ptfe_701_plc
701,2026-01-01 08:37:30,OP101,JOB3001,,2,50.54,49.02,148.62,222.96,339.99,58.01,31.25,45.09,49.53,121.41,122.41,374.85,375.6,375.02,374.01,374,5.012,0.038,349.13,2026-01-01 08:37:30,RS001,50,1,373.51,376.78,TYPE_B,1532,0.534,0.93,123.69,122.7,125.25,25.5,1,ire_ptfe_701_plc
701,2026-01-01 08:37:40,OP101,JOB3001,,2,50,48.5,147.61,221.39,339.03,61.3,30.69,45.29,49,121.7,122.6,376.07,377.2,376.86,379.06,375.54,5.006,0.029,349.91,2026-01-01 08:37:40,RS001,50,1,377.25,374.56,TYPE_A,1661,0.59,0.982,120.8,122.06,122.84,25.34,1,ire_ptfe_701_plc
701,2026-01-01 08:37:50,OP101,JOB3001,,2,50.66,49.14,154.8,218.65,338.34,61.04,31.3,45.49,49.65,120.24,120.41,373.7,376.93,374.96,379.13,376.11,5.034,0.03,348.42,2026-01-01 08:37:50,RS001,50,1,374.91,377.73,TYPE_A,1420,0.4,0.915,123.24,124.97,122.7,25.1,1,ire_ptfe_701_plc
701,2026-01-01 08:38:00,OP101,JOB3001,,2,49.79,48.3,147.81,222.32,338.21,59.84,30.23,45.69,48.79,120.74,119.58,375.79,376.46,376.72,375.18,377.61,4.984,0.025,351.85,2026-01-01 08:38:00,RS001,50,1,375.28,374.06,TYPE_B,1504,0.51,0.963,122.14,124.86,124.52,24.15,1,ire_ptfe_701_plc
701,2026-01-01 08:38:10,OP101,JOB3001,,2,49.4,47.92,151.42,217.63,338.24,57.42,28.04,45.89,48.41,120.86,119.41,376.51,378.07,376.04,379.63,377.87,4.981,0.027,348.24,2026-01-01 08:38:10,RS001,50,1,375.26,375.62,TYPE_B,1767,0.459,0.973,123.84,122.57,122.33,25.46,1,ire_ptfe_701_plc
701,2026-01-01 08:38:20,OP101,JOB3001,,2,49.64,48.15,150.24,219.56,341.7,59.94,29.49,46.09,48.65,121.05,120.17,375.6,374.65,373.06,375.65,372.31,5.045,0.02,348.17,2026-01-01 08:38:20,RS001,50,1,376.48,374.24,TYPE_B,1293,0.408,0.994,121.82,122.29,124.84,25.6,1,ire_ptfe_701_plc
701,2026-01-01 08:38:30,OP101,JOB3001,,2,50.55,49.03,154.93,222.25,341.77,61.38,28.04,46.29,49.54,120.24,122.79,372.69,376.73,372.55,375.75,375.02,5.048,0.031,347.11,2026-01-01 08:38:30,RS001,50,1,374.02,377.03,TYPE_B,1400,0.412,0.945,120.82,122.37,124.57,25.28,1,ire_ptfe_701_plc
701,2026-01-01 08:38:40,OP101,JOB3001,,2,50.58,49.06,149.03,222.05,339.43,57.96,29.86,46.49,49.57,120.19,119.91,376.8,375.57,371.48,374.26,373.92,4.985,0.021,348.22,2026-01-01 08:38:40,RS001,50,1,375.6,377.81,TYPE_B,1297,0.514,0.952,123.55,122.72,125.81,24.22,1,ire_ptfe_701_plc
701,2026-01-01 08:38:50,OP101,JOB3001,,2,50.1,48.6,149.76,219.28,341.48,60.04,30.51,46.69,49.1,121.37,122.14,375.3,376.01,371.32,374.65,376.97,5.035,0.036,348.5,2026-01-01 08:38:50,RS001,50,1,377.49,379.55,TYPE_B,1882,0.431,0.936,120.22,121.63,122.68,25.71,1,ire_ptfe_701_plc
701,2026-01-01 08:39:00,OP101,JOB3001,,2,49.4,47.92,146.56,221.22,340.86,59.32,30,46.89,48.41,118.34,121.32,376.68,374.9,372.82,375.69,377.92,4.977,0.035,350.1,2026-01-01 08:39:00,RS001,50,1,375.43,378.79,TYPE_A,1290,0.572,0.987,123.57,124.09,123.9,25.83,1,ire_ptfe_701_plc
701,2026-01-01 08:39:10,OP101,JOB3001,,2,50.59,49.07,151,220.93,340.84,61.9,28.75,47.09,49.58,120.29,120.27,377,377.27,373.4,374.53,372.61,4.998,0.034,350.88,2026-01-01 08:39:10,RS001,50,1,378.15,378.46,TYPE_B,1203,0.414,0.911,123.11,121.22,125.71,24.41,1,ire_ptfe_701_plc
701,2026-01-01 08:39:20,OP101,JOB3001,,2,50.62,49.1,146.74,218.02,338.57,58.62,30.48,47.29,49.61,120.65,120.84,377.85,376.87,371.08,374.61,377.86,5.031,0.028,352.65,2026-01-01 08:39:20,RS001,50,1,374.8,379.18,TYPE_A,1219,0.465,0.966,120.3,121.16,125.1,24.38,1,ire_ptfe_701_plc
701,2026-01-01 08:39:30,OP101,JOB3001,,2,49.67,48.18,149.61,218.6,340.56,60.24,29.84,47.49,48.68,121.46,119.16,375.04,377.88,373.12,374.63,375.41,4.978,0.038,350.09,2026-01-01 08:39:30,RS001,50,1,374.23,374.25,TYPE_B,1891,0.453,0.962,121.64,121.97,122.91,24.34,1,ire_ptfe_701_plc
701,2026-01-01 08:39:40,OP101,JOB3001,,2,50.01,48.51,152.72,219.63,341.02,57.44,31.45,47.7,49.01,121.26,122.52,373.31,377.3,375.16,375.02,377.47,4.989,0.024,348.29,2026-01-01 08:39:40,RS001,50,1,375.52,377.35,TYPE_A,1143,0.471,0.902,123.97,124.22,122.24,24.02,1,ire_ptfe_701_plc
701,2026-01-01 08:39:50,OP101,JOB3001,,2,49.52,48.03,149.79,217.36,339.86,62.65,30.43,47.9,48.53,121.09,122.98,375.57,377.46,371.9,376.3,373.71,5.022,0.027,349.9,2026-01-01 08:39:50,RS001,50,1,374.4,375.87,TYPE_A,1594,0.476,0.901,120.14,124.59,122.62,24.99,1,ire_ptfe_701_plc
701,2026-01-01 08:40:00,OP101,JOB3001,,2,49.86,48.36,154.98,220.41,339.18,60.9,29.19,48.1,48.86,120.6,122.47,372.29,376.47,376.87,374.04,372.17,5.022,0.033,350.9,2026-01-01 08:40:00,RS001,50,1,375.83,375.24,TYPE_B,1853,0.58,0.911,120.08,122.5,122.18,25.33,1,ire_ptfe_701_plc
701,2026-01-01 08:40:10,OP101,JOB3001,,2,50.16,48.66,151.78,218.81,339.14,62.13,28.64,48.3,49.16,121.12,119.84,372.89,374.31,373.58,376.33,377.7,4.979,0.035,352.08,2026-01-01 08:40:10,RS001,50,1,377.83,376.8,TYPE_A,1626,0.427,0.961,122.2,121.57,125.56,24.66,1,ire_ptfe_701_plc
701,2026-01-01 08:40:20,OP101,JOB3001,,2,49.74,48.25,149.31,220.07,340.37,61.79,28.11,48.5,48.75,118.34,122.46,374.13,378.12,372.9,376.87,375.26,4.988,0.028,349.1,2026-01-01 08:40:20,RS001,50,1,374.32,377.02,TYPE_A,1467,0.485,0.963,123.53,122.32,125.76,25.75,1,ire_ptfe_701_plc
701,2026-01-01 08:40:30,OP101,JOB3001,,2,49.49,48.01,146.07,222.95,340.84,62.56,30.67,48.7,48.5,119.69,122.46,374.39,376.45,375.3,377.54,377.64,5.004,0.038,351.16,2026-01-01 08:40:30,RS001,50,1,373.01,378.66,TYPE_B,1280,0.527,0.954,122.6,122.1,122.86,24.59,1,ire_ptfe_701_plc
701,2026-01-01 08:40:40,OP101,JOB3001,,2,50.13,48.63,147.53,220.91,339.39,58.03,31.76,48.9,49.13,118.04,119.05,373.22,376.06,374.05,374.9,376.3,4.958,0.035,352.51,2026-01-01 08:40:40,RS001,50,1,378.12,374.93,TYPE_B,1509,0.516,0.909,122.72,122.81,122.38,24.1,1,ire_ptfe_701_plc
701,2026-01-01 08:40:50,OP101,JOB3001,,2,49.58,48.09,154.63,220.54,341.26,60,29.43,49.1,48.59,119.59,119.71,373.93,374.02,373.56,374.49,373.87,4.99,0.032,352.12,2026-01-01 08:40:50,RS001,50,1,373.02,379.55,TYPE_B,1188,0.423,0.963,121.78,124.51,124.55,25.41,1,ire_ptfe_701_plc
701,2026-01-01 08:41:00,OP101,JOB3001,,2,50.24,48.73,151.65,220.49,339.5,59.74,30.5,49.3,49.24,120.74,122.53,375.07,376.04,374.2,378.94,374.2,5.005,0.031,350.25,2026-01-01 08:41:00,RS001,50,1,374.16,377.89,TYPE_B,1227,0.509,0.977,121.17,121.41,125.24,24.18,1,ire_ptfe_701_plc
701,2026-01-01 08:41:10,OP101,JOB3001,,2,50.73,49.21,152.16,221.57,338.35,62.79,31.97,49.5,49.72,118.77,122.62,376.19,375.3,375.81,377.58,376.14,5.042,0.025,347,2026-01-01 08:41:10,RS001,50,1,376.83,379.78,TYPE_B,1600,0.401,0.963,122.57,122.28,125.11,24.14,1,ire_ptfe_701_plc
701,2026-01-01 08:41:20,OP101,JOB3001,,2,49.39,47.91,152.41,217.81,341.48,60.91,28.99,49.7,48.4,118.14,121.75,372.07,377.92,373.83,376.72,376.04,4.955,0.03,352.01,2026-01-01 08:41:20,RS001,50,1,373.78,375.6,TYPE_A,1454,0.415,0.968,123.4,124.32,124.63,25.59,1,ire_ptfe_701_plc
701,2026-01-01 08:41:30,OP101,JOB3001,,2,49.57,48.08,151.81,220.56,339.12,58.38,28.36,49.9,48.58,121.87,119.23,374.73,375.44,374.38,374.27,375.97,4.962,0.04,348.23,2026-01-01 08:41:30,RS001,50,1,378.76,379.46,TYPE_B,1220,0.42,0.931,121.68,122.34,125.3,25.57,1,ire_ptfe_701_plc
701,2026-01-01 08:41:40,OP101,JOB3001,,2,50.78,49.26,149.07,220.33,341.63,59.92,30.68,50.1,49.76,121.39,121.7,376.08,376.84,371.34,377.5,376.29,4.99,0.024,350.44,2026-01-01 08:41:40,RS001,50,1,375.55,374.83,TYPE_A,1707,0.435,0.903,121.18,123.17,122.6,24.34,1,ire_ptfe_701_plc
701,2026-01-01 08:41:50,OP101,JOB3001,,2,50.77,49.25,148.75,218.93,341.57,57.31,31.52,50.3,49.75,121.96,121.85,373.95,374.81,372.09,376.97,372.74,5.019,0.026,348.06,2026-01-01 08:41:50,RS001,50,1,377.47,375.67,TYPE_B,1189,0.413,0.952,122.2,124,122.98,24.15,1,ire_ptfe_701_plc
701,2026-01-01 08:42:00,OP101,JOB3001,,2,50.45,48.94,152.05,219.69,340.77,60.57,30.56,50.5,49.44,118.41,119.66,376.56,374.81,372.58,377.61,373.65,4.953,0.04,351.29,2026-01-01 08:42:00,RS001,50,1,376.06,377,TYPE_A,1903,0.427,0.993,123.88,124.08,123.3,24.32,1,ire_ptfe_701_plc
701,2026-01-01 08:42:10,OP101,JOB3001,,2,50.54,49.02,154.49,217.92,341.84,57.66,30.2,50.7,49.53,119.73,121.25,375.06,375.82,374.03,376.16,373.55,5.033,0.026,349.45,2026-01-01 08:42:10,RS001,50,1,377.64,376.69,TYPE_B,1372,0.48,0.955,121.19,122.41,122.24,25.36,1,ire_ptfe_701_plc
701,2026-01-01 08:42:20,OP101,JOB3001,,2,50.19,48.68,152.67,222.13,338.55,59.95,30.59,50.9,49.19,121.65,120.81,376.01,377.69,372.71,379.41,375.68,4.951,0.031,351.66,2026-01-01 08:42:20,RS001,50,1,378.66,379.37,TYPE_B,1768,0.543,0.915,120.31,124.57,122.57,24.64,1,ire_ptfe_701_plc
701,2026-01-01 08:42:30,OP101,JOB3001,,2,49.36,47.88,152.59,217.61,338.36,61.71,28.36,51.1,48.37,119.58,122.95,376.68,376.04,375.06,374.8,376.92,5.015,0.039,347.47,2026-01-01 08:42:30,RS001,50,1,374.41,377.15,TYPE_B,1752,0.439,0.928,122.14,121.2,123.3,25.8,1,ire_ptfe_701_plc
701,2026-01-01 08:42:40,OP101,JOB3001,,2,50.62,49.1,154.71,217.21,340.43,59.41,30.98,51.3,49.61,121.6,119.56,376.27,376.13,371.86,378.13,376.25,4.99,0.04,350.69,2026-01-01 08:42:40,RS001,50,1,376.8,379.27,TYPE_A,1063,0.553,0.941,123.78,123.91,124.6,24.69,1,ire_ptfe_701_plc
701,2026-01-01 08:42:50,OP101,JOB3001,,2,50.23,48.72,146.26,221.16,341.99,57.09,31.55,51.5,49.23,118.09,120.01,375.76,377.09,371.02,375.59,372.34,4.978,0.037,348.64,2026-01-01 08:42:50,RS001,50,1,375.43,374.59,TYPE_A,1860,0.529,0.91,121.67,123.77,124.55,25.72,1,ire_ptfe_701_plc
701,2026-01-01 08:43:00,OP101,JOB3001,,2,50.74,49.22,151.25,220.88,340.07,61.34,28.73,51.7,49.73,120.36,122.47,377.09,374.45,371.35,374.07,374.47,4.995,0.027,348.42,2026-01-01 08:43:00,RS001,50,1,378.47,379.6,TYPE_A,1432,0.547,0.961,122.57,123.63,122.04,25.29,1,ire_ptfe_701_plc
701,2026-01-01 08:43:10,OP101,JOB3001,,2,50.62,49.1,149.69,219.51,341.51,58.61,31.88,51.9,49.61,121.88,119.38,376.96,375.66,373.85,378.14,377.75,4.976,0.022,352.4,2026-01-01 08:43:10,RS001,50,1,374.83,375.61,TYPE_B,1229,0.409,0.945,123.04,121.96,124.64,24.1,1,ire_ptfe_701_plc
701,2026-01-01 08:43:20,OP101,JOB3001,,2,50.47,48.96,150.51,219.25,339.25,58.56,30.87,52.1,49.46,121.06,122.33,374,377.91,376.72,376.01,372.67,5.008,0.035,348.28,2026-01-01 08:43:20,RS001,50,1,373.62,376.1,TYPE_B,1670,0.541,0.969,123.02,124.64,125.47,25.24,1,ire_ptfe_701_plc
701,2026-01-01 08:43:30,OP101,JOB3001,,2,50.66,49.14,151.22,217.02,339.32,60.24,31.04,52.3,49.65,118.69,120.87,376.88,374.55,373.55,377.16,372.46,4.966,0.035,352.34,2026-01-01 08:43:30,RS001,50,1,376.47,379.64,TYPE_B,1211,0.567,0.903,123.67,123.19,124.05,24.26,1,ire_ptfe_701_plc
701,2026-01-01 08:43:40,OP101,JOB3001,,2,49.59,48.1,150.47,217.23,340.46,58.79,28.78,52.51,48.6,121.33,119.26,372.87,373.32,376.74,378.24,372.74,5.031,0.032,352.11,2026-01-01 08:43:40,RS001,50,1,377.6,379.62,TYPE_B,1311,0.48,0.971,121.17,122.89,125.88,25.86,1,ire_ptfe_701_plc
701,2026-01-01 08:43:50,OP101,JOB3001,,2,50.22,48.71,145.02,219.38,338.15,58.79,31.23,52.71,49.22,121.12,122.53,376.68,373.12,376.9,375.08,377.39,5.039,0.033,352.73,2026-01-01 08:43:50,RS001,50,1,374.78,375.47,TYPE_B,1389,0.494,0.97,120.48,122.52,125.45,25.11,1,ire_ptfe_701_plc
701,2026-01-01 08:44:00,OP101,JOB3001,,2,50.69,49.17,145.33,222.53,340.81,58.35,29.39,52.91,49.68,119.36,120.87,374.56,376.65,373.29,377.49,374.19,4.994,0.023,348.64,2026-01-01 08:44:00,RS001,50,1,375.4,379.96,TYPE_B,1041,0.541,0.904,121.79,121.08,124.58,24.84,1,ire_ptfe_701_plc
701,2026-01-01 08:44:10,OP101,JOB3001,,2,50.77,49.25,153.71,220.25,339.91,60.36,30.3,53.11,49.75,120.25,121.77,372.14,377.11,373.78,376.78,374.32,4.951,0.027,349.56,2026-01-01 08:44:10,RS001,50,1,376.15,374.74,TYPE_B,1056,0.517,0.953,123.76,121.87,125.42,25.66,1,ire_ptfe_701_plc
701,2026-01-01 08:44:20,OP101,JOB3001,,2,49.99,48.49,154.7,221.72,341.55,57.81,28.34,53.31,48.99,121.42,119.95,377.9,378.9,372.26,379.6,374.23,5.044,0.029,350.33,2026-01-01 08:44:20,RS001,50,1,375.45,374.45,TYPE_B,1767,0.425,0.902,122.92,121.68,125.69,25.12,1,ire_ptfe_701_plc
701,2026-01-01 08:44:30,OP101,JOB3001,,2,50.51,48.99,148.2,218.76,341.47,58.93,28.35,53.51,49.5,120.05,120.92,375.82,373.69,372.39,376.54,372.12,5.038,0.033,347.84,2026-01-01 08:44:30,RS001,50,1,375.22,375.47,TYPE_B,1876,0.576,0.994,120.77,121.87,125.56,25.39,1,ire_ptfe_701_plc
701,2026-01-01 08:44:40,OP101,JOB3001,,2,50.71,49.19,150.11,219.86,338.91,58.75,29.34,53.71,49.7,118.84,120.49,372.09,375.39,372.3,374.57,377.28,4.981,0.029,350.29,2026-01-01 08:44:40,RS001,50,1,373.29,376.7,TYPE_A,1820,0.503,0.961,121.65,121.85,122.26,25.16,1,ire_ptfe_701_plc
701,2026-01-01 08:44:50,OP101,JOB3001,,2,49.71,48.22,147.21,221.13,340.62,61.03,31.16,53.91,48.72,121.01,119.11,375.14,376.61,372.2,376.5,376.66,4.953,0.037,347.96,2026-01-01 08:44:50,RS001,50,1,375.21,378.99,TYPE_B,1268,0.539,0.971,121.3,122.3,122.71,24.65,1,ire_ptfe_701_plc
701,2026-01-01 08:45:00,OP101,JOB3001,,2,50.06,48.56,147.49,221.81,339.46,58.61,29,54.11,49.06,119.23,119.29,375.21,376.9,373.92,377.59,372.4,5.017,0.033,352.53,2026-01-01 08:45:00,RS001,50,1,378.78,375.23,TYPE_B,1611,0.529,0.991,120.41,122.52,124.53,24.4,1,ire_ptfe_701_plc
701,2026-01-01 08:45:10,OP101,JOB3001,,2,50.07,48.57,149.39,222.5,338.22,60.68,31.51,54.31,49.07,118.86,121.98,372.57,378.58,376.46,374.88,377.11,5.007,0.039,352.73,2026-01-01 08:45:10,RS001,50,1,374,376.63,TYPE_A,1297,0.595,0.97,122.35,121.43,123.79,25.94,1,ire_ptfe_701_plc
701,2026-01-01 08:45:20,OP101,JOB3001,,2,50.25,48.74,147.56,221.97,341.87,58.01,30.43,54.51,49.24,120.94,121.49,374.49,377.72,376.59,379.01,373.79,5.038,0.028,348.78,2026-01-01 08:45:20,RS001,50,1,376.25,379.9,TYPE_B,1484,0.466,0.964,123.79,124.15,123,24.92,1,ire_ptfe_701_plc
701,2026-01-01 08:45:30,OP101,JOB3001,,2,49.78,48.29,154.98,220.3,339.18,59.8,30.53,54.71,48.78,118.75,121.95,372.85,374.26,376.41,378.9,378,4.963,0.023,350.65,2026-01-01 08:45:30,RS001,50,1,374.77,378.51,TYPE_B,1262,0.499,0.976,122.68,124.35,122.82,25.67,1,ire_ptfe_701_plc
701,2026-01-01 08:45:40,OP101,JOB3001,,2,50.35,48.84,152.4,222.93,338.07,59.15,30.66,54.91,49.34,120.47,121.73,373.2,375.15,374.18,376.2,376.55,5.04,0.039,350.86,2026-01-01 08:45:40,RS001,50,1,376.79,378.04,TYPE_B,1204,0.509,0.923,123.11,123.08,122.7,25.02,1,ire_ptfe_701_plc
701,2026-01-01 08:45:50,OP101,JOB3001,,2,49.5,48.02,147.84,219.49,338.56,59.52,29.23,55.11,48.51,119.55,122.04,377.57,375.15,372.89,377.3,375.28,5.022,0.029,352.23,2026-01-01 08:45:50,RS001,50,1,377.6,376.73,TYPE_A,1611,0.547,0.971,120.39,121.84,125.44,25.93,1,ire_ptfe_701_plc
701,2026-01-01 08:46:00,OP101,JOB3001,,2,50.49,48.98,154.52,220.15,338.46,61.46,30.84,55.31,49.48,118.67,122.29,377.12,377.75,374.49,374.63,377.16,4.957,0.038,348.82,2026-01-01 08:46:00,RS001,50,1,378.32,376.21,TYPE_B,1411,0.575,0.948,121.42,122.51,122.27,24.14,1,ire_ptfe_701_plc
701,2026-01-01 08:46:10,OP101,JOB3001,,2,50.39,48.88,148.97,220.1,338.26,61.63,29.51,55.51,49.38,119.99,121.33,376.5,377.16,375.41,377.28,377.79,5.033,0.038,352.63,2026-01-01 08:46:10,RS001,50,1,374.23,374.12,TYPE_B,1549,0.512,0.978,121.44,122.01,125.32,24.95,1,ire_ptfe_701_plc
701,2026-01-01 08:46:20,OP101,JOB3001,,2,49.82,48.33,147.57,220.6,338.23,61.81,30.01,55.71,48.82,120.77,119.3,374.93,373.18,371.59,376.84,376.98,4.975,0.038,349.36,2026-01-01 08:46:20,RS001,50,1,377.53,378.64,TYPE_A,1262,0.572,0.991,123.41,122.93,125.51,25.77,1,ire_ptfe_701_plc
701,2026-01-01 08:46:30,OP101,JOB3001,,2,50.1,48.6,146.63,222.43,339.63,61.15,31.38,55.91,49.1,121.67,120.44,375.88,373.27,376.56,379.67,372.05,5.015,0.035,347.27,2026-01-01 08:46:30,RS001,50,1,375.58,376.96,TYPE_B,1125,0.515,0.978,121.5,121.21,125.68,24.1,1,ire_ptfe_701_plc
701,2026-01-01 08:46:40,OP101,JOB3001,,2,50.64,49.12,148.36,218.59,338.68,61.83,28.45,56.11,49.63,120.68,121.16,376.06,374.44,371.67,376.5,376.65,5.024,0.027,350.87,2026-01-01 08:46:40,RS001,50,1,378.23,378.85,TYPE_A,1020,0.559,0.918,123.07,122.75,123.32,24.65,1,ire_ptfe_701_plc
701,2026-01-01 08:46:50,OP101,JOB3001,,2,50.59,49.07,145.77,222.89,338.91,61.93,31.53,56.31,49.58,120.06,119.56,375.08,374.79,374.58,377.04,375.29,5.007,0.026,350.07,2026-01-01 08:46:50,RS001,50,1,376,379.7,TYPE_A,1076,0.522,0.957,121.98,121.23,123.76,24.75,1,ire_ptfe_701_plc
701,2026-01-01 08:47:00,OP101,JOB3001,,2,49.64,48.15,146.6,219.99,341.37,59.29,31.38,56.51,48.65,120.42,121.62,374.76,373.11,376.41,377.47,377.5,4.956,0.031,349.58,2026-01-01 08:47:00,RS001,50,1,374.4,378.59,TYPE_B,1427,0.578,0.986,122.27,123.73,125.49,24.75,1,ire_ptfe_701_plc
701,2026-01-01 08:47:10,OP101,JOB3001,,2,50.09,48.59,147.66,219.44,338.55,60.99,29.77,56.71,49.09,118.87,119.46,373.9,375.44,376.97,377.14,377.29,4.952,0.024,347.15,2026-01-01 08:47:10,RS001,50,1,373.99,379.26,TYPE_A,1512,0.525,0.995,121.95,122.34,125.34,25.92,1,ire_ptfe_701_plc
701,2026-01-01 08:47:20,OP101,JOB3001,,2,49.35,47.87,149.37,219.72,341.13,60.96,29.17,56.91,48.36,118.4,122.63,376.4,375.34,375,377.58,376.49,5.033,0.038,349.78,2026-01-01 08:47:20,RS001,50,1,377.45,376.6,TYPE_A,1519,0.526,0.938,122.83,122.75,122.43,25.95,1,ire_ptfe_701_plc
701,2026-01-01 08:47:30,OP101,JOB3001,,2,49.3,47.82,149.16,218.63,340.59,57.22,29.43,57.11,48.31,121.83,122.22,376.04,376.87,372.61,376.47,376.19,4.951,0.037,350.37,2026-01-01 08:47:30,RS001,50,1,373.89,376.98,TYPE_A,1288,0.416,0.934,121.68,124.72,122.91,24.47,1,ire_ptfe_701_plc
701,2026-01-01 08:47:40,OP101,JOB3001,,2,50.6,49.08,148.46,220.64,339.27,59.68,28.87,57.31,49.59,119.72,120.37,374.68,374.56,372.71,378.89,376.39,5.004,0.037,350.54,2026-01-01 08:47:40,RS001,50,1,374.15,374.71,TYPE_A,1468,0.485,0.997,122.04,123.75,122.31,24.95,1,ire_ptfe_701_plc
701,2026-01-01 08:47:50,OP101,JOB3001,,2,49.24,47.76,152.9,217.25,340.79,61.34,30.63,57.52,48.26,121.56,120.17,373.52,376.87,373.02,379.48,374.33,4.988,0.031,350.02,2026-01-01 08:47:50,RS001,50,1,375.93,377.42,TYPE_A,1189,0.484,0.983,121.88,121.93,124.48,25.64,1,ire_ptfe_701_plc
701,2026-01-01 08:48:00,OP101,JOB3001,,2,49.75,48.26,153.49,218.35,341.18,57.36,29.36,57.72,48.76,119.5,121.45,377.35,373.68,371.26,374.34,372.88,5.041,0.027,349.95,2026-01-01 08:48:00,RS001,50,1,375.36,379.26,TYPE_B,1123,0.406,0.911,120.37,123.6,122.89,24.51,1,ire_ptfe_701_plc
701,2026-01-01 08:48:10,OP101,JOB3001,,2,49.85,48.35,148.3,220,341.49,59.63,28.44,57.92,48.85,121.57,121.27,373.16,375.14,372.25,377.32,372.77,4.983,0.039,352.03,2026-01-01 08:48:10,RS001,50,1,375.16,378.82,TYPE_B,1410,0.6,0.96,122.55,124.39,124.93,25.03,1,ire_ptfe_701_plc
701,2026-01-01 08:48:20,OP101,JOB3001,,2,50.08,48.58,145.46,217.71,341.87,60.7,28.54,58.12,49.08,120.35,122.24,375.96,374.9,375.74,376.23,376.22,4.953,0.022,348.39,2026-01-01 08:48:20,RS001,50,1,373.49,379.29,TYPE_B,1345,0.555,0.901,123.14,122.39,125.2,25.47,1,ire_ptfe_701_plc
701,2026-01-01 08:48:30,OP101,JOB3001,,2,49.25,47.77,145.34,219.94,338.63,57.4,31.08,58.32,48.27,118.43,122.2,377.01,375.96,372.1,375.79,375.88,4.974,0.035,352.92,2026-01-01 08:48:30,RS001,50,1,373.24,379.62,TYPE_B,1792,0.594,0.934,122.67,121.72,122.08,24.86,1,ire_ptfe_701_plc
701,2026-01-01 08:48:40,OP101,JOB3001,,2,50.19,48.68,148.99,221.35,338.93,62.2,30.51,58.52,49.19,121.97,120.04,377.88,378.64,371.37,379.66,373.79,5.028,0.031,347.78,2026-01-01 08:48:40,RS001,50,1,377.81,374.12,TYPE_B,1491,0.443,0.903,122.64,124.14,125.95,25.91,1,ire_ptfe_701_plc
701,2026-01-01 08:48:50,OP101,JOB3001,,2,50.08,48.58,148.46,222.26,341.67,57.35,31.46,58.72,49.08,121.15,122.66,372.18,374.6,376.85,376.27,373.29,4.969,0.023,349.67,2026-01-01 08:48:50,RS001,50,1,374.57,379.95,TYPE_A,1477,0.452,0.975,122.12,121.64,122.38,24.45,1,ire_ptfe_701_plc
701,2026-01-01 08:49:00,OP101,JOB3001,,2,49.96,48.46,145.73,219.23,339.73,57.87,31.21,58.92,48.96,119.48,120.65,372.9,378.76,373.83,379.8,375.34,4.968,0.021,347.06,2026-01-01 08:49:00,RS001,50,1,376.03,374.03,TYPE_A,1394,0.556,0.925,123.01,121.17,125.25,24.43,1,ire_ptfe_701_plc
701,2026-01-01 08:49:10,OP101,JOB3001,,2,49.53,48.04,148.58,217.41,340.25,59.3,31.74,59.12,48.54,119.75,119.57,374.87,375.35,373.62,378.47,372.03,4.996,0.039,349.21,2026-01-01 08:49:10,RS001,50,1,376.88,378.47,TYPE_B,1948,0.574,0.947,123.87,124.82,124.87,24.07,1,ire_ptfe_701_plc
701,2026-01-01 08:49:20,OP101,JOB3001,,2,50.76,49.24,147.91,218.9,338.38,59.77,30.33,59.32,49.74,118.6,121.18,374.06,373.5,371.97,375.72,374.49,5.039,0.036,348.97,2026-01-01 08:49:20,RS001,50,1,378.18,375.66,TYPE_B,1725,0.599,0.971,123.77,124.4,122.05,24.72,1,ire_ptfe_701_plc
701,2026-01-01 08:49:30,OP101,JOB3001,,2,49.92,48.42,153.47,220.09,340.14,61.89,29.2,59.52,48.92,121.28,122.36,376.65,377.36,376.65,375.11,374.89,5.038,0.035,351.21,2026-01-01 08:49:30,RS001,50,1,375.12,378.76,TYPE_A,1545,0.532,0.969,122.9,123.08,125.91,24.98,1,ire_ptfe_701_plc
701,2026-01-01 08:49:40,OP101,JOB3001,,2,49.79,48.3,151.05,220.6,340.41,58.19,29.69,59.72,48.79,119.43,120.32,377.24,378.32,371.7,379.07,376.72,4.989,0.031,348.07,2026-01-01 08:49:40,RS001,50,1,377.33,378.36,TYPE_B,1391,0.532,0.925,123.51,123.48,123.55,24.6,1,ire_ptfe_701_plc
701,2026-01-01 08:49:50,OP101,JOB3001,,2,50.31,48.8,145.25,217.11,340.93,62.91,30.56,59.92,49.3,120.24,122.82,373.36,374.81,376.46,375.41,372.08,4.975,0.031,352.07,2026-01-01 08:49:50,RS001,50,1,376.96,375.48,TYPE_B,1842,0.415,0.918,123.95,122.69,122.91,24.2,1,ire_ptfe_701_plc
701,2026-01-01 08:50:00,OP101,JOB3001,,2,49.33,47.85,154.25,219.57,340.39,60.72,29.69,60.12,48.34,120.17,121.15,376.49,375.35,372.79,375.27,376.28,4.982,0.023,349.66,2026-01-01 08:50:00,RS001,50,1,373.57,376.3,TYPE_B,1668,0.506,0.918,120.8,124.77,125.52,24.89,1,ire_ptfe_701_plc
701,2026-01-01 08:50:10,OP101,JOB3001,,2,50.27,48.76,154.21,219.02,340.36,60.7,30.87,60.32,49.26,121.6,122.31,374.25,374.45,372.53,376.04,375.93,4.956,0.034,349.59,2026-01-01 08:50:10,RS001,50,1,377.71,378.11,TYPE_A,1935,0.417,0.922,120.46,121.24,125.74,25.34,1,ire_ptfe_701_plc
701,2026-01-01 08:50:20,OP101,JOB3001,,2,50.19,48.68,150.92,222.11,340.64,57.74,30.98,60.52,49.19,119.2,122.36,372.03,373.76,374.69,379.05,375.26,5.016,0.032,348.56,2026-01-01 08:50:20,RS001,50,1,375.78,378.25,TYPE_A,1508,0.417,0.955,122.12,122.08,125.38,25.74,1,ire_ptfe_701_plc
701,2026-01-01 08:50:30,OP101,JOB3001,,2,49.89,48.39,147.41,220.27,339.12,62.57,30.37,60.72,48.89,119.94,120.22,375.9,374.04,376.66,378.98,375.58,5.003,0.028,352.12,2026-01-01 08:50:30,RS001,50,1,378.99,375.96,TYPE_B,1678,0.549,0.969,122.4,121.19,122.44,25.88,1,ire_ptfe_701_plc
701,2026-01-01 08:50:40,OP101,JOB3001,,2,49.2,47.72,146.73,221.83,340.52,61.83,29.17,60.92,48.22,119.01,120.6,377.11,377.44,371.14,376.68,375.27,4.99,0.037,352.13,2026-01-01 08:50:40,RS001,50,1,375.74,374.41,TYPE_A,1058,0.505,0.926,123.06,124.49,125.53,25.41,1,ire_ptfe_701_plc
701,2026-01-01 08:50:50,OP101,JOB3001,,2,49.77,48.28,152.01,217.07,339.1,60.82,29.03,61.12,48.77,120.87,119.4,376.97,375.69,375.61,375.01,374.34,4.978,0.025,350.31,2026-01-01 08:50:50,RS001,50,1,376.52,378.59,TYPE_A,1263,0.414,0.993,122.27,122.7,122.85,25.82,1,ire_ptfe_701_plc
701,2026-01-01 08:51:00,OP101,JOB3001,,2,50.25,48.74,149.11,221.27,338.68,59.88,30.6,61.32,49.24,119.49,121.57,374.64,377.14,373.85,375.97,375.11,4.975,0.022,349.3,2026-01-01 08:51:00,RS001,50,1,376.83,376.16,TYPE_B,1621,0.409,0.988,120.54,124.58,124.74,24.98,1,ire_ptfe_701_plc
701,2026-01-01 08:51:10,OP101,JOB3001,,2,50.55,49.03,146.38,222.02,341.16,58.33,28.86,61.52,49.54,118.49,121.97,375.73,378.42,373.79,377.14,375.43,5.049,0.035,348.25,2026-01-01 08:51:10,RS001,50,1,373.02,376.38,TYPE_A,1364,0.402,0.909,121.25,123.16,123.67,25.88,1,ire_ptfe_701_plc
701,2026-01-01 08:51:20,OP101,JOB3001,,2,49.56,48.07,145.74,219.72,339.25,61.6,29.53,61.72,48.57,121.33,120.77,372.37,376.58,371.68,379.48,373.87,5.043,0.033,347.28,2026-01-01 08:51:20,RS001,50,1,376.23,375.9,TYPE_B,1969,0.555,0.965,120.95,122.11,124.25,24.38,1,ire_ptfe_701_plc
701,2026-01-01 08:51:30,OP101,JOB3001,,2,50.54,49.02,151.44,218.38,338.78,61.82,30.85,61.92,49.53,119.54,119.6,375.56,376.74,374.03,374.93,377.81,4.978,0.025,350.71,2026-01-01 08:51:30,RS001,50,1,374.59,379.21,TYPE_A,1798,0.463,0.947,122.69,122.3,122.98,24.66,1,ire_ptfe_701_plc
701,2026-01-01 08:51:40,OP101,JOB3001,,2,50.46,48.95,147.88,220.2,338.54,58.71,31.89,62.12,49.45,118.23,121.51,375.15,375.96,375.58,377.4,372.27,5.03,0.038,348.33,2026-01-01 08:51:40,RS001,50,1,377.52,379.61,TYPE_B,1217,0.592,0.978,121.86,124.02,124.02,25.09,1,ire_ptfe_701_plc
701,2026-01-01 08:51:50,OP101,JOB3001,,2,49.26,47.78,153.5,218.56,339.82,59.94,31.07,62.32,48.27,119.57,121.17,377.22,373.1,374.19,378.82,377.06,5.034,0.038,350.55,2026-01-01 08:51:50,RS001,50,1,375.93,374.88,TYPE_A,1544,0.404,0.968,120.77,123.37,123.03,24.91,1,ire_ptfe_701_plc
701,2026-01-01 08:52:00,OP101,JOB3001,,2,49.9,48.4,150.95,217.2,338.66,58.56,28.23,62.53,48.9,118.02,120.2,372.49,376.27,375.14,374.07,376.77,5.013,0.027,347.67,2026-01-01 08:52:00,RS001,50,1,378.88,376.39,TYPE_B,1999,0.514,0.997,121.78,123.15,124.63,25.88,1,ire_ptfe_701_plc
701,2026-01-01 08:52:10,OP101,JOB3001,,2,49.94,48.44,150.38,217.67,340.12,60.26,29.12,62.73,48.94,119.66,120.8,373.61,373.97,371.43,378.96,373.8,5.027,0.028,351.95,2026-01-01 08:52:10,RS001,50,1,373.84,377.62,TYPE_A,1242,0.458,0.926,121.09,123.97,124.5,25.86,1,ire_ptfe_701_plc
701,2026-01-01 08:52:20,OP101,JOB3001,,2,49.59,48.1,150.42,221.42,339.58,60.49,30.79,62.93,48.6,118.68,121.16,372.9,375.57,371.74,378.08,375.78,4.97,0.035,348.21,2026-01-01 08:52:20,RS001,50,1,377.91,376.91,TYPE_B,1639,0.425,0.924,122.93,122.83,123.81,25.23,1,ire_ptfe_701_plc
701,2026-01-01 08:52:30,OP101,JOB3001,,2,49.63,48.14,152.18,220.23,339.33,58.18,29.23,63.13,48.64,121.93,119.28,373.47,374.34,373.66,375.54,376.23,5.028,0.029,351.93,2026-01-01 08:52:30,RS001,50,1,374.64,379.2,TYPE_A,1259,0.487,0.977,122.57,122.81,124.15,24.59,1,ire_ptfe_701_plc
701,2026-01-01 08:52:40,OP101,JOB3001,,2,49.43,47.95,145.57,222.8,339.14,62,31.17,63.33,48.44,120.12,122.57,372.94,378.03,376.4,378.8,376.02,5.049,0.024,350.01,2026-01-01 08:52:40,RS001,50,1,376.5,377.66,TYPE_A,1533,0.48,0.999,122.34,124.37,123.68,24.96,1,ire_ptfe_701_plc
701,2026-01-01 08:52:50,OP101,JOB3001,,2,49.61,48.12,150.49,220.87,339.35,58.12,30.63,63.53,48.62,121.97,120.02,377.06,378.28,376.54,374.11,373.99,4.999,0.023,348.76,2026-01-01 08:52:50,RS001,50,1,373.29,375.88,TYPE_B,1570,0.552,0.99,123.59,121.21,123.88,24.09,1,ire_ptfe_701_plc
701,2026-01-01 08:53:00,OP101,JOB3001,,2,50.12,48.62,146.34,219.01,338.7,62.41,29.92,63.73,49.12,118.82,122.62,372.47,376.69,376.92,377.87,376.21,5.02,0.04,351.14,2026-01-01 08:53:00,RS001,50,1,377.64,379.14,TYPE_B,1012,0.594,0.958,121.78,123.78,124.45,24.01,1,ire_ptfe_701_plc
701,2026-01-01 08:53:10,OP101,JOB3001,,2,49.89,48.39,149.17,218,338.97,61.55,31.92,63.93,48.89,121.72,121.43,376.75,375.92,373.9,377.23,377.14,5.006,0.04,348.23,2026-01-01 08:53:10,RS001,50,1,376.06,374.14,TYPE_B,1506,0.551,0.926,123.91,121.9,124.87,24.68,1,ire_ptfe_701_plc
701,2026-01-01 08:53:20,OP101,JOB3001,,2,49.29,47.81,152.22,218.36,338.91,59.84,31.6,64.13,48.3,118.24,119.79,373.71,376.87,376.4,377.16,377.34,5.034,0.028,350.47,2026-01-01 08:53:20,RS001,50,1,378.57,377.87,TYPE_B,1117,0.521,0.922,123.49,124.01,122.71,24.75,1,ire_ptfe_701_plc
701,2026-01-01 08:53:30,OP101,JOB3001,,2,50.07,48.57,152.7,219.35,338.38,60.5,30.44,64.33,49.07,121.38,122.73,373.17,373.86,376.23,377.27,377.16,4.952,0.037,351.09,2026-01-01 08:53:30,RS001,50,1,378.18,375.4,TYPE_B,1383,0.408,0.927,123.69,122.17,122.83,25,1,ire_ptfe_701_plc
701,2026-01-01 08:53:40,OP101,JOB3001,,2,50.39,48.88,152.76,221.52,338.98,62.76,28.84,64.53,49.38,120.45,121.93,372.72,375.63,372.94,378.69,374.75,4.972,0.037,348,2026-01-01 08:53:40,RS001,50,1,375.86,376.33,TYPE_A,1752,0.585,0.944,122.17,124.64,123.92,25.05,1,ire_ptfe_701_plc
701,2026-01-01 08:53:50,OP101,JOB3001,,2,50.72,49.2,150.06,220.56,340.98,57.24,31.55,64.73,49.71,120.57,122.17,374.9,374.14,374.77,375.57,375.07,4.978,0.035,349.47,2026-01-01 08:53:50,RS001,50,1,373.16,377.28,TYPE_B,1178,0.507,0.972,120.89,122.8,122.05,25.86,1,ire_ptfe_701_plc
701,2026-01-01 08:54:00,OP101,JOB3001,,2,49.78,48.29,150.79,219.15,338.94,59.91,28.59,64.93,48.78,119.12,120.98,377.22,373.94,371.79,377.3,374.37,5.03,0.032,351.02,2026-01-01 08:54:00,RS001,50,1,377.81,375.1,TYPE_A,1433,0.493,0.974,121.05,124.53,123.29,24.56,1,ire_ptfe_701_plc
701,2026-01-01 08:54:10,OP101,JOB3001,,2,49.93,48.43,151.83,222.19,339.84,61.4,31.7,65.13,48.93,119.11,119.06,375.84,375.35,373.01,374.33,373.32,4.999,0.022,351.23,2026-01-01 08:54:10,RS001,50,1,375.9,376.24,TYPE_A,1015,0.542,0.908,123.56,124.08,123.54,25.7,1,ire_ptfe_701_plc
701,2026-01-01 08:54:20,OP101,JOB3001,,2,50.22,48.71,150.03,220.5,340.51,58.41,29.44,65.33,49.22,121.82,122.58,374.11,377.91,373.29,378.3,377.61,4.984,0.038,349.21,2026-01-01 08:54:20,RS001,50,1,376.27,375.88,TYPE_B,1357,0.46,0.925,122.02,121.33,123.9,25.88,1,ire_ptfe_701_plc
701,2026-01-01 08:54:30,OP101,JOB3001,,2,50.7,49.18,154.45,221.83,341.6,58.81,28.61,65.53,49.69,118.6,120.09,376.54,377.41,376.67,379.06,373.25,4.997,0.036,351.53,2026-01-01 08:54:30,RS001,50,1,377.85,377.85,TYPE_A,1159,0.413,0.971,122.09,121.93,123.3,24.89,1,ire_ptfe_701_plc
701,2026-01-01 08:54:40,OP101,JOB3001,,2,50.48,48.97,153.72,220.13,339.93,61.92,30.75,65.73,49.47,120.58,121.95,376.61,376.45,371.95,374.09,372.57,4.993,0.026,349.85,2026-01-01 08:54:40,RS001,50,1,375.25,377.12,TYPE_B,1636,0.45,0.962,123.74,123.48,123.96,25.18,1,ire_ptfe_701_plc
701,2026-01-01 08:54:50,OP101,JOB3001,,2,49.76,48.27,146.95,221.78,338.48,61.87,30.93,65.93,48.76,119.24,120.66,376.95,375.35,376.53,376.94,377.86,5.033,0.024,349.69,2026-01-01 08:54:50,RS001,50,1,377.67,378.21,TYPE_A,1861,0.43,0.904,120.83,122.7,124.9,24.21,1,ire_ptfe_701_plc
701,2026-01-01 08:55:00,OP101,JOB3001,,2,50.17,48.66,148.64,217.27,341.06,62.48,30.02,66.13,49.17,119.99,122.94,377.05,374.48,376.69,376.91,376.19,4.973,0.037,349.08,2026-01-01 08:55:00,RS001,50,1,375.03,377.26,TYPE_B,1617,0.52,0.999,123.87,121.57,124.63,25.07,1,ire_ptfe_701_plc
701,2026-01-01 08:55:10,OP101,JOB3001,,2,49.69,48.2,145.55,217.53,341.28,57.15,31.38,66.33,48.7,120.1,121.89,376.56,375.59,375.88,374.7,372.99,5.003,0.022,347.96,2026-01-01 08:55:10,RS001,50,1,374.27,374.47,TYPE_B,1133,0.539,0.915,121.13,123.3,122.49,25.42,1,ire_ptfe_701_plc
701,2026-01-01 08:55:20,OP101,JOB3001,,2,50.23,48.72,149.08,219.09,341.48,61.57,29.32,66.53,49.23,120.63,119.89,372.05,373.63,375.43,376.36,376.59,4.971,0.026,352.06,2026-01-01 08:55:20,RS001,50,1,378.27,378.42,TYPE_B,1070,0.565,0.921,123.75,123.94,124.88,24.21,1,ire_ptfe_701_plc
701,2026-01-01 08:55:30,OP101,JOB3001,,2,50.1,48.6,145.14,222.89,341.79,61.22,31.35,66.73,49.1,119.9,122.64,374.87,376.98,373.24,374.73,375.68,4.951,0.026,349.04,2026-01-01 08:55:30,RS001,50,1,378.87,377.98,TYPE_B,1624,0.56,0.944,123.01,123.7,124.6,24.82,1,ire_ptfe_701_plc
701,2026-01-01 08:55:40,OP101,JOB3001,,2,50.51,48.99,147.46,221.69,338.13,62.67,31.14,66.93,49.5,119.23,122.75,377.84,376.97,375.67,376.31,373.45,5.031,0.031,349.8,2026-01-01 08:55:40,RS001,50,1,375.08,377.85,TYPE_B,1920,0.53,0.904,122.56,123.43,123.12,25.34,1,ire_ptfe_701_plc
701,2026-01-01 08:55:50,OP101,JOB3001,,2,49.5,48.02,146.17,219.23,341.6,58.89,30.5,67.13,48.51,120.4,122.13,377.24,376.68,371.12,379.74,376.49,4.961,0.025,348.78,2026-01-01 08:55:50,RS001,50,1,378.92,379.69,TYPE_A,1245,0.507,0.988,120.45,121.61,123.82,24.23,1,ire_ptfe_701_plc
701,2026-01-01 08:56:00,OP101,JOB3001,,2,49.89,48.39,153.58,221.08,341.06,62.83,31.01,67.33,48.89,121.47,122.47,375.26,373.56,373.77,374.93,377.29,5.044,0.036,350.47,2026-01-01 08:56:00,RS001,50,1,373.14,375.39,TYPE_B,1115,0.537,0.927,122.25,122.09,123.07,25.72,1,ire_ptfe_701_plc
701,2026-01-01 08:56:10,OP101,JOB3001,,2,49.8,48.31,149.21,222.26,341.79,58.72,30.5,67.54,48.8,119.47,120.67,372.5,377.86,373.07,379.11,373.98,5,0.033,352.56,2026-01-01 08:56:10,RS001,50,1,377.79,377.78,TYPE_B,1631,0.536,0.945,123.85,123.25,125.28,24.63,1,ire_ptfe_701_plc
701,2026-01-01 08:56:20,OP101,JOB3001,,2,49.37,47.89,152.28,218.24,341.15,59.34,30.17,67.74,48.38,118.87,121.12,376.95,375.19,374.61,376.88,373.66,5.034,0.035,348.36,2026-01-01 08:56:20,RS001,50,1,378.77,374.25,TYPE_B,1775,0.414,0.979,123.55,122.29,123.12,24.04,1,ire_ptfe_701_plc
701,2026-01-01 08:56:30,OP101,JOB3001,,2,49.23,47.75,148.54,220.84,341.16,62.07,30.01,67.94,48.25,118.95,120.97,376.98,377.84,374.12,375.51,373.52,4.966,0.032,351.13,2026-01-01 08:56:30,RS001,50,1,375.22,377.01,TYPE_A,1152,0.453,0.94,122.83,124.5,124.34,25.33,1,ire_ptfe_701_plc
701,2026-01-01 08:56:40,OP101,JOB3001,,2,49.33,47.85,145.06,221.14,339.49,58.83,31.51,68.14,48.34,118.79,122.99,377.78,377.43,375.98,379.76,376,4.996,0.036,348.89,2026-01-01 08:56:40,RS001,50,1,375.73,374.55,TYPE_B,1645,0.472,0.983,121.28,124.63,123.07,25.78,1,ire_ptfe_701_plc
701,2026-01-01 08:56:50,OP101,JOB3001,,2,49.84,48.34,152.39,217.04,340.11,60.32,29,68.34,48.84,120.45,120.45,373.69,373.81,373.09,375.43,376.94,4.99,0.026,347.4,2026-01-01 08:56:50,RS001,50,1,373.93,376.25,TYPE_B,1017,0.599,0.907,122.28,124.14,123.84,24.78,1,ire_ptfe_701_plc
701,2026-01-01 08:57:00,OP101,JOB3001,,2,50.78,49.26,145.34,217.71,338.38,61.6,28.63,68.54,49.76,119.03,122.76,375.59,378.01,373.62,378.03,374.72,5.02,0.031,348.4,2026-01-01 08:57:00,RS001,50,1,378.66,376.16,TYPE_B,1317,0.494,0.908,121.11,122.45,125.71,24.86,1,ire_ptfe_701_plc
701,2026-01-01 08:57:10,OP101,JOB3001,,2,50.63,49.11,153.65,218.23,341.29,57.01,29.69,68.74,49.62,121.11,121.15,374.94,378.4,371.51,378.26,374.08,5.006,0.025,350.43,2026-01-01 08:57:10,RS001,50,1,374.04,376.21,TYPE_A,1149,0.509,0.975,121.03,122.88,125.5,25.22,1,ire_ptfe_701_plc
701,2026-01-01 08:57:20,OP101,JOB3001,,2,50.15,48.65,153.88,219.4,339.68,60.48,29.86,68.94,49.15,119.54,121.11,377.03,378.62,371.51,375.63,372.37,5.007,0.027,350.87,2026-01-01 08:57:20,RS001,50,1,375.63,378.5,TYPE_B,1375,0.477,0.915,120.58,123.32,124.85,25.9,1,ire_ptfe_701_plc
701,2026-01-01 08:57:30,OP101,JOB3001,,2,50.03,48.53,154.95,221.67,339.53,60.9,30.21,69.14,49.03,119.46,120.17,377.4,376.82,373.84,377.43,377.47,5.018,0.022,351.63,2026-01-01 08:57:30,RS001,50,1,377.57,377.16,TYPE_B,1952,0.544,0.977,120.35,123.09,124.24,25.86,1,ire_ptfe_701_plc
701,2026-01-01 08:57:40,OP101,JOB3001,,2,49.63,48.14,152.92,217.41,339.57,57.45,28.62,69.34,48.64,118.24,120.2,376.74,377.01,371.02,379.48,377.14,5.036,0.025,348.03,2026-01-01 08:57:40,RS001,50,1,376.26,376.69,TYPE_A,1638,0.459,0.907,122.74,122.65,123.49,25.34,1,ire_ptfe_701_plc
701,2026-01-01 08:57:50,OP101,JOB3001,,2,49.47,47.99,147.43,222.76,338.37,59.26,30.14,69.54,48.48,119.31,121.13,373.54,375.17,374.67,377.82,376.41,5.035,0.024,351.97,2026-01-01 08:57:50,RS001,50,1,373.83,379.54,TYPE_B,1386,0.562,0.989,122.63,123.17,125.46,25.27,1,ire_ptfe_701_plc
701,2026-01-01 08:58:00,OP101,JOB3001,,2,49.88,48.38,154.67,221.99,341.44,58.83,31.39,69.74,48.88,119.35,122.06,372.63,377.94,374.13,374.21,375.59,5.035,0.035,349.15,2026-01-01 08:58:00,RS001,50,1,377.16,375.77,TYPE_A,1138,0.435,0.923,120.21,124.53,125.99,24.66,1,ire_ptfe_701_plc
701,2026-01-01 08:58:10,OP101,JOB3001,,2,50.69,49.17,148.87,217.32,338.37,57.32,28.46,69.94,49.68,119.2,122.97,374.26,376.16,376.47,375.13,374.73,4.978,0.028,348.77,2026-01-01 08:58:10,RS001,50,1,374.41,374.67,TYPE_B,1912,0.451,0.989,121.63,122.74,122.32,25.46,1,ire_ptfe_701_plc
701,2026-01-01 08:58:20,OP101,JOB3001,,2,49.21,47.73,147.78,222.26,340.68,62.76,30.66,70.14,48.23,120.77,119.77,372.63,377.47,371.56,377.9,374.99,4.957,0.024,348.47,2026-01-01 08:58:20,RS001,50,1,373.69,377.11,TYPE_A,1576,0.57,0.905,122.36,121.5,125.41,24.02,1,ire_ptfe_701_plc
701,2026-01-01 08:58:30,OP101,JOB3001,,2,50.77,49.25,148.68,222.17,341.63,61.65,31.49,70.34,49.75,120.17,120.41,374.56,376.46,375.47,376.78,372.02,5.027,0.036,350.52,2026-01-01 08:58:30,RS001,50,1,377.62,375.85,TYPE_B,1961,0.447,0.945,123.09,123.62,122.36,24.02,1,ire_ptfe_701_plc
701,2026-01-01 08:58:40,OP101,JOB3001,,2,50.56,49.04,146.06,218.33,339.8,60.95,31.9,70.54,49.55,119.15,121.28,374.37,377.99,375.82,378.65,377.02,4.962,0.024,347.59,2026-01-01 08:58:40,RS001,50,1,374.58,377.43,TYPE_A,1261,0.444,0.988,121.52,123.12,125.25,25.84,1,ire_ptfe_701_plc
701,2026-01-01 08:58:50,OP101,JOB3001,,2,50.25,48.74,152.92,219.85,341.31,61.15,31.31,70.74,49.24,118.43,120.73,377.52,374.35,372.95,376.67,373.43,4.971,0.033,348,2026-01-01 08:58:50,RS001,50,1,373.04,378.97,TYPE_B,1142,0.534,0.907,123.11,124.51,125.8,24.55,1,ire_ptfe_701_plc
701,2026-01-01 08:59:00,OP101,JOB3001,,2,50.53,49.01,154.36,220.33,341.66,58.23,29.74,70.94,49.52,120.54,121.15,377.92,376.41,375.04,375.94,376.81,5.023,0.037,350.77,2026-01-01 08:59:00,RS001,50,1,377.43,377.69,TYPE_B,1924,0.55,0.943,121.12,121.16,125.33,24.92,1,ire_ptfe_701_plc
701,2026-01-01 08:59:10,OP101,JOB3001,,2,50.65,49.13,151.16,220.03,341.73,58.55,30.27,71.14,49.64,121.89,119.33,376.05,377.56,372.2,374.52,377.89,4.981,0.029,349.49,2026-01-01 08:59:10,RS001,50,1,378.86,375.65,TYPE_B,1213,0.505,0.907,123.73,124.62,125.14,25.74,1,ire_ptfe_701_plc
701,2026-01-01 08:59:20,OP101,JOB3001,,2,49.45,47.97,151.69,217.73,340.37,58.64,30.21,71.34,48.46,118.08,120.16,376.04,373.67,374.13,375.23,376.68,5.01,0.033,347.54,2026-01-01 08:59:20,RS001,50,1,374.1,377.9,TYPE_A,1470,0.462,0.933,122.09,122.18,123.91,24.94,1,ire_ptfe_701_plc
701,2026-01-01 08:59:30,OP101,JOB3001,,2,50,48.5,153.3,218.36,341.23,61.56,31.25,71.54,49,119.65,119.53,375.81,377.79,373.08,377.12,373.74,5.023,0.037,352.76,2026-01-01 08:59:30,RS001,50,1,373.05,376.87,TYPE_A,1049,0.435,0.925,121.7,123.24,124.03,25.14,1,ire_ptfe_701_plc
701,2026-01-01 08:59:40,OP101,JOB3001,,2,49.71,48.22,148.12,221.65,339.25,61.8,29.58,71.74,48.72,120.11,119.7,372.89,378.79,374.33,374.51,374.5,5.025,0.039,348.11,2026-01-01 08:59:40,RS001,50,1,375.72,374.32,TYPE_A,1498,0.536,0.926,122.41,123.78,125.06,24.88,1,ire_ptfe_701_plc
701,2026-01-01 08:59:50,OP101,JOB3001,,2,50.72,49.2,149.76,221.74,340.83,58.19,29.08,71.94,49.71,118.11,119.67,374.17,376.87,371.22,378.03,377.01,5.003,0.029,351.21,2026-01-01 08:59:50,RS001,50,1,378.46,378.52,TYPE_B,1632,0.436,0.932,122.79,123.7,124.24,24.68,1,ire_ptfe_701_plc
701,2026-01-01 09:00:00,OP101,JOB3001,,2,50.41,48.9,147.87,218.68,340.7,62.13,30.81,72.14,49.4,121.5,119.5,377.8,373.43,373.17,376.86,375.81,5.035,0.023,351.07,2026-01-01 09:00:00,RS001,50,1,378.7,378.12,TYPE_B,1750,0.44,0.93,122.68,124.97,122.05,25.45,1,ire_ptfe_701_plc
701,2026-01-01 09:00:10,OP101,JOB3001,,2,49.44,47.96,151.08,222.42,338.68,57.46,29.9,72.34,48.45,121.64,120.65,374.02,373.03,375.84,375.92,372.47,4.964,0.039,349.54,2026-01-01 09:00:10,RS001,50,1,374.57,378.99,TYPE_B,1492,0.479,0.931,121.26,124.68,125.64,25.78,1,ire_ptfe_701_plc
701,2026-01-01 09:00:20,OP101,JOB3001,,2,49.56,48.07,145.1,217.4,341.71,62.95,31.72,72.55,48.57,119.88,122.03,372.95,376.86,374.94,379.15,373.67,5.027,0.038,347.2,2026-01-01 09:00:20,RS001,50,1,376.58,378.88,TYPE_A,1565,0.59,0.991,123.15,124.07,124.72,25.17,1,ire_ptfe_701_plc
701,2026-01-01 09:00:30,OP101,JOB3001,,2,50.63,49.11,148.93,221.13,341.62,61.7,29.24,72.75,49.62,121.41,121.04,373.77,373.82,374.44,377.32,372.13,4.989,0.022,347.9,2026-01-01 09:00:30,RS001,50,1,376.61,375.34,TYPE_A,1049,0.439,0.963,121.97,122.83,124.06,25.59,1,ire_ptfe_701_plc
701,2026-01-01 09:00:40,OP101,JOB3001,,2,49.47,47.99,148.23,220.31,338.91,59.23,31.77,72.95,48.48,121.88,120.39,376.58,377.39,376.88,377.43,374.74,4.994,0.027,348.27,2026-01-01 09:00:40,RS001,50,1,376.78,379.4,TYPE_A,1261,0.509,0.926,122.39,124.07,125.25,24.53,1,ire_ptfe_701_plc
701,2026-01-01 09:00:50,OP101,JOB3001,,2,49.96,48.46,145.18,220.62,338.67,57.68,29.66,73.15,48.96,118.22,121.13,373.18,374.63,374.06,374.55,375.46,4.989,0.033,348.89,2026-01-01 09:00:50,RS001,50,1,373.74,378.29,TYPE_A,1066,0.545,0.906,120.42,121.47,125.82,24.81,1,ire_ptfe_701_plc
701,2026-01-01 09:01:00,OP101,JOB3001,,2,50.07,48.57,145.86,221.24,338.5,58.9,29.97,73.35,49.07,118.39,120.33,377.96,376.82,373.58,378.81,377.77,5.004,0.028,349.84,2026-01-01 09:01:00,RS001,50,1,373.43,378.5,TYPE_B,1792,0.537,0.942,123.76,123.75,125.98,25.63,1,ire_ptfe_701_plc
701,2026-01-01 09:01:10,OP101,JOB3001,,2,50.08,48.58,148.31,220.43,341.66,59.47,29.49,73.55,49.08,120.88,119.49,373.79,374.47,376.73,377.28,372.96,5.046,0.03,349.3,2026-01-01 09:01:10,RS001,50,1,373.05,379.34,TYPE_B,1120,0.407,0.918,122.01,121.44,124.34,25.43,1,ire_ptfe_701_plc
701,2026-01-01 09:01:20,OP101,JOB3001,,2,50.56,49.04,146.29,222.31,340.53,61.56,31.33,73.75,49.55,118.3,122.42,374.21,373.68,373.86,377.88,372.69,4.978,0.037,347.25,2026-01-01 09:01:20,RS001,50,1,377.83,376.36,TYPE_A,1939,0.467,0.952,120.74,124.42,124.33,25.44,1,ire_ptfe_701_plc
701,2026-01-01 09:01:30,OP101,JOB3001,,2,49.57,48.08,149.85,220.67,339.65,60.34,28.75,73.95,48.58,121.53,122.2,377.3,376.91,371.12,376.29,375.54,4.981,0.034,350.84,2026-01-01 09:01:30,RS001,50,1,378.51,379.88,TYPE_B,1563,0.541,0.98,120.13,121.5,123.27,25.7,1,ire_ptfe_701_plc
701,2026-01-01 09:01:40,OP101,JOB3001,,2,49.51,48.02,151.62,219.28,341.95,57.12,31.62,74.15,48.52,119.14,122.64,376.62,378.96,375.54,378.01,376.72,4.983,0.031,348.57,2026-01-01 09:01:40,RS001,50,1,375.03,376.86,TYPE_A,1460,0.503,0.959,123.62,124.21,122.31,25.29,1,ire_ptfe_701_plc
701,2026-01-01 09:01:50,OP101,JOB3001,,2,50.32,48.81,150.74,222.15,338.4,58.61,31.44,74.35,49.31,121.77,121.06,377.73,377.39,372.56,378.09,375.91,4.962,0.035,351.81,2026-01-01 09:01:50,RS001,50,1,376.49,376.42,TYPE_B,1510,0.544,0.975,121.23,121.04,125.5,25.96,1,ire_ptfe_701_plc
701,2026-01-01 09:02:00,OP101,JOB3001,,2,49.95,48.45,152.19,220.73,340.02,60.17,29.8,74.55,48.95,119.47,120.17,372.07,376.36,373.46,378.12,376.26,5.047,0.031,351.29,2026-01-01 09:02:00,RS001,50,1,374.05,379.81,TYPE_B,1965,0.421,0.916,123.63,123.31,123.92,24.28,1,ire_ptfe_701_plc
701,2026-01-01 09:02:10,OP101,JOB3001,,2,49.79,48.3,147.54,219.56,341.25,60.05,29.69,74.75,48.79,121.29,121.79,376.49,377.59,373.23,379.78,373.4,4.983,0.021,348.65,2026-01-01 09:02:10,RS001,50,1,375.48,374.21,TYPE_A,1435,0.402,0.961,123.93,123.27,123.98,25.02,1,ire_ptfe_701_plc
701,2026-01-01 09:02:20,OP101,JOB3001,,2,50.7,49.18,146.19,217.04,338.67,60.53,28.25,74.95,49.69,121.64,120.07,373.74,377.37,374.07,375.17,377.31,4.965,0.021,352.07,2026-01-01 09:02:20,RS001,50,1,376.32,377.01,TYPE_B,1831,0.498,0.959,120.28,122.04,125.33,24.71,1,ire_ptfe_701_plc
701,2026-01-01 09:02:30,OP101,JOB3001,,2,49.56,48.07,148,220.07,338.01,62.28,28.65,75.15,48.57,120.76,122.82,376.33,376.84,371.64,375.62,377.8,4.963,0.037,352.58,2026-01-01 09:02:30,RS001,50,1,373.17,377.48,TYPE_A,1459,0.468,0.951,123.33,122.96,125.09,25.22,1,ire_ptfe_701_plc
701,2026-01-01 09:02:40,OP101,JOB3001,,2,49.51,48.02,153.01,219.67,341.64,59.79,29.51,75.35,48.52,120.34,121.27,377.69,378.1,372.99,374.11,374.46,4.952,0.034,351.45,2026-01-01 09:02:40,RS001,50,1,375.48,376.86,TYPE_A,1276,0.527,0.915,120.71,122.64,124.01,24.81,1,ire_ptfe_701_plc
701,2026-01-01 09:02:50,OP101,JOB3001,,2,50.46,48.95,152.77,220.88,338.96,58.32,31.85,75.55,49.45,119.43,122.21,374.22,377.96,372.32,376.65,376.66,5.031,0.036,347.37,2026-01-01 09:02:50,RS001,50,1,374.22,377.26,TYPE_A,1658,0.558,0.935,121.72,121.55,123.58,25.73,1,ire_ptfe_701_plc
701,2026-01-01 09:03:00,OP101,JOB3001,,2,49.96,48.46,154.39,220.3,341.44,58.41,29.03,75.75,48.96,119.35,122.42,376.48,377.38,375.33,376.67,377.79,5.033,0.03,350.53,2026-01-01 09:03:00,RS001,50,1,377.6,375.46,TYPE_B,1236,0.576,0.966,121.04,121.69,124.93,25.01,1,ire_ptfe_701_plc
701,2026-01-01 09:03:10,OP101,JOB3001,,2,50.7,49.18,153.8,218.14,339.43,61.96,31.39,75.95,49.69,119.26,119.12,373,375.58,374.59,377.21,375.83,4.97,0.023,352.54,2026-01-01 09:03:10,RS001,50,1,375.47,374.17,TYPE_A,1549,0.56,0.997,122.08,121.75,125.22,24.29,1,ire_ptfe_701_plc
701,2026-01-01 09:03:20,OP101,JOB3001,,2,49.79,48.3,152.48,218.89,338.52,62.7,30.71,76.15,48.79,121.36,121.82,375.42,373.58,373.37,378.88,372.72,5.001,0.036,347.44,2026-01-01 09:03:20,RS001,50,1,377.17,379.79,TYPE_B,1024,0.535,0.953,122.35,121.72,125.09,25.11,1,ire_ptfe_701_plc
701,2026-01-01 09:03:30,OP101,JOB3001,,2,49.8,48.31,147.47,220.36,341.17,61.04,31.19,76.35,48.8,118.94,120.69,374.02,376.71,374.67,378.1,374.93,4.95,0.033,347.95,2026-01-01 09:03:30,RS001,50,1,378.77,378.31,TYPE_B,1302,0.451,0.964,121.33,123.48,125.18,25.78,1,ire_ptfe_701_plc
701,2026-01-01 09:03:40,OP101,JOB3001,,2,50.39,48.88,145.77,219.36,338.21,57.46,29.94,76.55,49.38,120.53,120.97,375.31,376.98,372.17,379.04,373.74,5.03,0.034,351.92,2026-01-01 09:03:40,RS001,50,1,375.21,377.68,TYPE_A,1628,0.489,0.928,123.67,123.96,123.09,24.56,1,ire_ptfe_701_plc
701,2026-01-01 09:03:50,OP101,JOB3001,,2,49.26,47.78,145.22,222.03,339.47,62.37,28.36,76.75,48.27,120.78,121.9,372.8,373.66,371.51,379.73,374.08,4.975,0.04,347.01,2026-01-01 09:03:50,RS001,50,1,376.83,377.2,TYPE_B,1099,0.55,0.959,122.04,121.83,122.49,25.93,1,ire_ptfe_701_plc
701,2026-01-01 09:04:00,OP101,JOB3001,,2,50.02,48.52,148.2,218.57,339.45,61.49,30.63,76.95,49.02,120.43,121.83,376.67,377.57,375.47,377.72,375.43,4.983,0.038,347.02,2026-01-01 09:04:00,RS001,50,1,378.31,379.49,TYPE_A,1708,0.502,0.936,121.79,121.6,122.02,24.65,1,ire_ptfe_701_plc
701,2026-01-01 09:04:10,OP101,JOB3001,,2,49.3,47.82,148.04,218.69,341.86,59.06,31.37,77.15,48.31,121.77,122.39,372.71,374.83,376.29,379.7,373.66,5.008,0.021,347.71,2026-01-01 09:04:10,RS001,50,1,374.9,374.56,TYPE_B,1795,0.502,0.996,123.35,123.1,122.94,25.83,1,ire_ptfe_701_plc
701,2026-01-01 09:04:20,OP101,JOB3001,,2,50.66,49.14,145.52,221.77,341.23,58.98,30.39,77.35,49.65,118.88,121.85,376.76,378.65,375.07,374.01,375.52,4.972,0.037,350.15,2026-01-01 09:04:20,RS001,50,1,378.16,374.19,TYPE_A,1776,0.574,0.978,123.75,122.92,125.42,24.62,1,ire_ptfe_701_plc
701,2026-01-01 09:04:30,OP101,JOB3001,,2,50.54,49.02,154.68,217.54,340.71,59.65,29.85,77.56,49.53,121.75,122.14,375.36,378.74,371.43,376.87,376.92,4.983,0.021,347.99,2026-01-01 09:04:30,RS001,50,1,376.38,377.44,TYPE_B,1052,0.552,0.943,123.06,122.88,122.39,25.57,1,ire_ptfe_701_plc
701,2026-01-01 09:04:40,OP101,JOB3001,,2,50.43,48.92,147.1,221.24,340.08,58.85,28.56,77.76,49.42,118.43,122.44,373.34,375.06,372.47,377,374.29,5,0.032,347.67,2026-01-01 09:04:40,RS001,50,1,376.38,377.69,TYPE_B,1312,0.508,0.957,123.2,121.34,124.89,24.64,1,ire_ptfe_701_plc
701,2026-01-01 09:04:50,OP101,JOB3001,,2,49.36,47.88,153.22,221.58,340.91,61.95,30.84,77.96,48.37,118.71,120.29,377.49,377.28,375.53,377.94,376.19,5.04,0.031,349.98,2026-01-01 09:04:50,RS001,50,1,377.03,375.04,TYPE_B,1521,0.489,0.979,123.65,121.5,122.27,25.22,1,ire_ptfe_701_plc
701,2026-01-01 09:05:00,OP101,JOB3001,,2,50.32,48.81,154.34,220.4,341.33,57.99,29.73,78.16,49.31,118.32,119.95,374.37,378.52,371.95,375.01,377.46,4.98,0.022,350.98,2026-01-01 09:05:00,RS001,50,1,375.99,375.13,TYPE_A,1078,0.508,0.926,120.56,124.09,124.18,25.12,1,ire_ptfe_701_plc
701,2026-01-01 09:05:10,OP101,JOB3001,,2,50.66,49.14,145.89,222.66,341.77,58.77,30.6,78.36,49.65,121.38,121.66,376.16,376.83,372.83,379.69,374.68,4.972,0.026,348.75,2026-01-01 09:05:10,RS001,50,1,378.44,376.95,TYPE_B,1566,0.576,0.985,121.71,121.63,125.3,25.45,1,ire_ptfe_701_plc
701,2026-01-01 09:05:20,OP101,JOB3001,,2,49.87,48.37,152.9,219.82,338.78,58.11,30.13,78.56,48.87,120.26,119.22,374.32,376,373.77,378.7,378,4.982,0.027,349.82,2026-01-01 09:05:20,RS001,50,1,374.35,379.14,TYPE_B,1227,0.437,0.919,122.7,124.9,124.95,24.06,1,ire_ptfe_701_plc
701,2026-01-01 09:05:30,OP101,JOB3001,,2,49.61,48.12,152.49,219.23,341.42,57.03,28.45,78.76,48.62,118.58,120.02,373.1,373.83,373.9,378.52,376.37,5.009,0.026,352.82,2026-01-01 09:05:30,RS001,50,1,378.67,375.08,TYPE_A,1804,0.514,0.995,120.51,122.42,123.29,24.71,1,ire_ptfe_701_plc
701,2026-01-01 09:05:40,OP101,JOB3001,,2,49.24,47.76,153.89,220.36,341.66,59.77,31.18,78.96,48.26,120.03,119.1,372.61,377.21,371.88,375.27,373.52,4.985,0.02,350.35,2026-01-01 09:05:40,RS001,50,1,378.13,377.07,TYPE_A,1785,0.595,0.948,122.11,124.47,122.56,24.92,1,ire_ptfe_701_plc
701,2026-01-01 09:05:50,OP101,JOB3001,,2,49.9,48.4,152.72,222.26,339.63,61.79,28.4,79.16,48.9,119.8,122.09,375.65,373.64,371.88,374.2,372,5.014,0.036,351.89,2026-01-01 09:05:50,RS001,50,1,378.44,377,TYPE_A,1583,0.427,0.987,122.88,122.42,123.27,25.67,1,ire_ptfe_701_plc
701,2026-01-01 09:06:00,OP101,JOB3001,,2,49.99,48.49,149.32,219.99,340.15,61.58,31.69,79.36,48.99,120.43,119.01,375.37,374.22,373.89,376.73,372.8,5.025,0.04,348.84,2026-01-01 09:06:00,RS001,50,1,377.03,374.26,TYPE_A,1043,0.472,0.994,123.71,123.56,122.83,25.51,1,ire_ptfe_701_plc
701,2026-01-01 09:06:10,OP101,JOB3001,,2,49.93,48.43,145.19,220.94,341.66,62.39,31.81,79.56,48.93,118.51,119.62,375.84,377.78,373.34,374.36,374.56,4.988,0.035,348.89,2026-01-01 09:06:10,RS001,50,1,377.86,379.24,TYPE_B,1515,0.531,0.947,123.33,124.79,123.71,24.08,1,ire_ptfe_701_plc
701,2026-01-01 09:06:20,OP101,JOB3001,,2,49.43,47.95,153.36,221.19,339.07,62.8,28.73,79.76,48.44,119.8,120.99,377.58,373.49,373.72,378.9,376,5.048,0.023,351.15,2026-01-01 09:06:20,RS001,50,1,377.4,376.97,TYPE_B,1623,0.486,0.993,121.66,121.59,125.7,25.3,1,ire_ptfe_701_plc
701,2026-01-01 09:06:30,OP101,JOB3001,,2,50.5,48.98,151.22,222.79,340.56,58.9,31.06,79.96,49.49,121.74,119.81,374.19,375.19,376.78,376.55,377.59,5.024,0.028,349.53,2026-01-01 09:06:30,RS001,50,1,376.25,377.57,TYPE_B,1594,0.405,0.974,123.32,122.64,124.45,24.54,1,ire_ptfe_701_plc
701,2026-01-01 09:06:40,OP101,JOB3001,,2,49.49,48.01,147.53,221.43,341.42,61.39,28.01,80.16,48.5,120.36,119.65,376.92,373.32,374.13,374.32,372.52,4.974,0.038,350.81,2026-01-01 09:06:40,RS001,50,1,376.77,378.32,TYPE_A,1514,0.413,0.942,121.25,121.56,125.65,25.71,1,ire_ptfe_701_plc
701,2026-01-01 09:06:50,OP101,JOB3001,,2,50.48,48.97,145.63,222.8,339.97,61.81,29.95,80.36,49.47,121.47,122.26,372.29,374.43,372.94,377.3,376.18,5.035,0.031,350.26,2026-01-01 09:06:50,RS001,50,1,376.93,377.68,TYPE_A,1548,0.443,0.97,122.53,121.44,125.39,25.84,1,ire_ptfe_701_plc
701,2026-01-01 09:07:00,OP101,JOB3001,,2,50.15,48.65,151.93,220.33,339.76,58.54,29.37,80.56,49.15,118.53,121.82,373.81,376.32,374.04,378.83,377.49,4.978,0.032,347.06,2026-01-01 09:07:00,RS001,50,1,374.61,376.5,TYPE_B,1059,0.558,0.988,123.88,122.59,125.08,24.68,1,ire_ptfe_701_plc
701,2026-01-01 09:07:10,OP101,JOB3001,,2,49.97,48.47,147.75,220.94,338.11,57.13,29.11,80.76,48.97,119.9,121.24,372.04,374.47,371.72,377.02,372.49,5.009,0.033,349.18,2026-01-01 09:07:10,RS001,50,1,376.35,374.31,TYPE_A,1600,0.45,0.955,120.61,123.45,124.85,24.44,1,ire_ptfe_701_plc
701,2026-01-01 09:07:20,OP101,JOB3001,,2,50.62,49.1,145.38,220.18,338.4,61.77,31.19,80.96,49.61,119.32,121.93,372.85,374.79,373.67,375.1,375.54,4.958,0.024,348.67,2026-01-01 09:07:20,RS001,50,1,377.42,379.7,TYPE_A,1772,0.502,0.96,123.91,123.38,122.04,24.67,1,ire_ptfe_701_plc
701,2026-01-01 09:07:30,OP101,JOB3001,,2,50.44,48.93,150.59,218.67,340.66,58.11,31.77,81.16,49.43,118.99,121.49,373.29,374.66,376.59,377.45,376.57,5.029,0.035,349.52,2026-01-01 09:07:30,RS001,50,1,377.92,377.56,TYPE_A,1709,0.451,0.901,120,124.57,123.42,24.95,1,ire_ptfe_701_plc
701,2026-01-01 09:07:40,OP101,JOB3001,,2,49.46,47.98,150.37,222.64,341.76,59,30.34,81.36,48.47,118.65,122.47,375.71,378.04,375.95,379.4,372.74,5.018,0.029,348.86,2026-01-01 09:07:40,RS001,50,1,373.47,375.55,TYPE_A,1340,0.531,0.993,121.97,121.1,122.59,24.89,1,ire_ptfe_701_plc
701,2026-01-01 09:07:50,OP101,JOB3001,,2,49.61,48.12,147.05,220.99,339.66,59.82,28.98,81.56,48.62,118.85,122.93,377.51,377.56,374.22,375.91,376.93,4.987,0.03,350.29,2026-01-01 09:07:50,RS001,50,1,378.93,377.27,TYPE_B,1159,0.589,0.943,121.28,122.43,125.25,25.46,1,ire_ptfe_701_plc
701,2026-01-01 09:08:00,OP101,JOB3001,,2,50.34,48.83,150.37,219.55,338.14,61.6,29.58,81.76,49.33,121.61,119.93,377.22,374.9,375.43,375.78,372.04,5.014,0.021,347.78,2026-01-01 09:08:00,RS001,50,1,374.51,379.41,TYPE_A,1509,0.501,0.938,120.82,122.51,125.57,24.71,1,ire_ptfe_701_plc
701,2026-01-01 09:08:10,OP101,JOB3001,,2,49.54,48.05,152.57,221.35,340.48,57.82,29.65,81.96,48.55,118.33,122.62,372.75,376.63,371.74,379.39,375.7,4.986,0.027,347.02,2026-01-01 09:08:10,RS001,50,1,378.22,376.11,TYPE_A,1375,0.475,0.933,122.97,123.2,124.32,24.54,1,ire_ptfe_701_plc
701,2026-01-01 09:08:20,OP101,JOB3001,,2,50.32,48.81,153.84,221.25,339.24,57.89,28.35,82.16,49.31,119.86,121.6,373.8,376.99,375.41,378.7,373,5.046,0.024,347.49,2026-01-01 09:08:20,RS001,50,1,377.65,378.98,TYPE_B,1541,0.411,0.985,120.58,121.27,122.24,25.19,1,ire_ptfe_701_plc
701,2026-01-01 09:08:30,OP101,JOB3001,,2,49.59,48.1,148.73,218.18,341.21,60.18,28.2,82.36,48.6,119.58,121.92,375.69,374.39,372.67,374.28,374.7,4.99,0.031,349.31,2026-01-01 09:08:30,RS001,50,1,373.2,376.76,TYPE_A,1192,0.466,0.993,123.77,122.12,123.47,24.61,1,ire_ptfe_701_plc
701,2026-01-01 09:08:40,OP101,JOB3001,,2,49.34,47.86,147.94,221.11,339.37,61.01,30.25,82.57,48.35,120.52,121.63,376.79,374.95,371.09,379.16,376.56,5,0.024,352.24,2026-01-01 09:08:40,RS001,50,1,373.93,377.76,TYPE_B,1006,0.497,0.941,123.26,121.18,123.28,25.78,1,ire_ptfe_701_plc
701,2026-01-01 09:08:50,OP101,JOB3001,,2,50.36,48.85,149.67,217.72,339.57,61.55,31.68,82.77,49.35,120.73,121.57,375.5,374.78,372.91,374.01,372.15,5.035,0.033,348.45,2026-01-01 09:08:50,RS001,50,1,377.89,376.65,TYPE_B,1608,0.54,0.918,122.63,123.66,125.81,25.94,1,ire_ptfe_701_plc
701,2026-01-01 09:09:00,OP101,JOB3001,,2,49.55,48.06,149.29,222.93,340.82,59.42,30.02,82.97,48.56,120.05,121.5,373.85,374.23,371.76,378.12,374.91,4.998,0.028,350.66,2026-01-01 09:09:00,RS001,50,1,377.18,377.66,TYPE_A,1484,0.569,0.976,123.48,124.39,125.28,25.7,1,ire_ptfe_701_plc
701,2026-01-01 09:09:10,OP101,JOB3001,,2,50.52,49,146.87,219.21,339.5,58.01,28.4,83.17,49.51,118.87,119.31,375.34,378.27,373.04,379.73,373.08,5.015,0.037,352,2026-01-01 09:09:10,RS001,50,1,374.85,379.07,TYPE_B,1086,0.405,0.972,121.78,121.42,122.12,24.35,1,ire_ptfe_701_plc
701,2026-01-01 09:09:20,OP101,JOB3001,,2,49.77,48.28,150.6,220.83,338.67,60.61,31.74,83.37,48.77,118.01,120.24,374.68,373.86,371.3,374.38,372.05,5.001,0.03,352.86,2026-01-01 09:09:20,RS001,50,1,375.64,377.02,TYPE_A,1645,0.526,0.906,122.83,123.63,125.42,24.91,1,ire_ptfe_701_plc
701,2026-01-01 09:09:30,OP101,JOB3001,,2,49.41,47.93,145.56,221.07,339.3,59.29,30.04,83.57,48.42,120.52,119.11,372.91,377.64,373.93,379.32,377.67,4.964,0.032,351.11,2026-01-01 09:09:30,RS001,50,1,374.12,378.93,TYPE_A,1292,0.513,0.951,122.61,122.45,124.86,25.68,1,ire_ptfe_701_plc
701,2026-01-01 09:09:40,OP101,JOB3001,,2,49.48,48,147.16,221.27,339.36,62.75,31.85,83.77,48.49,118.16,119.92,372.95,376.95,371.48,378.55,375.85,4.963,0.026,347.23,2026-01-01 09:09:40,RS001,50,1,375.17,374.28,TYPE_A,1651,0.43,0.974,121.47,124.2,123.29,25.9,1,ire_ptfe_701_plc
701,2026-01-01 09:09:50,OP101,JOB3001,,2,49.42,47.94,153,219.79,341.65,61.75,28.39,83.97,48.43,121.05,121.76,376.52,377.94,376.23,374.25,376.51,4.965,0.032,351.48,2026-01-01 09:09:50,RS001,50,1,378.75,379.45,TYPE_B,1707,0.418,0.927,121.16,123.96,123.33,24.96,1,ire_ptfe_701_plc
701,2026-01-01 09:10:00,OP101,JOB3001,,2,50.79,49.27,147.47,217.9,338.4,59.93,31.85,84.17,49.77,118.25,120.35,372.45,378.94,376.78,377.3,375.31,4.963,0.028,351.33,2026-01-01 09:10:00,RS001,50,1,378.05,377.78,TYPE_A,1582,0.537,0.979,123.55,123.54,123.2,25.87,1,ire_ptfe_701_plc
701,2026-01-01 09:10:10,OP101,JOB3001,,2,49.65,48.16,148.09,221.04,340.31,59.56,30.8,84.37,48.66,121.8,122.94,375.47,376.71,372.85,375.97,377.87,5.026,0.031,348.17,2026-01-01 09:10:10,RS001,50,1,375.11,378.63,TYPE_B,1939,0.527,0.983,123.33,122.87,125.93,24.71,1,ire_ptfe_701_plc
701,2026-01-01 09:10:20,OP101,JOB3001,,2,49.4,47.92,152.47,221.9,341.43,62.08,31.76,84.57,48.41,120.99,121.03,372.48,375.04,373.72,378.48,373.47,4.962,0.039,350.84,2026-01-01 09:10:20,RS001,50,1,378.81,379.78,TYPE_A,1971,0.403,0.94,121.76,121.01,123.51,24.78,1,ire_ptfe_701_plc
701,2026-01-01 09:10:30,OP101,JOB3001,,2,49.56,48.07,147.45,219.8,339.03,62.35,29.42,84.77,48.57,121.74,119.53,376.59,375.9,372.04,374.62,377.16,5.009,0.03,352.97,2026-01-01 09:10:30,RS001,50,1,375.88,377.87,TYPE_A,1446,0.503,0.981,123.28,123.37,123.77,25.38,1,ire_ptfe_701_plc
701,2026-01-01 09:10:40,OP101,JOB3001,,2,50.67,49.15,149,222.19,341.68,58.88,30.9,84.97,49.66,119.88,119.93,376.65,378.64,374.74,379.44,375.51,4.97,0.02,348.81,2026-01-01 09:10:40,RS001,50,1,376.43,376.7,TYPE_A,1142,0.455,0.964,122.19,124.34,123.72,25.05,1,ire_ptfe_701_plc
701,2026-01-01 09:10:50,OP101,JOB3001,,2,50.54,49.02,150.53,222.87,341.32,59.95,31.77,85.17,49.53,121.54,121.82,377.77,377.23,371.94,376.4,377.69,4.997,0.034,352.12,2026-01-01 09:10:50,RS001,50,1,377.24,375.42,TYPE_B,1273,0.528,0.968,122.46,123.29,125.32,24.55,1,ire_ptfe_701_plc
701,2026-01-01 09:11:00,OP101,JOB3001,,2,49.47,47.99,146.74,219.59,339.67,61.14,28.56,85.37,48.48,120.61,119.78,376.67,376.84,373.83,379.68,373.66,4.952,0.037,352.01,2026-01-01 09:11:00,RS001,50,1,377.01,375.65,TYPE_A,1469,0.536,0.991,120.65,121.28,125.65,24.11,1,ire_ptfe_701_plc
701,2026-01-01 09:11:10,OP101,JOB3001,,2,50.27,48.76,145.33,222.94,339.94,57.67,31.56,85.57,49.26,119.1,120.12,372.62,376.97,373.22,374.08,375.94,5.031,0.035,347.18,2026-01-01 09:11:10,RS001,50,1,378.49,376.15,TYPE_A,1245,0.489,0.989,121.81,121.97,123.04,25.95,1,ire_ptfe_701_plc
701,2026-01-01 09:11:20,OP101,JOB3001,,2,50.36,48.85,148.81,220.03,341.86,59.89,31.03,85.77,49.35,121.27,122.38,372.51,374.02,375.34,379.88,376.33,5.049,0.021,352.33,2026-01-01 09:11:20,RS001,50,1,373.99,374.67,TYPE_B,1169,0.419,0.939,122.29,124.58,125.03,25.47,1,ire_ptfe_701_plc
701,2026-01-01 09:11:30,OP101,JOB3001,,2,49.22,47.74,152.16,222.16,338.22,59.32,29.06,85.97,48.24,120.55,121.92,377.95,373.87,373.67,379.79,377.57,5.01,0.031,348.03,2026-01-01 09:11:30,RS001,50,1,374.77,376.99,TYPE_B,1692,0.533,0.961,120.22,123.84,124.35,25.43,1,ire_ptfe_701_plc
701,2026-01-01 09:11:40,OP101,JOB3001,,2,49.22,47.74,153.65,218.63,340.93,57.58,31.69,86.17,48.24,118.48,120.79,372.52,373.22,373.6,377.05,373.24,5,0.032,351.18,2026-01-01 09:11:40,RS001,50,1,377,376.36,TYPE_A,1606,0.481,0.923,120.22,124.92,125.54,25.72,1,ire_ptfe_701_plc
701,2026-01-01 09:11:50,OP101,JOB3001,,2,49.29,47.81,150.69,221.91,341.93,60.41,28.23,86.37,48.3,118.45,119.06,375.73,375.89,373.07,378.04,373.76,4.995,0.037,350.71,2026-01-01 09:11:50,RS001,50,1,377.63,379.65,TYPE_B,1952,0.512,0.99,123.07,123.31,125.29,25.54,1,ire_ptfe_701_plc
701,2026-01-01 09:12:00,OP101,JOB3001,,2,49.8,48.31,154.02,219.88,340.72,58.71,30.17,86.57,48.8,118.11,119.56,373.9,374.51,375.63,375.28,373.03,5.048,0.022,351.92,2026-01-01 09:12:00,RS001,50,1,378.22,379.8,TYPE_B,1432,0.489,0.982,122.13,122.29,124.64,24.99,1,ire_ptfe_701_plc
701,2026-01-01 09:12:10,OP101,JOB3001,,2,49.39,47.91,153.2,217.61,339.43,60.99,28.64,86.77,48.4,118.27,119.66,375.91,374.62,373.4,379.3,376.23,4.98,0.03,348.17,2026-01-01 09:12:10,RS001,50,1,375.34,374.75,TYPE_A,1061,0.496,0.91,121,122.13,124.21,25.42,1,ire_ptfe_701_plc
701,2026-01-01 09:12:20,OP101,JOB3001,,2,50.66,49.14,146.69,217,339.86,60.21,29.59,86.97,49.65,118.64,120.78,372.27,377.55,372.32,374.93,377.78,5.024,0.025,351.33,2026-01-01 09:12:20,RS001,50,1,377.96,377.97,TYPE_B,1300,0.589,0.965,121.09,121.83,124.07,24.79,1,ire_ptfe_701_plc
701,2026-01-01 09:12:30,OP101,JOB3001,,2,49.72,48.23,147.08,217.03,338.72,62.25,30.7,87.17,48.73,119.93,121.95,375.63,376.93,372.71,375.66,376.91,4.969,0.021,350.03,2026-01-01 09:12:30,RS001,50,1,375.16,378.98,TYPE_B,1865,0.546,0.922,123.99,124.07,122.82,25.84,1,ire_ptfe_701_plc
701,2026-01-01 09:12:40,OP101,JOB3001,,2,49.59,48.1,145.71,219.73,339.11,59.53,30.04,87.37,48.6,121.45,122.45,374.69,378.25,376.11,376.57,377.59,4.979,0.028,352.25,2026-01-01 09:12:40,RS001,50,1,373.35,379.48,TYPE_A,1881,0.437,0.948,122.08,121.69,122.76,24.28,1,ire_ptfe_701_plc
701,2026-01-01 09:12:50,OP101,JOB3001,,2,50.03,48.53,146.23,221.66,339,59.84,28.98,87.58,49.03,119.32,119.02,377.94,376.92,373.9,376.78,376.41,5.049,0.03,349.5,2026-01-01 09:12:50,RS001,50,1,376.7,378.82,TYPE_B,1525,0.587,0.953,123.64,125,125.14,25.63,1,ire_ptfe_701_plc
701,2026-01-01 09:13:00,OP101,JOB3001,,2,49.68,48.19,154.39,218.4,340.68,57.38,28.47,87.78,48.69,121.7,121.38,375.26,378.78,372.27,379.58,375.76,5.022,0.032,349.31,2026-01-01 09:13:00,RS001,50,1,378.84,375.77,TYPE_A,1962,0.496,0.922,120.43,122.25,124.44,24.89,1,ire_ptfe_701_plc
701,2026-01-01 09:13:10,OP101,JOB3001,,2,49.61,48.12,152.37,221.14,340.73,57.87,28.27,87.98,48.62,121.43,120.17,375.14,373.73,373.21,376.56,376.4,4.985,0.027,351.55,2026-01-01 09:13:10,RS001,50,1,373.1,379.44,TYPE_B,1202,0.541,0.903,123.66,122.5,123.15,24.58,1,ire_ptfe_701_plc
701,2026-01-01 09:13:20,OP101,JOB3001,,2,49.73,48.24,147.99,218.89,340.96,61.08,28.41,88.18,48.74,121.94,122,374.68,378.93,376.99,379.08,372.19,4.994,0.024,352.64,2026-01-01 09:13:20,RS001,50,1,375.24,374.93,TYPE_A,1374,0.469,0.965,121.68,124.07,123.25,25.38,1,ire_ptfe_701_plc
701,2026-01-01 09:13:30,OP101,JOB3001,,2,49.82,48.33,147.41,217.65,338.85,59.07,28.98,88.38,48.82,121.91,119.41,372.5,373.29,376.5,379.26,373.94,4.976,0.032,350.55,2026-01-01 09:13:30,RS001,50,1,375.22,375.84,TYPE_B,1356,0.569,0.998,123.82,122.87,125.97,25.76,1,ire_ptfe_701_plc
701,2026-01-01 09:13:40,OP101,JOB3001,,2,50.23,48.72,147.48,219.08,338.38,59.55,28.12,88.58,49.23,118.2,119.58,376.02,375.41,374.67,379.79,372.5,4.953,0.03,347.72,2026-01-01 09:13:40,RS001,50,1,374.53,379.67,TYPE_B,1801,0.416,0.911,123.71,123.69,125.74,25.13,1,ire_ptfe_701_plc
701,2026-01-01 09:13:50,OP101,JOB3001,,2,49.41,47.93,154.89,220.15,338.98,62.88,30.33,88.78,48.42,120.4,120.94,377.26,376.33,374.54,379.96,372.43,4.999,0.036,352.19,2026-01-01 09:13:50,RS001,50,1,374.27,374.09,TYPE_A,1543,0.427,0.94,121.33,123.71,122.43,25.62,1,ire_ptfe_701_plc
701,2026-01-01 09:14:00,OP101,JOB3001,,2,49.38,47.9,146.66,218.53,339.07,61.86,31.66,88.98,48.39,118.47,120.27,374.87,375.16,375.16,378.92,374.87,4.953,0.031,347.74,2026-01-01 09:14:00,RS001,50,1,376.46,374.11,TYPE_B,1735,0.415,0.917,121.27,123.25,125.91,25.15,1,ire_ptfe_701_plc
701,2026-01-01 09:14:10,OP101,JOB3001,,2,49.96,48.46,152.06,218.29,339.37,61.54,30.27,89.18,48.96,118.89,120.06,372.7,375.46,373.07,375.89,377.59,4.956,0.024,348.63,2026-01-01 09:14:10,RS001,50,1,378.06,375.87,TYPE_A,1974,0.512,0.97,122.13,122.97,123.92,24.46,1,ire_ptfe_701_plc
701,2026-01-01 09:14:20,OP101,JOB3001,,2,50.22,48.71,153.38,217.79,338.06,57.76,30.53,89.38,49.22,121.18,121.68,373.99,378.73,373.63,379.77,374.53,5.006,0.024,352.47,2026-01-01 09:14:20,RS001,50,1,374.57,378.19,TYPE_A,1514,0.46,0.995,123.59,121.41,123.24,24.87,1,ire_ptfe_701_plc
701,2026-01-01 09:14:30,OP101,JOB3001,,2,50.46,48.95,145.18,222.91,340.56,58.97,29.83,89.58,49.45,121.62,122.97,377.81,376.85,376.44,376.39,377.98,5.014,0.039,352.78,2026-01-01 09:14:30,RS001,50,1,376.72,375.21,TYPE_A,1293,0.595,0.995,122.6,124.39,124.19,25.98,1,ire_ptfe_701_plc
701,2026-01-01 09:14:40,OP101,JOB3001,,2,50.09,48.59,153.36,218.01,338.27,57.81,28.09,89.78,49.09,120.53,121.47,372.31,373.32,375.55,378.59,375.21,5.037,0.023,350.38,2026-01-01 09:14:40,RS001,50,1,374.07,375.17,TYPE_A,1715,0.54,0.956,122.89,122.9,125.97,24.54,1,ire_ptfe_701_plc
701,2026-01-01 09:14:50,OP101,JOB3001,,2,50.4,48.89,152.96,218.21,341.18,57.75,30.11,89.98,49.39,119.21,119.84,376.25,374.26,374.19,378.08,374.32,4.992,0.028,347.41,2026-01-01 09:14:50,RS001,50,1,374.8,377.16,TYPE_B,1971,0.523,0.907,123.74,122.96,124.95,25.2,1,ire_ptfe_701_plc
701,2026-01-01 09:15:00,OP101,JOB3001,,2,50,48.5,153.69,218.71,341.92,61.08,31.83,90.18,49,120.88,122.47,375.95,376.92,372.21,379.93,372.76,4.982,0.032,347.13,2026-01-01 09:15:00,RS001,50,1,373,376.8,TYPE_B,1370,0.522,0.994,122.74,123.85,122.03,25.45,1,ire_ptfe_701_plc
701,2026-01-01 09:15:10,OP101,JOB3001,,2,48.98,47.51,151.75,218.83,341.34,58.08,31.86,90.38,48,119.82,121.68,376.44,376.56,373.06,374.72,377.16,4.96,0.027,349.16,2026-01-01 09:15:10,RS001,50,1,374.62,374.16,TYPE_A,1474,0.412,0.943,121.89,121.45,122.42,24.44,1,ire_ptfe_701_plc
701,2026-01-01 09:15:20,OP101,JOB3001,,2,47.96,46.52,146.02,218.55,338.11,57.22,31.32,90.58,47,118.14,121,375.67,374.78,373.09,377.69,374.71,4.97,0.029,351.05,2026-01-01 09:15:20,RS001,50,1,375.28,377.14,TYPE_A,1555,0.566,0.924,120.87,121.59,125.02,25.15,1,ire_ptfe_701_plc
701,2026-01-01 09:15:30,OP101,JOB3001,,2,46.94,45.53,147.51,218.59,339.09,59.47,29.5,90.78,46,118.19,120.13,376.7,373.3,374.35,376.94,373.49,4.972,0.04,349.71,2026-01-01 09:15:30,RS001,50,1,376.14,378.91,TYPE_B,1360,0.524,0.922,122.7,123,123.27,25.48,1,ire_ptfe_701_plc
701,2026-01-01 09:15:40,OP101,JOB3001,,2,45.92,44.54,151.21,217.29,341.4,59.24,31.28,90.98,45,121.03,121.23,375.93,373.54,373.86,376.13,375.74,5.005,0.021,349.95,2026-01-01 09:15:40,RS001,50,1,377.31,375.66,TYPE_B,1249,0.459,0.952,120.08,121.54,122.82,25.71,1,ire_ptfe_701_plc
701,2026-01-01 09:15:50,OP101,JOB3001,,2,44.9,43.55,152.48,220.46,340.74,62.26,31.24,91.18,44,120.19,121.84,377.74,375.65,374.22,375.92,372.15,5.024,0.039,348.64,2026-01-01 09:15:50,RS001,50,1,377.21,378.34,TYPE_A,1815,0.494,0.927,120.18,123.24,125.44,25.5,1,ire_ptfe_701_plc
701,2026-01-01 09:16:00,OP101,JOB3001,,2,43.88,42.56,154.3,219.68,341.13,60.68,31.92,91.38,43,119.78,120.07,373.75,373.9,372.33,379.48,372.12,5.009,0.036,347.2,2026-01-01 09:16:00,RS001,50,1,373.48,375.81,TYPE_B,1727,0.56,0.985,120.75,122.08,123.85,25.7,1,ire_ptfe_701_plc
701,2026-01-01 09:16:10,OP101,JOB3001,,2,42.86,41.57,147.15,220.2,339.24,62.77,31.85,91.58,42,119.49,120.78,375.22,375.58,371.36,377.39,375.82,4.955,0.04,350.19,2026-01-01 09:16:10,RS001,50,1,373.78,377.03,TYPE_B,1792,0.489,0.918,123.85,121.77,125.82,25.53,1,ire_ptfe_701_plc
701,2026-01-01 09:16:20,OP101,JOB3001,,2,41.84,40.58,145.06,219.08,338.37,57.78,30.16,91.78,41,120.94,121.16,374.24,373.18,375.61,376.61,373.28,4.98,0.028,351.34,2026-01-01 09:16:20,RS001,50,1,374.54,379.26,TYPE_B,1875,0.413,0.992,120.07,124.16,124.65,24.41,1,ire_ptfe_701_plc
701,2026-01-01 09:16:30,OP101,JOB3001,,2,40.82,39.6,148.2,220.87,338.03,61.1,31.32,91.98,40,119.35,120.44,374.56,373.55,371.71,377.92,374.26,5.035,0.025,348.58,2026-01-01 09:16:30,RS001,50,1,374.25,376.38,TYPE_B,1136,0.57,0.914,122.13,122.52,122.36,24.64,1,ire_ptfe_701_plc
701,2026-01-01 09:16:40,OP101,JOB3001,,2,39.8,38.61,147.9,218.51,341.21,62.97,28.85,92.18,39,121.84,121.94,377.01,376.07,376.53,376.46,376.15,4.961,0.029,348.05,2026-01-01 09:16:40,RS001,50,1,376.88,377.93,TYPE_A,1863,0.503,0.925,123.02,124.15,123.2,25.22,1,ire_ptfe_701_plc
701,2026-01-01 09:16:50,OP101,JOB3001,,2,38.78,37.62,154.73,220.01,339.07,62.73,29.93,92.38,38,120.58,120.42,377.94,376.56,375.63,376.75,376.25,4.998,0.036,347.56,2026-01-01 09:16:50,RS001,50,1,374.61,378.67,TYPE_B,1896,0.544,0.933,122.2,123.35,124.66,24.62,1,ire_ptfe_701_plc
701,2026-01-01 09:17:00,OP101,JOB3001,,2,37.76,36.63,150.07,219.83,340.15,57.37,29.7,92.59,37,121.76,119.2,372.24,378.18,371.17,377.35,373.83,4.972,0.038,349.81,2026-01-01 09:17:00,RS001,50,1,377.72,375.46,TYPE_B,1518,0.534,0.913,120.58,123.83,124.54,24.33,1,ire_ptfe_701_plc
701,2026-01-01 09:17:10,OP101,JOB3001,,2,36.73,35.63,145.24,222.31,338.54,57.45,31.54,92.79,36,119.63,122.54,374.52,373.88,372.22,374.91,377.73,5.006,0.02,348.47,2026-01-01 09:17:10,RS001,50,1,374.15,374.66,TYPE_B,1436,0.513,0.973,120.12,123.62,125.39,25.46,1,ire_ptfe_701_plc
701,2026-01-01 09:17:20,OP101,JOB3001,,2,35.71,34.64,145.8,218.8,338.77,60.57,31.45,92.99,35,121.05,120.7,376.63,375.68,375.15,379.65,377.91,4.963,0.035,350.43,2026-01-01 09:17:20,RS001,50,1,375.26,374.27,TYPE_A,1525,0.406,0.909,120.33,121.47,122.76,25.11,1,ire_ptfe_701_plc
701,2026-01-01 09:17:30,OP101,JOB3001,,2,34.69,33.65,153.78,220.91,340.84,57.41,30.49,93.19,34,119.83,119.1,372.07,376.14,375.45,376.81,374.29,5.028,0.022,348.39,2026-01-01 09:17:30,RS001,50,1,374.04,378.37,TYPE_B,1102,0.45,0.946,120.18,121.98,123.13,25.48,1,ire_ptfe_701_plc
701,2026-01-01 09:17:40,OP101,JOB3001,,2,33.67,32.66,150.98,220.42,341.41,62.91,31.31,93.39,33,118.17,120.2,372.76,376.2,371.95,378.9,376,4.958,0.032,349.04,2026-01-01 09:17:40,RS001,50,1,378.51,376.57,TYPE_A,1556,0.484,0.917,120.89,123.72,122.46,24.23,1,ire_ptfe_701_plc
701,2026-01-01 09:17:50,OP101,JOB3001,,2,32.65,31.67,147.61,222.83,338.49,60.15,31.42,93.59,32,119.96,120.41,374.02,376.64,375.59,377.41,376.34,5.048,0.034,352.99,2026-01-01 09:17:50,RS001,50,1,373.16,375.16,TYPE_A,1171,0.553,0.904,121.64,122.81,124.33,24.44,1,ire_ptfe_701_plc
701,2026-01-01 09:18:00,OP101,JOB3001,,2,31.63,30.68,148.95,221.54,341.77,61.26,28.49,93.79,31,120.43,120.65,372.52,377.72,375.39,379.48,376.17,5.004,0.036,351.32,2026-01-01 09:18:00,RS001,50,1,374.03,375.86,TYPE_B,1053,0.524,0.957,122.26,122.31,125.12,25.39,1,ire_ptfe_701_plc
701,2026-01-01 09:18:10,OP101,JOB3001,,2,30.61,29.69,149.62,222.9,341.44,59.24,31.07,93.99,30,119.42,120.44,374.72,375.03,374.2,376.17,377.01,5.001,0.037,347.12,2026-01-01 09:18:10,RS001,50,1,377.92,377.35,TYPE_B,1192,0.53,0.999,122.03,122.38,125.37,24.66,1,ire_ptfe_701_plc
701,2026-01-01 09:18:20,OP101,JOB3001,,2,29.59,28.7,153.66,222.33,339.68,61.87,29.06,94.19,29,121.65,120.66,372.62,378.04,376.97,377.63,375.82,5.024,0.032,349.1,2026-01-01 09:18:20,RS001,50,1,374.82,377.04,TYPE_B,1867,0.503,0.988,121.39,122.96,122.13,25.12,1,ire_ptfe_701_plc
701,2026-01-01 09:18:30,OP101,JOB3001,,2,28.57,27.71,145.93,220.87,338.93,62.77,30.71,94.39,28,121.97,121.15,376.29,373.2,376.62,374.85,372.54,5.044,0.037,351.26,2026-01-01 09:18:30,RS001,50,1,373.17,377.76,TYPE_A,1057,0.573,0.908,120.42,122.37,125.99,24.69,1,ire_ptfe_701_plc
701,2026-01-01 09:18:40,OP101,JOB3001,,2,27.55,26.72,147.13,219.77,339.99,59.11,28.91,94.59,27,119.26,121.1,376.54,374.27,374.23,375.63,374.25,5.032,0.025,352.25,2026-01-01 09:18:40,RS001,50,1,378.25,378.15,TYPE_A,1106,0.552,0.977,121.64,121.99,123.44,25.79,1,ire_ptfe_701_plc
701,2026-01-01 09:18:50,OP101,JOB3001,,2,26.53,25.73,146.65,218.1,341.9,61.45,28.11,94.79,26,118.33,119.64,375.53,377.04,376,375.61,373.06,4.969,0.029,350.44,2026-01-01 09:18:50,RS001,50,1,374.65,376.64,TYPE_A,1367,0.524,0.971,120.24,122.6,122.71,25.71,1,ire_ptfe_701_plc
701,2026-01-01 09:19:00,OP101,JOB3001,,2,25.51,24.74,150.68,219.89,340.6,60.83,31.82,94.99,25,119.15,120.25,376.25,378.57,371,376.29,375.4,5.006,0.037,350.77,2026-01-01 09:19:00,RS001,50,1,376.95,374.52,TYPE_B,1855,0.575,0.9,123.98,123.09,125.32,24.19,1,ire_ptfe_701_plc
701,2026-01-01 09:19:10,OP101,JOB3001,,2,24.49,23.76,153.98,221.3,341.33,57.09,30.91,95.19,24,121.94,121.86,374.84,378.12,371.57,374.51,373.55,5.017,0.026,347.2,2026-01-01 09:19:10,RS001,50,1,374.23,378.72,TYPE_A,1937,0.46,0.926,122.74,121.37,125.85,25.31,1,ire_ptfe_701_plc
701,2026-01-01 09:19:20,OP101,JOB3001,,2,23.47,22.77,152.21,217.49,339.17,62.39,29.78,95.39,23,119.26,119.53,376.72,374.48,375.54,375.15,375.67,4.968,0.03,348.87,2026-01-01 09:19:20,RS001,50,1,374.43,376.96,TYPE_B,1773,0.598,0.917,120.81,122.68,124.32,25.38,1,ire_ptfe_701_plc
701,2026-01-01 09:19:30,OP101,JOB3001,,2,22.45,21.78,154.91,217.99,338.05,61,28.5,95.59,22,119.75,120.31,376.51,373.13,375.12,378.3,373.93,5.027,0.026,349.02,2026-01-01 09:19:30,RS001,50,1,377.95,378.76,TYPE_B,1732,0.429,0.947,120.85,121.35,124.95,25.1,1,ire_ptfe_701_plc
701,2026-01-01 09:19:40,OP101,JOB3001,,2,21.43,20.79,153.98,221.32,338.24,57.69,29.58,95.79,21,120.6,121.12,375.71,373.41,371.44,379.03,375.52,4.995,0.036,348.36,2026-01-01 09:19:40,RS001,50,1,377.07,376.87,TYPE_A,1938,0.516,0.987,122.29,123.23,124.17,24.89,1,ire_ptfe_701_plc
701,2026-01-01 09:19:50,OP101,JOB3001,,2,20.41,19.8,153.04,222.06,339.75,62.43,31.53,95.99,20,121,122.5,372.98,378.36,376.03,375.59,375.29,4.96,0.036,347.91,2026-01-01 09:19:50,RS001,50,1,375.2,378.83,TYPE_B,1535,0.568,0.953,123.11,122.02,124.87,24.35,1,ire_ptfe_701_plc
701,2026-01-01 09:20:00,OP101,JOB3001,,2,19.39,18.81,152.95,218.96,339.34,57.97,28.38,96.19,19,119.43,122.21,373.48,376.9,371.62,376.59,374.19,5.03,0.031,350.56,2026-01-01 09:20:00,RS001,50,1,374.87,377.48,TYPE_B,1518,0.403,0.906,120.38,123.89,124.74,24.91,1,ire_ptfe_701_plc
701,2026-01-01 09:20:10,OP101,JOB3001,,2,18.37,17.82,146.68,217.41,340.06,59.37,29.92,96.39,18,120.98,122.15,376.27,376.74,372.54,375.6,373.3,5.023,0.022,350.36,2026-01-01 09:20:10,RS001,50,1,375.88,377.34,TYPE_B,1944,0.44,0.995,120.17,123.39,125.48,24.83,1,ire_ptfe_701_plc
701,2026-01-01 09:20:20,OP101,JOB3001,,2,17.35,16.83,145.58,220.93,340.18,62.25,28.73,96.59,17,120.09,122.81,373.87,378.39,373.56,377.33,372.53,5.045,0.029,352.71,2026-01-01 09:20:20,RS001,50,1,373.92,377.11,TYPE_A,1188,0.488,0.929,121.42,123.32,122.98,24.29,1,ire_ptfe_701_plc
701,2026-01-01 09:20:30,OP101,JOB3001,,2,16.33,15.84,152.1,221.49,338.59,58.59,28.19,96.79,16,118.27,122.89,376.85,376.43,373.71,375.53,375.16,4.981,0.04,347.55,2026-01-01 09:20:30,RS001,50,1,373.5,376.87,TYPE_A,1725,0.572,0.945,123.66,122.14,122.34,25.77,1,ire_ptfe_701_plc
701,2026-01-01 09:20:40,OP101,JOB3001,,2,15.31,14.85,145.91,220.8,341.98,57.8,28.02,96.99,15,121.9,119.74,375.17,376.02,376.54,374.04,374.9,4.991,0.032,352.07,2026-01-01 09:20:40,RS001,50,1,378.74,376.41,TYPE_B,1446,0.471,0.997,122.12,121.29,123.29,25.32,1,ire_ptfe_701_plc
701,2026-01-01 09:20:50,OP101,JOB3001,,2,14.29,13.86,148.52,220.18,338.37,59.52,31.17,97.19,14,119.56,121.34,377.44,373.72,372.96,379.89,373.42,5.012,0.024,350.28,2026-01-01 09:20:50,RS001,50,1,373.69,378.71,TYPE_B,1334,0.543,0.901,122.64,123.95,124.45,25.94,1,ire_ptfe_701_plc
701,2026-01-01 09:21:00,OP101,JOB3001,,2,13.27,12.87,154.05,217.92,338.68,61.21,29.75,97.39,13,121.64,119.75,375.33,378.51,372,375.66,377.52,5.009,0.031,348.27,2026-01-01 09:21:00,RS001,50,1,374.99,379.76,TYPE_B,1814,0.486,0.919,122.97,122.76,123.57,25.21,1,ire_ptfe_701_plc
701,2026-01-01 09:21:10,OP101,JOB3001,,2,12.24,11.87,150.52,221.4,340.85,59.08,28.68,97.6,12,119.02,120.77,375.76,376.81,371.42,379.95,376.21,5.039,0.022,347.24,2026-01-01 09:21:10,RS001,50,1,377.9,378.75,TYPE_A,1164,0.411,0.912,122.62,121.85,124.05,24.1,1,ire_ptfe_701_plc
701,2026-01-01 09:21:20,OP101,JOB3001,,2,11.22,10.88,153.62,219.49,338.06,58.53,31.06,97.8,11,120.35,120.74,375.39,373.06,374.82,377.59,377.1,5.032,0.036,352.09,2026-01-01 09:21:20,RS001,50,1,378.73,374.95,TYPE_A,1119,0.59,0.953,122.73,122.93,124.32,24.73,1,ire_ptfe_701_plc
701,2026-01-01 09:21:30,OP101,JOB3001,,2,10.2,9.89,151.29,217.82,338.66,61.92,31.94,98,10,121.74,119.13,377.43,375.56,371.53,374.87,373.39,5.01,0.028,350.86,2026-01-01 09:21:30,RS001,50,1,374.07,377.5,TYPE_A,1712,0.583,0.906,122.16,124.24,125.78,25.88,1,ire_ptfe_701_plc
701,2026-01-01 09:21:40,OP101,JOB3001,,2,9.18,8.9,145.86,219.86,341.67,59.76,30.16,98.2,9,120.65,119.93,375.88,375.42,376.79,376.88,374.1,5.005,0.037,352.93,2026-01-01 09:21:40,RS001,50,1,375.9,379.29,TYPE_B,1615,0.481,0.957,121.19,124.53,125.66,25.13,1,ire_ptfe_701_plc
701,2026-01-01 09:21:50,OP101,JOB3001,,2,8.16,7.92,146.36,218.01,338.22,59.83,30.72,98.4,8,119.73,120.16,377.67,377.17,374.72,376.21,373.49,5.018,0.02,352.5,2026-01-01 09:21:50,RS001,50,1,373.13,377.19,TYPE_A,1295,0.472,0.979,123.17,123.45,122.45,24.49,1,ire_ptfe_701_plc
701,2026-01-01 09:22:00,OP101,JOB3001,,2,7.14,6.93,145.92,220.13,339.79,61.55,30.4,98.6,7,121.49,121.11,375.05,373.33,376.2,374.21,374.56,4.959,0.037,348.87,2026-01-01 09:22:00,RS001,50,1,377.99,377.82,TYPE_B,1766,0.458,0.901,122.3,124.24,125.25,25.53,1,ire_ptfe_701_plc
701,2026-01-01 09:22:10,OP101,JOB3001,,2,6.12,5.94,148.48,219.4,339.13,57.32,29.96,98.8,6,120.84,121.62,375.29,374.91,376.26,375.59,377.62,4.965,0.025,348.09,2026-01-01 09:22:10,RS001,50,1,375.22,376.67,TYPE_A,1121,0.457,0.948,122.51,124.36,125.39,24.16,1,ire_ptfe_701_plc
701,2026-01-01 09:22:20,OP101,JOB3001,,2,5.1,4.95,148,222.13,338.4,60.56,31.91,99,5,120.74,121.71,377.1,378.83,375.86,374.07,375.55,5.039,0.029,349.84,2026-01-01 09:22:20,RS001,50,1,374.67,379.32,TYPE_A,1796,0.545,0.958,120.55,123.92,124.14,25.15,1,ire_ptfe_701_plc
701,2026-01-01 09:22:30,OP101,JOB3001,,1,4.08,3.96,153.72,218.16,339.56,59.04,30.11,99.2,4,119.46,120.6,374.23,376.11,373.68,374.48,377.54,4.998,0.033,347.1,2026-01-01 09:22:30,RS001,50,1,375.89,377.24,TYPE_B,1258,0.401,0.958,122.18,122.81,125.91,25.35,1,ire_ptfe_701_plc
701,2026-01-01 09:22:40,OP101,JOB3001,,1,3.06,2.97,146.55,219.9,338.28,61.05,28.2,99.4,3,121.86,120.25,373.74,373.79,373.19,374.17,372.95,5.015,0.036,352.26,2026-01-01 09:22:40,RS001,50,1,374.83,375.93,TYPE_B,1936,0.419,0.99,121.37,124.64,125.56,24.51,1,ire_ptfe_701_plc
701,2026-01-01 09:22:50,OP101,JOB3001,,1,2.04,1.98,153.82,221.76,339.03,61.97,30.1,99.6,2,120.15,121.55,373.44,378.61,371.14,379.29,375.18,4.984,0.028,352.87,2026-01-01 09:22:50,RS001,50,1,378.66,374.38,TYPE_B,1191,0.526,0.983,122.58,122.11,123.02,24.72,1,ire_ptfe_701_plc
701,2026-01-01 09:23:00,OP101,JOB3001,,1,1.02,0.99,147.05,220.85,340.93,58.99,29.2,99.8,1,119.27,119.9,372.35,378.86,374.43,377.59,376.15,5.007,0.027,351.26,2026-01-01 09:23:00,RS001,50,1,377.45,379.79,TYPE_A,1956,0.592,0.996,122.35,123.97,124.92,25.72,1,ire_ptfe_701_plc
701,2026-01-01 09:23:10,OP101,JOB3001,,1,0,0,147.51,217.14,338.76,58.92,28.52,100,0,118.04,119.64,375.31,378.23,371.03,376.93,374.42,5,0.025,351.16,2026-01-01 09:23:10,RS001,50,1,378.27,377.74,TYPE_A,1811,0.44,0.942,123.8,121.51,124.14,25.42,1,ire_ptfe_701_plc
701,2026-01-01 09:23:20,OP102,JOB3002,,1,0,0,148.31,222.1,338.49,62.85,31.05,0,0,120.22,121.82,374.19,377.57,376.16,378.63,374.99,5.01,0.029,350,2026-01-01 09:23:20,RS002,50,1,374.24,376.44,TYPE_A,1974,0.441,0.996,123.62,123.42,124.91,24.25,2,ire_ptfe_701_plc
701,2026-01-01 09:23:30,OP102,JOB3002,,1,2.08,2.02,147.58,219.75,339.84,61.37,29.94,0.2,2.04,118.72,122.82,374.99,375.67,376.01,374.4,377.89,4.975,0.039,351.38,2026-01-01 09:23:30,RS002,50,1,378.53,376.49,TYPE_A,1841,0.418,0.913,122.28,124.73,124.82,25.36,2,ire_ptfe_701_plc
701,2026-01-01 09:23:40,OP102,JOB3002,,1,4.17,4.04,149.03,221.43,340.72,57.21,31.6,0.4,4.09,120.34,121.89,377.87,374.99,373.73,375.3,376.53,5.008,0.03,352.22,2026-01-01 09:23:40,RS002,50,1,374.72,377.35,TYPE_A,1535,0.51,0.986,122.87,122.49,124.52,25.99,2,ire_ptfe_701_plc
701,2026-01-01 09:23:50,OP102,JOB3002,,2,6.25,6.06,150.21,221.88,338.37,58.08,28.92,0.6,6.12,120.31,121.67,377,378.53,373.54,377.39,375.5,4.967,0.035,349.77,2026-01-01 09:23:50,RS002,50,1,378.08,376.42,TYPE_A,1958,0.489,0.934,122.6,124.91,122.17,25.71,2,ire_ptfe_701_plc
701,2026-01-01 09:24:00,OP102,JOB3002,,2,8.33,8.08,150.61,219.21,338.93,57.29,28.47,0.8,8.16,121.32,120.7,372.98,375.4,374.62,378.77,376.68,5.006,0.029,347.52,2026-01-01 09:24:00,RS002,50,1,377.07,374.85,TYPE_A,1320,0.41,0.933,120.76,121.85,122.98,25.35,2,ire_ptfe_701_plc
701,2026-01-01 09:24:10,OP102,JOB3002,,2,10.42,10.11,150.85,219.87,338.42,59.36,31.49,1,10.21,118.56,121.41,376.75,376.39,375.26,374.53,377.12,5.023,0.038,349.93,2026-01-01 09:24:10,RS002,50,1,377.59,379.46,TYPE_A,1057,0.503,0.926,123.58,124.94,122.13,24.57,2,ire_ptfe_701_plc
701,2026-01-01 09:24:20,OP102,JOB3002,,2,12.5,12.12,148.23,221.44,341.14,62.61,28.21,1.2,12.25,119.28,120.99,377.02,378.74,376.47,376.62,376.36,5.022,0.022,350.84,2026-01-01 09:24:20,RS002,50,1,373.03,376.76,TYPE_B,1369,0.478,0.951,122.19,123.56,125.26,24.71,2,ire_ptfe_701_plc
701,2026-01-01 09:24:30,OP102,JOB3002,,2,14.58,14.14,147.82,222.28,340.81,61.17,28.25,1.4,14.29,118.02,120.76,373.37,376.4,375.95,374.12,376.16,5.03,0.039,349.85,2026-01-01 09:24:30,RS002,50,1,378.88,374.78,TYPE_B,1821,0.494,0.918,122.74,124.92,122.33,25.57,2,ire_ptfe_701_plc
701,2026-01-01 09:24:40,OP102,JOB3002,,2,16.67,16.17,145.97,218.55,338.5,57.97,29.51,1.6,16.34,121.52,120.02,373.34,375.43,373.42,376.67,372.23,5.038,0.029,347.55,2026-01-01 09:24:40,RS002,50,1,373.01,378.92,TYPE_B,1736,0.469,0.906,123.93,122.98,122.7,25.16,2,ire_ptfe_701_plc
701,2026-01-01 09:24:50,OP102,JOB3002,,2,18.75,18.19,151.29,218.67,339.77,62.33,31.21,1.8,18.38,121.3,119.02,375.56,375.17,372.64,377.75,372.66,5.031,0.029,349.88,2026-01-01 09:24:50,RS002,50,1,375.58,377.59,TYPE_B,1431,0.529,0.949,120.45,124.2,122.99,24.21,2,ire_ptfe_701_plc
701,2026-01-01 09:25:00,OP102,JOB3002,,2,20.83,20.21,151.52,218.71,338.31,62.31,31.52,2,20.41,121.22,120.51,373.86,374.73,374.11,377,373.02,4.965,0.023,351.2,2026-01-01 09:25:00,RS002,50,1,377.98,376.88,TYPE_B,1254,0.52,0.964,123.67,121.68,123.94,24.56,2,ire_ptfe_701_plc
701,2026-01-01 09:25:10,OP102,JOB3002,,2,22.92,22.23,147.43,218.63,341.8,61.8,31.92,2.2,22.46,120.68,121.69,373.53,374.69,371.18,378.14,372.87,4.991,0.034,347.59,2026-01-01 09:25:10,RS002,50,1,374.67,379.93,TYPE_A,1172,0.503,0.949,123.43,124.7,122.74,25.73,2,ire_ptfe_701_plc
701,2026-01-01 09:25:20,OP102,JOB3002,,2,25,24.25,148.1,220.27,339.1,58.06,30.18,2.4,24.5,118.37,122.18,374.86,376.74,376.82,375.36,374.3,5.023,0.039,350.87,2026-01-01 09:25:20,RS002,50,1,374.74,374.2,TYPE_B,1774,0.49,0.94,123.45,123.81,123.72,24.47,2,ire_ptfe_701_plc
701,2026-01-01 09:25:30,OP102,JOB3002,,2,27.08,26.27,150.22,221.76,341.89,57.7,29.75,2.61,26.54,118.84,119.99,375.06,373.37,371.35,375.66,376.16,4.993,0.025,351.96,2026-01-01 09:25:30,RS002,50,1,375.79,379.94,TYPE_B,1801,0.586,0.952,120.98,123.44,125.79,25.53,2,ire_ptfe_701_plc
701,2026-01-01 09:25:40,OP102,JOB3002,,2,29.17,28.29,152.81,220.37,338.48,61.45,29.58,2.81,28.59,121.01,121.41,374.72,375.39,373.64,375.01,373.12,5.019,0.024,351.4,2026-01-01 09:25:40,RS002,50,1,373.47,378.09,TYPE_A,1135,0.464,0.91,121.87,121.4,124.17,25.39,2,ire_ptfe_701_plc
701,2026-01-01 09:25:50,OP102,JOB3002,,2,31.25,30.31,146.2,221.32,339.45,57.26,31.79,3.01,30.62,118.13,122.08,376.44,376.13,375.33,374.31,377.1,5.006,0.037,347.96,2026-01-01 09:25:50,RS002,50,1,375.9,378.3,TYPE_B,1760,0.558,0.951,122.19,121.82,124.98,25.67,2,ire_ptfe_701_plc
701,2026-01-01 09:26:00,OP102,JOB3002,,2,33.33,32.33,153.4,222.25,340.1,62.16,31.86,3.21,32.66,121.87,122.33,374.51,378.28,373.17,374.93,374.83,5.005,0.037,347.6,2026-01-01 09:26:00,RS002,50,1,377.24,379.83,TYPE_B,1940,0.542,0.96,122.95,124.66,124.57,24.86,2,ire_ptfe_701_plc
701,2026-01-01 09:26:10,OP102,JOB3002,,2,35.42,34.36,153.17,217.65,339.43,58.28,28.97,3.41,34.71,118.41,121.37,376.47,375.88,376.77,376.71,374.33,5.016,0.035,351.9,2026-01-01 09:26:10,RS002,50,1,374.88,374.12,TYPE_A,1968,0.594,0.902,123.57,121.68,122.3,24.65,2,ire_ptfe_701_plc
701,2026-01-01 09:26:20,OP102,JOB3002,,2,37.5,36.38,145.15,221.24,341.7,60.31,28.84,3.61,36.75,119.89,120.8,376.87,377.96,372.39,378.36,375.42,4.964,0.026,351.01,2026-01-01 09:26:20,RS002,50,1,373.3,378.38,TYPE_B,1449,0.417,0.982,122.36,122.69,123.6,25.27,2,ire_ptfe_701_plc
701,2026-01-01 09:26:30,OP102,JOB3002,,2,39.58,38.39,152.84,221.17,341.61,57.37,28.28,3.81,38.79,120.42,122.88,374.97,377.3,375.03,377.4,377.25,4.996,0.038,350.42,2026-01-01 09:26:30,RS002,50,1,375.78,375.54,TYPE_B,1785,0.59,0.962,123.19,122.49,122.07,24.47,2,ire_ptfe_701_plc
701,2026-01-01 09:26:40,OP102,JOB3002,,2,41.67,40.42,150.79,220.11,338.68,57.51,30.69,4.01,40.84,118.53,122.43,376.86,374.54,374.21,379.19,373.73,5.013,0.024,348.3,2026-01-01 09:26:40,RS002,50,1,378.25,374.3,TYPE_B,1710,0.545,0.938,120.26,124.99,123.64,25.59,2,ire_ptfe_701_plc
701,2026-01-01 09:26:50,OP102,JOB3002,,2,43.75,42.44,148.01,220.04,339.6,59.45,30.74,4.21,42.88,121.19,119.71,375.46,378.52,372.28,374.37,372.5,4.99,0.027,350.66,2026-01-01 09:26:50,RS002,50,1,374.51,378.72,TYPE_A,1791,0.582,1,123.26,122.29,122.83,24.93,2,ire_ptfe_701_plc
701,2026-01-01 09:27:00,OP102,JOB3002,,2,45.83,44.46,147.67,221.99,340.16,58.52,28.37,4.41,44.91,120.24,120.58,373.17,378.72,372.85,374.06,374.47,5.045,0.022,352.97,2026-01-01 09:27:00,RS002,50,1,375.81,375.03,TYPE_A,1868,0.516,0.96,121.8,123.8,124.2,24.13,2,ire_ptfe_701_plc
701,2026-01-01 09:27:10,OP102,JOB3002,,2,47.92,46.48,150.33,220.84,340.75,59.93,31.92,4.61,46.96,120.27,122.15,373.24,374,375.2,377,373.73,4.995,0.021,347.7,2026-01-01 09:27:10,RS002,50,1,377.19,378.85,TYPE_B,1623,0.405,0.921,120.45,123.02,122.89,25.44,2,ire_ptfe_701_plc
701,2026-01-01 09:27:20,OP102,JOB3002,,2,50,48.5,151.5,218.07,341.7,58.2,28.34,4.81,49,121.24,120.74,377.39,374.28,375.49,379.77,374.6,4.972,0.028,347.73,2026-01-01 09:27:20,RS002,50,1,373.47,374.7,TYPE_B,1856,0.527,0.988,120.05,123.94,125.4,24.88,2,ire_ptfe_701_plc
701,2026-01-01 09:27:30,OP102,JOB3002,,2,49.6,48.11,150.36,219.11,340.15,60.29,31.53,5.01,48.61,118.14,120.53,372.86,378.85,371.99,375.94,375.93,4.998,0.029,351.65,2026-01-01 09:27:30,RS002,50,1,376.61,379.75,TYPE_B,1549,0.432,0.974,121.27,122.53,125.31,24.42,2,ire_ptfe_701_plc
701,2026-01-01 09:27:40,OP102,JOB3002,,2,50.02,48.52,154.65,217.23,339.28,59.79,30.51,5.21,49.02,119.09,120.14,377.58,373.43,374.65,378.12,372.24,5.04,0.037,348.02,2026-01-01 09:27:40,RS002,50,1,374.13,379.54,TYPE_B,1826,0.529,0.934,123.74,121.64,123.71,25.75,2,ire_ptfe_701_plc
701,2026-01-01 09:27:50,OP102,JOB3002,,2,50,48.5,147.92,218.77,338.67,58.98,29.89,5.41,49,118.05,119.82,375.49,375.99,372.8,378.89,377.65,4.967,0.037,349.28,2026-01-01 09:27:50,RS002,50,1,374.64,374.23,TYPE_B,1387,0.571,0.944,122.74,121.9,122.34,24.29,2,ire_ptfe_701_plc
701,2026-01-01 09:28:00,OP102,JOB3002,,2,49.42,47.94,154.35,217.93,339.58,58.83,30.52,5.61,48.43,119.32,122.98,372.53,377.62,376.94,379.89,373.3,5.012,0.027,349.94,2026-01-01 09:28:00,RS002,50,1,376.01,378.07,TYPE_A,1150,0.513,0.915,121.95,122.46,124.29,25.2,2,ire_ptfe_701_plc
701,2026-01-01 09:28:10,OP102,JOB3002,,2,50.1,48.6,146.12,222.02,340.48,58.68,31.81,5.81,49.1,120.43,119.6,372.05,376.67,373.83,378.58,372.53,5.046,0.023,349.95,2026-01-01 09:28:10,RS002,50,1,375.12,376.18,TYPE_B,1944,0.482,0.949,122.39,121.7,122.78,25.74,2,ire_ptfe_701_plc
701,2026-01-01 09:28:20,OP102,JOB3002,,2,50.15,48.65,154.98,217.1,340.46,58.79,29.61,6.01,49.15,119.79,119.55,374.77,373.87,372.63,376.77,374.2,4.968,0.028,350.35,2026-01-01 09:28:20,RS002,50,1,375.46,376.22,TYPE_A,1520,0.577,0.997,120.36,124.23,123.32,25.11,2,ire_ptfe_701_plc
701,2026-01-01 09:28:30,OP102,JOB3002,,2,49.48,48,151.46,222.55,340.67,62.15,30.03,6.21,48.49,118.03,119.92,376.64,375.77,374.48,375.32,373.15,5.018,0.027,351.97,2026-01-01 09:28:30,RS002,50,1,377.25,375.41,TYPE_B,1495,0.488,0.95,121.52,123.17,122.24,24.92,2,ire_ptfe_701_plc
701,2026-01-01 09:28:40,OP102,JOB3002,,2,49.44,47.96,148.43,221.79,341.9,60.87,31.17,6.41,48.45,119.96,122.18,376.68,376.78,376.62,374.29,373.53,5.021,0.031,351.47,2026-01-01 09:28:40,RS002,50,1,377.44,378.84,TYPE_B,1144,0.493,0.911,120.55,121.76,123.81,25.67,2,ire_ptfe_701_plc
701,2026-01-01 09:28:50,OP102,JOB3002,,2,49.67,48.18,148.95,222.84,338.75,60.26,31.4,6.61,48.68,119.37,119.69,376.47,378.25,376.26,377.19,373.77,4.963,0.023,347.56,2026-01-01 09:28:50,RS002,50,1,378.52,378.52,TYPE_B,1706,0.473,0.951,121.64,121.5,125.01,24.29,2,ire_ptfe_701_plc
701,2026-01-01 09:29:00,OP102,JOB3002,,2,49.61,48.12,153.75,218.24,340.6,57.71,28.33,6.81,48.62,118.45,122.67,377.99,375.63,375.7,374.13,374.2,4.999,0.038,351.58,2026-01-01 09:29:00,RS002,50,1,374.38,376.1,TYPE_B,1532,0.54,0.965,120.17,121.95,125.45,25.43,2,ire_ptfe_701_plc
701,2026-01-01 09:29:10,OP102,JOB3002,,2,49.79,48.3,153.11,220.07,341.33,59.02,29.53,7.01,48.79,120.85,121.78,377.16,376.89,376.44,374.92,374.4,4.997,0.024,352.29,2026-01-01 09:29:10,RS002,50,1,376,376.95,TYPE_B,1855,0.491,0.901,122.15,124.3,122.34,24.42,2,ire_ptfe_701_plc
701,2026-01-01 09:29:20,OP102,JOB3002,,2,50.33,48.82,154.48,220.5,339.77,57.72,31.15,7.21,49.32,118.22,120.83,376.6,377.56,374.12,375.29,375.72,5.006,0.035,350.73,2026-01-01 09:29:20,RS002,50,1,373.23,378.77,TYPE_A,1206,0.529,0.983,121.67,123.07,123.03,24.26,2,ire_ptfe_701_plc
701,2026-01-01 09:29:30,OP102,JOB3002,,2,50.42,48.91,154.76,219.87,341.91,61.93,31.53,7.41,49.41,118.42,122.31,373.91,373.1,372.08,376.53,375.58,4.976,0.026,351.8,2026-01-01 09:29:30,RS002,50,1,375.45,378.82,TYPE_A,1677,0.571,0.962,123.79,121.09,122.81,25.42,2,ire_ptfe_701_plc
701,2026-01-01 09:29:40,OP102,JOB3002,,2,49.96,48.46,150.78,218.65,339.51,60.39,28.04,7.62,48.96,121.02,121.41,374.17,374.65,372.27,378.63,375.32,5.009,0.026,350.33,2026-01-01 09:29:40,RS002,50,1,374.26,376.66,TYPE_B,1669,0.549,0.955,120.22,122.34,125.66,24.11,2,ire_ptfe_701_plc
701,2026-01-01 09:29:50,OP102,JOB3002,,2,49.3,47.82,147.32,222.4,340.23,59.81,28.82,7.82,48.31,119.31,119.89,375.09,375.92,375.63,374.59,374.31,4.99,0.026,347.13,2026-01-01 09:29:50,RS002,50,1,376.55,376.06,TYPE_A,1077,0.536,0.986,123.3,124.83,125.12,24.5,2,ire_ptfe_701_plc
701,2026-01-01 09:30:00,OP102,JOB3002,,2,49.98,48.48,150.76,219.11,341.77,59.45,31.21,8.02,48.98,121.14,121.43,377,375.28,374.28,378.72,375.41,5.02,0.034,352.35,2026-01-01 09:30:00,RS002,50,1,378.45,374.48,TYPE_B,1311,0.563,0.989,120.5,124.87,122.68,25.47,2,ire_ptfe_701_plc
701,2026-01-01 09:30:10,OP102,JOB3002,,2,49.39,47.91,150.64,218.51,341.82,58.22,30.07,8.22,48.4,121.46,121.71,374.02,375.66,372.45,377.63,376.17,5.002,0.029,349.84,2026-01-01 09:30:10,RS002,50,1,376.91,375.86,TYPE_B,1371,0.517,0.92,123.29,121.32,122.83,24.4,2,ire_ptfe_701_plc
701,2026-01-01 09:30:20,OP102,JOB3002,,2,49.85,48.35,146.18,219.94,341.04,59.82,30.37,8.42,48.85,118.48,120.96,374.49,376.96,372.38,378.44,372.71,4.956,0.039,347.92,2026-01-01 09:30:20,RS002,50,1,375.44,377.23,TYPE_A,1990,0.414,0.919,123.64,122.2,122.5,25.84,2,ire_ptfe_701_plc
701,2026-01-01 09:30:30,OP102,JOB3002,,2,50.34,48.83,148.31,220.78,340.85,57.38,31.16,8.62,49.33,119.21,119.81,372.02,376.52,373.77,376.68,373.75,4.988,0.032,349.29,2026-01-01 09:30:30,RS002,50,1,374.98,374.54,TYPE_B,1201,0.507,0.923,120.21,124.78,125.86,24.66,2,ire_ptfe_701_plc
701,2026-01-01 09:30:40,OP102,JOB3002,,2,49.39,47.91,152.41,221.26,340.62,59.96,31.65,8.82,48.4,118.6,122.82,376.26,375.54,372.94,378.29,377.6,4.96,0.025,352.42,2026-01-01 09:30:40,RS002,50,1,376.18,379.05,TYPE_B,1780,0.508,0.969,120.38,123.47,123.85,24.02,2,ire_ptfe_701_plc
701,2026-01-01 09:30:50,OP102,JOB3002,,2,50.11,48.61,155,219.01,340.46,61.44,29.11,9.02,49.11,120.02,121.99,375.26,376.93,374.17,375.69,376.52,4.971,0.025,349.12,2026-01-01 09:30:50,RS002,50,1,375.98,376.13,TYPE_A,1528,0.538,0.941,123.28,121.16,123.29,24.21,2,ire_ptfe_701_plc
701,2026-01-01 09:31:00,OP102,JOB3002,,2,50.74,49.22,147.3,221.33,338.79,59.71,30.79,9.22,49.73,118.07,121.47,373.71,374.16,376.62,377.46,372.72,5.002,0.025,349.4,2026-01-01 09:31:00,RS002,50,1,374.76,375.61,TYPE_A,1541,0.484,0.912,122.39,124.6,123.73,25.33,2,ire_ptfe_701_plc
701,2026-01-01 09:31:10,OP102,JOB3002,,2,49.44,47.96,152.16,218.9,341.61,57.73,30.79,9.42,48.45,118.98,121.05,377.65,374.34,373.08,375.94,373.32,4.968,0.04,351.49,2026-01-01 09:31:10,RS002,50,1,376.54,375.83,TYPE_B,1389,0.585,0.956,121.27,121.54,125.99,24.5,2,ire_ptfe_701_plc
701,2026-01-01 09:31:20,OP102,JOB3002,,2,49.28,47.8,147.39,222.62,340.06,62.82,28.45,9.62,48.29,120.36,122.35,376.36,374.57,375.9,378.67,372.41,4.993,0.032,350.58,2026-01-01 09:31:20,RS002,50,1,374.83,375.66,TYPE_B,1133,0.451,0.907,120.92,122.13,122.34,24.53,2,ire_ptfe_701_plc
701,2026-01-01 09:31:30,OP102,JOB3002,,2,49.71,48.22,145.34,219.46,341.7,58.95,29.58,9.82,48.72,121.31,119.68,374.4,373.47,371.78,379.84,373.06,5.002,0.04,347.47,2026-01-01 09:31:30,RS002,50,1,377.28,374.14,TYPE_B,1097,0.44,0.92,123.89,123.33,125.79,25.41,2,ire_ptfe_701_plc
701,2026-01-01 09:31:40,OP102,JOB3002,,2,49.24,47.76,145.67,217.23,338.58,58.85,31,10.02,48.26,120.22,119.38,373.29,375.48,375.01,376.88,374.02,5.003,0.023,351.49,2026-01-01 09:31:40,RS002,50,1,378.87,376.29,TYPE_B,1998,0.594,0.998,120.5,124.34,124.36,24.47,2,ire_ptfe_701_plc
701,2026-01-01 09:31:50,OP102,JOB3002,,2,49.87,48.37,152,217.34,338.32,59.2,31.1,10.22,48.87,118.15,120.07,372.52,377.06,375.64,377.75,376.52,4.97,0.022,350.7,2026-01-01 09:31:50,RS002,50,1,374.81,379.19,TYPE_B,1290,0.499,0.975,121.2,124.35,125.96,25.37,2,ire_ptfe_701_plc
701,2026-01-01 09:32:00,OP102,JOB3002,,2,49.24,47.76,151.49,220.42,338.96,62.88,28.07,10.42,48.26,118.88,122.47,377.85,376.33,375.79,378.02,373.46,4.953,0.028,350.14,2026-01-01 09:32:00,RS002,50,1,373.74,378.03,TYPE_B,1994,0.592,0.945,122.61,123.34,122.27,24.64,2,ire_ptfe_701_plc
701,2026-01-01 09:32:10,OP102,JOB3002,,2,49.62,48.13,154.24,220.74,341.16,59.3,31.41,10.62,48.63,119.13,121.37,372.6,376.36,376.97,378.17,373.27,4.952,0.034,347.27,2026-01-01 09:32:10,RS002,50,1,375.76,377.2,TYPE_A,1379,0.518,0.989,122.28,124.78,123.38,24.15,2,ire_ptfe_701_plc
701,2026-01-01 09:32:20,OP102,JOB3002,,2,49.61,48.12,149.52,222.07,338.99,58.21,28.59,10.82,48.62,118.28,122.44,372.47,373.6,373.97,379.54,376.7,4.982,0.038,348.34,2026-01-01 09:32:20,RS002,50,1,378.67,376.61,TYPE_A,1322,0.449,0.93,120.32,123.62,125.29,25.9,2,ire_ptfe_701_plc
701,2026-01-01 09:32:30,OP102,JOB3002,,2,50.57,49.05,150.16,221.45,341.74,62.87,30.63,11.02,49.56,118.5,120.52,376.24,376.8,376.66,374.82,376.83,4.959,0.032,348.91,2026-01-01 09:32:30,RS002,50,1,375.68,376.95,TYPE_A,1755,0.434,0.944,123.19,122.82,124.04,25.31,2,ire_ptfe_701_plc
701,2026-01-01 09:32:40,OP102,JOB3002,,2,50.4,48.89,146.9,221.93,339.54,60.92,28.79,11.22,49.39,118.66,122.16,377,373.42,375.5,376.98,375.51,4.961,0.025,351.84,2026-01-01 09:32:40,RS002,50,1,377.87,376.14,TYPE_B,1098,0.47,0.969,121.6,124.15,125.31,24.53,2,ire_ptfe_701_plc
701,2026-01-01 09:32:50,OP102,JOB3002,,2,50.73,49.21,147.04,219.49,338.55,60.15,29.15,11.42,49.72,121.84,122.8,373.9,374.38,375,375.32,372.45,5.014,0.023,347.9,2026-01-01 09:32:50,RS002,50,1,375.55,378.68,TYPE_A,1089,0.572,0.999,123.94,123.93,125.91,24.44,2,ire_ptfe_701_plc
701,2026-01-01 09:33:00,OP102,JOB3002,,2,50.31,48.8,147.23,220.76,339.27,61.65,29,11.62,49.3,118.42,122.93,374.52,377.02,374.57,378.57,373.44,5.03,0.036,349.41,2026-01-01 09:33:00,RS002,50,1,377.12,379.38,TYPE_A,1990,0.535,0.933,120.65,123.94,122.24,24.58,2,ire_ptfe_701_plc
701,2026-01-01 09:33:10,OP102,JOB3002,,2,49.24,47.76,146.75,222.33,339.7,59.19,28.73,11.82,48.26,121.96,119.46,375.67,377.99,372.31,377.34,375.21,4.987,0.032,347.66,2026-01-01 09:33:10,RS002,50,1,373.24,377.93,TYPE_A,1426,0.519,0.906,122.52,123.64,124.89,25.3,2,ire_ptfe_701_plc
701,2026-01-01 09:33:20,OP102,JOB3002,,2,50.76,49.24,151.3,217.24,339.38,62.08,29.88,12.02,49.74,119.72,121.36,376.41,376.79,376.83,375.1,377.32,5.032,0.022,348.05,2026-01-01 09:33:20,RS002,50,1,378.79,379.33,TYPE_A,1243,0.53,0.934,123.51,122.88,123.91,24.18,2,ire_ptfe_701_plc
701,2026-01-01 09:33:30,OP102,JOB3002,,2,50.18,48.67,150.43,219.38,338.83,57.42,28.71,12.22,49.18,118.7,121.25,375.39,377.15,371.78,379.98,373.24,4.969,0.035,351.71,2026-01-01 09:33:30,RS002,50,1,373.29,379.19,TYPE_B,1273,0.557,0.973,120.42,121.31,123.08,24.99,2,ire_ptfe_701_plc
701,2026-01-01 09:33:40,OP102,JOB3002,,2,49.84,48.34,154.09,222.48,339.79,59.28,31.34,12.42,48.84,118.76,120.76,373.34,377.08,371.71,378.05,376.4,5.047,0.03,348.42,2026-01-01 09:33:40,RS002,50,1,378.14,378.41,TYPE_A,1134,0.461,0.908,123.39,121.64,125.92,24.72,2,ire_ptfe_701_plc
701,2026-01-01 09:33:50,OP102,JOB3002,,2,50.32,48.81,149.21,221.92,338.61,57.68,30.57,12.63,49.31,121.96,121.92,375.19,377.95,372.38,378.64,373.17,5.049,0.03,352.1,2026-01-01 09:33:50,RS002,50,1,377.08,374.07,TYPE_B,1053,0.592,0.986,122.59,124.18,123.78,24.09,2,ire_ptfe_701_plc
701,2026-01-01 09:34:00,OP102,JOB3002,,2,49.2,47.72,152.36,220.69,341.46,62.35,31.6,12.83,48.22,121.84,121.62,376.63,374.05,375.98,375.7,376.65,4.968,0.031,347.15,2026-01-01 09:34:00,RS002,50,1,376.6,375.12,TYPE_A,1112,0.578,0.963,120,124.22,122.83,25.14,2,ire_ptfe_701_plc
701,2026-01-01 09:34:10,OP102,JOB3002,,2,49.24,47.76,145.09,220.82,341.26,59.33,31.28,13.03,48.26,118.93,121.49,372.42,374.9,375.38,374.81,375.65,4.992,0.024,347.81,2026-01-01 09:34:10,RS002,50,1,377.29,377.3,TYPE_A,1365,0.517,0.965,120.43,123.66,122.38,25.56,2,ire_ptfe_701_plc
701,2026-01-01 09:34:20,OP102,JOB3002,,2,49.35,47.87,147.96,221.85,339.14,57.84,30.88,13.23,48.36,118.81,120.01,372.64,375.81,374.04,374.93,375.89,5.037,0.034,349.36,2026-01-01 09:34:20,RS002,50,1,378.57,375.87,TYPE_B,1171,0.542,0.972,121.82,124.37,122.93,24.37,2,ire_ptfe_701_plc
701,2026-01-01 09:34:30,OP102,JOB3002,,2,49.33,47.85,153.51,220.94,339.16,58.43,29.15,13.43,48.34,119.92,122.67,372.08,377.14,374.32,378.1,374.45,5.035,0.03,351.98,2026-01-01 09:34:30,RS002,50,1,376.83,377.36,TYPE_A,1675,0.556,0.929,120.31,121.03,122.95,25.41,2,ire_ptfe_701_plc
701,2026-01-01 09:34:40,OP102,JOB3002,,2,49.38,47.9,150.12,222.44,341.28,61.03,31.5,13.63,48.39,121.78,122.56,372.14,377.56,376.02,377.63,377.92,4.969,0.024,347.6,2026-01-01 09:34:40,RS002,50,1,374.22,378.81,TYPE_B,1705,0.588,0.979,122.79,124.81,123.59,24.19,2,ire_ptfe_701_plc
701,2026-01-01 09:34:50,OP102,JOB3002,,2,49.73,48.24,150.42,218.85,338.01,57.9,29.06,13.83,48.74,121.68,122.75,374.15,374.89,373.4,376.07,372.12,5.008,0.036,347.43,2026-01-01 09:34:50,RS002,50,1,373.74,376.46,TYPE_B,1725,0.44,0.94,120.13,121.82,124.57,24.49,2,ire_ptfe_701_plc
701,2026-01-01 09:35:00,OP102,JOB3002,,2,49.45,47.97,148.62,219.66,338.94,57.11,30.97,14.03,48.46,118.31,121.26,377.29,378.81,372.1,376.32,374.08,5.02,0.029,349.04,2026-01-01 09:35:00,RS002,50,1,378.58,379.11,TYPE_B,1706,0.465,0.981,120.09,124.31,124.77,25.51,2,ire_ptfe_701_plc
701,2026-01-01 09:35:10,OP102,JOB3002,,2,50.07,48.57,146.55,222.2,339.75,61.88,29.11,14.23,49.07,120.91,121.52,372.84,374.66,374.95,375.61,377.22,4.952,0.028,353,2026-01-01 09:35:10,RS002,50,1,378.83,374.18,TYPE_B,1727,0.52,0.962,123.96,121.85,123.6,25.63,2,ire_ptfe_701_plc
701,2026-01-01 09:35:20,OP102,JOB3002,,2,49.47,47.99,151.39,217.07,341.72,62.33,31.13,14.43,48.48,118.81,120.57,372.6,373.17,372.93,376.73,372.66,4.954,0.026,351.09,2026-01-01 09:35:20,RS002,50,1,374.79,374.11,TYPE_B,1721,0.5,0.933,120.3,124.52,122.63,24.54,2,ire_ptfe_701_plc
701,2026-01-01 09:35:30,OP102,JOB3002,,2,50.07,48.57,151.42,219.83,341.03,57.77,28.38,14.63,49.07,121.34,119.04,373.17,378.61,375.48,379.62,375.93,4.982,0.022,352.31,2026-01-01 09:35:30,RS002,50,1,374.55,376.06,TYPE_A,1457,0.597,0.934,121.2,124.32,122.92,25.32,2,ire_ptfe_701_plc
701,2026-01-01 09:35:40,OP102,JOB3002,,2,49.47,47.99,151.99,220.79,340.99,58.97,30,14.83,48.48,118.85,120.49,372.58,376.72,372.27,374.11,372.45,4.955,0.029,349.78,2026-01-01 09:35:40,RS002,50,1,376.96,374.81,TYPE_B,2000,0.493,0.994,121.6,122.36,124.83,25.57,2,ire_ptfe_701_plc
701,2026-01-01 09:35:50,OP102,JOB3002,,2,49.37,47.89,148.3,222.46,338.27,62.49,30.16,15.03,48.38,118.07,121.79,375.72,375.56,372.99,376.6,374.09,4.975,0.031,350.1,2026-01-01 09:35:50,RS002,50,1,375.22,378,TYPE_A,1211,0.582,0.98,122.74,123.61,123.79,24.43,2,ire_ptfe_701_plc
701,2026-01-01 09:36:00,OP102,JOB3002,,2,49.47,47.99,151.88,221.6,338.31,62.73,30.78,15.23,48.48,120.19,120.12,372.87,375.39,373.78,379.45,372.51,5.025,0.033,348.84,2026-01-01 09:36:00,RS002,50,1,375.3,375.91,TYPE_A,1648,0.564,0.904,121.55,124.34,124.07,25.43,2,ire_ptfe_701_plc
701,2026-01-01 09:36:10,OP102,JOB3002,,2,50.46,48.95,146.65,219.87,341.91,58.72,31.93,15.43,49.45,118.82,119.77,376.31,378.52,375.33,377.38,374.23,5.01,0.02,348.28,2026-01-01 09:36:10,RS002,50,1,375.89,377.41,TYPE_A,1046,0.41,0.946,123.12,122.24,123.81,25.37,2,ire_ptfe_701_plc
701,2026-01-01 09:36:20,OP102,JOB3002,,2,50.01,48.51,150.25,221.04,338.87,62.26,31.99,15.63,49.01,119.18,121.51,377.55,377.95,375.68,377.12,377.05,4.982,0.034,352.66,2026-01-01 09:36:20,RS002,50,1,377.02,377.75,TYPE_A,1595,0.54,0.982,123.55,121.18,122.58,24.17,2,ire_ptfe_701_plc
701,2026-01-01 09:36:30,OP102,JOB3002,,2,49.82,48.33,151.62,218.61,338.9,57.33,29.15,15.83,48.82,120.63,119.92,372.34,374.39,372.22,374.97,375.89,5.027,0.033,348.04,2026-01-01 09:36:30,RS002,50,1,375.08,375.91,TYPE_A,1122,0.483,0.918,120.43,123.33,122.1,24.85,2,ire_ptfe_701_plc
701,2026-01-01 09:36:40,OP102,JOB3002,,2,50.49,48.98,146.94,222.76,340.96,62.29,30.9,16.03,49.48,119.24,119.71,376.33,374.37,374.69,378.03,372.59,5.045,0.03,347.39,2026-01-01 09:36:40,RS002,50,1,373.59,375.26,TYPE_A,1739,0.572,0.966,123.51,122.99,122.08,25.85,2,ire_ptfe_701_plc
701,2026-01-01 09:36:50,OP102,JOB3002,,2,49.25,47.77,147.93,221.72,340.84,60.07,28.76,16.23,48.27,121.1,121.6,372.75,378.26,371.2,377.5,376.86,5.037,0.026,347.08,2026-01-01 09:36:50,RS002,50,1,373.94,375.36,TYPE_B,1795,0.547,0.984,122.5,121.1,122.81,25.21,2,ire_ptfe_701_plc
701,2026-01-01 09:37:00,OP102,JOB3002,,2,50.62,49.1,150.7,220.47,338.35,59.9,28.32,16.43,49.61,118.41,120.31,373.41,373.44,374.05,378.28,372.52,4.977,0.035,349.15,2026-01-01 09:37:00,RS002,50,1,378.13,377.16,TYPE_A,1188,0.469,0.918,123.56,123.56,123.94,25.38,2,ire_ptfe_701_plc
701,2026-01-01 09:37:10,OP102,JOB3002,,2,49.99,48.49,151.04,218.37,339.77,62,31.18,16.63,48.99,121.21,122.24,375.5,375.86,375.42,377.34,376.39,5.03,0.022,352.86,2026-01-01 09:37:10,RS002,50,1,374.5,376.18,TYPE_A,1226,0.577,0.904,123.12,122.26,123.34,24.06,2,ire_ptfe_701_plc
701,2026-01-01 09:37:20,OP102,JOB3002,,2,49.35,47.87,153.97,218.31,341.35,60.77,28.29,16.83,48.36,120.84,120.97,372.05,377.12,375.8,375.73,377.8,5.003,0.024,352.98,2026-01-01 09:37:20,RS002,50,1,378.97,374.53,TYPE_A,1970,0.524,0.999,120.05,124.8,122.91,24.78,2,ire_ptfe_701_plc
701,2026-01-01 09:37:30,OP102,JOB3002,,2,49.48,48,152.6,218.03,339.03,58.4,31.89,17.03,48.49,121.75,119.93,375.19,378.13,371.09,374.25,375.38,5.04,0.025,348.73,2026-01-01 09:37:30,RS002,50,1,377.84,376,TYPE_B,1149,0.433,0.921,122.16,124.51,123.85,24.79,2,ire_ptfe_701_plc
701,2026-01-01 09:37:40,OP102,JOB3002,,2,49.54,48.05,148.33,220.35,339.55,59.96,29.7,17.23,48.55,121.65,120.64,376.18,376.56,373.77,379.6,374.67,5.015,0.04,351.12,2026-01-01 09:37:40,RS002,50,1,374.9,376.17,TYPE_B,1058,0.429,0.971,122.46,124.96,125.23,24.38,2,ire_ptfe_701_plc
701,2026-01-01 09:37:50,OP102,JOB3002,,2,50.35,48.84,150.62,217.79,340.72,60.63,28.3,17.43,49.34,120.51,120.73,375.53,378.03,371.64,378.07,374.24,5.009,0.039,347.83,2026-01-01 09:37:50,RS002,50,1,378.73,378.39,TYPE_B,1779,0.535,0.904,123.96,122.11,125.39,24.25,2,ire_ptfe_701_plc
701,2026-01-01 09:38:00,OP102,JOB3002,,2,50.32,48.81,151.78,220.23,340.28,61.65,29.74,17.64,49.31,120.93,122.54,372.45,378.57,376.34,378.33,372.78,4.974,0.021,347.82,2026-01-01 09:38:00,RS002,50,1,375.58,378.64,TYPE_B,1695,0.494,0.906,121.93,122.54,123.31,25.37,2,ire_ptfe_701_plc
701,2026-01-01 09:38:10,OP102,JOB3002,,2,49.97,48.47,145.41,218.39,341.34,58.05,28.83,17.84,48.97,118.05,121.54,376.12,377.46,375.99,379.79,376.68,4.965,0.04,348.35,2026-01-01 09:38:10,RS002,50,1,373.06,375.01,TYPE_A,1317,0.515,0.906,121.19,124.46,122.68,24.39,2,ire_ptfe_701_plc
701,2026-01-01 09:38:20,OP102,JOB3002,,2,50.65,49.13,147.59,218.6,339.51,62.32,31.59,18.04,49.64,118.89,121.28,374.88,376.31,375.84,377.4,373.7,5.024,0.025,351.24,2026-01-01 09:38:20,RS002,50,1,377.09,378.63,TYPE_A,1293,0.462,0.999,120.85,123.46,123.9,25.84,2,ire_ptfe_701_plc
701,2026-01-01 09:38:30,OP102,JOB3002,,2,50.77,49.25,154.52,217.82,341.03,60.27,29.49,18.24,49.75,118.35,119.54,373.11,375.5,376.7,379.62,376.38,5.032,0.028,352.94,2026-01-01 09:38:30,RS002,50,1,377.36,376.03,TYPE_B,1143,0.416,0.993,123.28,123.19,123.32,24.1,2,ire_ptfe_701_plc
701,2026-01-01 09:38:40,OP102,JOB3002,,2,49.79,48.3,145.24,222.26,339.84,61.32,28.15,18.44,48.79,119.98,121.07,376.37,377.42,376.63,374.33,376.8,5.041,0.034,348.96,2026-01-01 09:38:40,RS002,50,1,376.72,374.35,TYPE_A,1006,0.472,0.93,121.55,123.52,122.79,24.3,2,ire_ptfe_701_plc
701,2026-01-01 09:38:50,OP102,JOB3002,,2,50.5,48.98,145.7,220.73,341.65,61.49,30.9,18.64,49.49,118.25,122.17,375.49,375.84,371.41,376.15,375.36,5.028,0.03,347.26,2026-01-01 09:38:50,RS002,50,1,373.36,374.2,TYPE_B,1283,0.436,0.987,123.09,124.1,122.91,25.62,2,ire_ptfe_701_plc
701,2026-01-01 09:39:00,OP102,JOB3002,,2,50.71,49.19,153.04,219.28,339.12,59.49,30.21,18.84,49.7,121.4,121.81,373,376.83,372.04,378.23,375.06,4.995,0.031,352.32,2026-01-01 09:39:00,RS002,50,1,377.53,374.98,TYPE_A,1098,0.597,0.941,121.37,124.46,123.05,24.34,2,ire_ptfe_701_plc
701,2026-01-01 09:39:10,OP102,JOB3002,,2,49.52,48.03,147.32,220,340.15,61.37,29.99,19.04,48.53,119.89,120.56,373.93,374.16,372.36,374.86,373.17,5.016,0.023,349.41,2026-01-01 09:39:10,RS002,50,1,373.83,377.82,TYPE_A,1225,0.405,0.942,123.53,122.1,122.01,25.76,2,ire_ptfe_701_plc
701,2026-01-01 09:39:20,OP102,JOB3002,,2,49.91,48.41,154.47,221.36,340.4,59.27,28.95,19.24,48.91,118.52,120.2,375.27,377.74,373.98,376.98,376.55,5.004,0.04,347.78,2026-01-01 09:39:20,RS002,50,1,374.23,378.85,TYPE_A,1021,0.459,0.956,123.81,121.46,122.79,24.26,2,ire_ptfe_701_plc
701,2026-01-01 09:39:30,OP102,JOB3002,,2,49.85,48.35,145.16,222.98,338.26,59.61,30.96,19.44,48.85,118.09,120.43,375.66,373.77,375.08,377.24,374.84,4.986,0.024,348.81,2026-01-01 09:39:30,RS002,50,1,376.88,378.24,TYPE_B,1136,0.425,0.957,120.78,123.86,124.17,25.81,2,ire_ptfe_701_plc
701,2026-01-01 09:39:40,OP102,JOB3002,,2,50.11,48.61,151.77,222.76,340.2,58.44,28.95,19.64,49.11,119.65,122.54,376.01,378.47,374.87,374.66,376.09,4.982,0.037,348.02,2026-01-01 09:39:40,RS002,50,1,374.81,374.84,TYPE_A,1173,0.531,0.949,121.6,123.36,125.65,24.81,2,ire_ptfe_701_plc
701,2026-01-01 09:39:50,OP102,JOB3002,,2,50.14,48.64,151.27,219.2,340.45,58.4,29.83,19.84,49.14,121.89,120.05,375,377.41,376.53,377.14,372.34,4.959,0.022,352.77,2026-01-01 09:39:50,RS002,50,1,374.54,378.95,TYPE_B,1285,0.526,0.943,123.47,121.47,122.82,25.88,2,ire_ptfe_701_plc
701,2026-01-01 09:40:00,OP102,JOB3002,,2,50.01,48.51,150.7,219.55,338.38,57.31,28.86,20.04,49.01,120.58,121.26,377.64,376.18,373.99,374.13,373.4,5.037,0.035,350.81,2026-01-01 09:40:00,RS002,50,1,375.62,379.53,TYPE_B,1782,0.574,0.91,120.32,123.15,122.85,25.34,2,ire_ptfe_701_plc
701,2026-01-01 09:40:10,OP102,JOB3002,,2,49.35,47.87,154.77,221.64,341.93,61.7,31.98,20.24,48.36,120.17,120.25,375.84,375.23,374.7,374.43,375.8,4.977,0.022,348.34,2026-01-01 09:40:10,RS002,50,1,375.39,376.64,TYPE_B,1545,0.456,0.903,122.33,121.66,124.94,24.36,2,ire_ptfe_701_plc
701,2026-01-01 09:40:20,OP102,JOB3002,,2,50.3,48.79,154.09,221.68,340.1,58.46,28.95,20.44,49.29,118.17,121.61,375.64,373.12,374.77,375.11,374.38,4.988,0.037,352.06,2026-01-01 09:40:20,RS002,50,1,373.34,376.2,TYPE_A,1781,0.44,0.914,121.02,124.65,125.52,25.01,2,ire_ptfe_701_plc
701,2026-01-01 09:40:30,OP102,JOB3002,,2,49.85,48.35,146.97,217.99,339.11,62.67,28.58,20.64,48.85,118.23,122.6,372.48,378.93,372.83,374.24,374.57,4.975,0.024,348.54,2026-01-01 09:40:30,RS002,50,1,373.12,375.05,TYPE_B,1681,0.437,0.978,123.93,124.06,123.97,24.99,2,ire_ptfe_701_plc
701,2026-01-01 09:40:40,OP102,JOB3002,,2,49.66,48.17,148.15,219.4,341.14,60.87,31.04,20.84,48.67,118.72,119.69,374.95,377.06,371.72,376.16,376.32,4.97,0.038,351.43,2026-01-01 09:40:40,RS002,50,1,373.4,375.32,TYPE_B,1307,0.581,0.924,120.93,121.82,125.82,25.33,2,ire_ptfe_701_plc
701,2026-01-01 09:40:50,OP102,JOB3002,,2,50.74,49.22,150.16,217.59,339.43,58.69,30.67,21.04,49.73,119.11,122.17,373.39,376.1,374.37,375.9,376.58,4.964,0.022,350.37,2026-01-01 09:40:50,RS002,50,1,374.98,378.4,TYPE_A,1105,0.585,0.921,123.77,123.91,125.62,24.16,2,ire_ptfe_701_plc
701,2026-01-01 09:41:00,OP102,JOB3002,,2,49.23,47.75,151.38,218.46,338.96,59.89,28.11,21.24,48.25,119.1,122.26,374.46,373.06,371.02,377.43,375.91,5.026,0.026,351.87,2026-01-01 09:41:00,RS002,50,1,375.28,377.69,TYPE_B,1312,0.52,0.974,123.32,123.98,125.39,25.06,2,ire_ptfe_701_plc
701,2026-01-01 09:41:10,OP102,JOB3002,,2,50.21,48.7,150.46,220.96,338.85,57.77,29.27,21.44,49.21,121,121.09,376.25,373.16,374.11,374.38,373.35,5.042,0.026,347.03,2026-01-01 09:41:10,RS002,50,1,375.47,376.74,TYPE_B,1239,0.596,0.932,123.79,123.04,124.71,25.67,2,ire_ptfe_701_plc
701,2026-01-01 09:41:20,OP102,JOB3002,,2,50.19,48.68,153.92,221.06,338.02,60.63,28.64,21.64,49.19,118.03,122.04,377.97,375.9,374.59,377.54,375.22,4.987,0.039,348.5,2026-01-01 09:41:20,RS002,50,1,378.69,375.78,TYPE_A,1257,0.476,0.972,120.72,124.14,122.85,25.06,2,ire_ptfe_701_plc
701,2026-01-01 09:41:30,OP102,JOB3002,,2,50.45,48.94,153.69,219.04,341.21,57.77,28.8,21.84,49.44,118.8,122.33,373.1,376.91,375.31,374.26,374.73,4.967,0.024,351.32,2026-01-01 09:41:30,RS002,50,1,375.11,376.56,TYPE_A,1421,0.593,0.965,120.97,122.56,124.04,25.43,2,ire_ptfe_701_plc
701,2026-01-01 09:41:40,OP102,JOB3002,,2,50.1,48.6,146.03,222.56,339.07,61.45,30.84,22.04,49.1,118.49,121.7,375.82,373.79,374.16,379.62,374.01,4.952,0.027,347.9,2026-01-01 09:41:40,RS002,50,1,373.1,375.6,TYPE_A,1776,0.52,0.914,123.65,123.19,122.77,25.29,2,ire_ptfe_701_plc
701,2026-01-01 09:41:50,OP102,JOB3002,,2,49.28,47.8,147.7,222.11,340.45,62.93,29.51,22.24,48.29,119.79,120.6,373.97,377.03,374.2,377.37,377.12,5.024,0.04,349.42,2026-01-01 09:41:50,RS002,50,1,374.05,376.27,TYPE_A,1648,0.565,0.994,120.95,124.18,123.4,24.95,2,ire_ptfe_701_plc
701,2026-01-01 09:42:00,OP102,JOB3002,,2,49.66,48.17,145.07,220.7,338.01,61.36,28.75,22.44,48.67,119.68,120.5,377.68,374.18,376.1,378.66,372.96,5.014,0.026,351.75,2026-01-01 09:42:00,RS002,50,1,378.09,374.74,TYPE_A,1119,0.404,0.94,120.7,123.53,123.42,25.71,2,ire_ptfe_701_plc
701,2026-01-01 09:42:10,OP102,JOB3002,,2,50.56,49.04,151.49,221.55,338.53,61.01,30.49,22.65,49.55,120.74,119.74,372.66,376.24,372.59,375.22,374.05,4.956,0.028,350.75,2026-01-01 09:42:10,RS002,50,1,377.28,379.85,TYPE_A,1643,0.532,0.946,121.7,124.07,124.7,24.4,2,ire_ptfe_701_plc
701,2026-01-01 09:42:20,OP102,JOB3002,,2,50.38,48.87,153.34,222.83,338.56,57.2,29.45,22.85,49.37,121.68,121.83,374.91,377.22,373.49,375.24,374.93,4.983,0.035,348.18,2026-01-01 09:42:20,RS002,50,1,374.26,379.16,TYPE_B,1382,0.47,0.92,123.35,123.91,123.04,24.52,2,ire_ptfe_701_plc
701,2026-01-01 09:42:30,OP102,JOB3002,,2,50,48.5,145.29,221.37,340.71,57.97,30.28,23.05,49,120.86,121.11,375.93,375.7,371.79,376.94,376.42,4.976,0.04,351.28,2026-01-01 09:42:30,RS002,50,1,375.31,378.83,TYPE_A,1694,0.55,0.991,120.06,122.13,124.35,24.66,2,ire_ptfe_701_plc
701,2026-01-01 09:42:40,OP102,JOB3002,,2,49.63,48.14,147.39,218.93,338.4,57.02,28.33,23.25,48.64,118.74,122.87,372.01,375.96,373.71,379.1,375.04,4.954,0.028,348.56,2026-01-01 09:42:40,RS002,50,1,375,376.34,TYPE_A,1427,0.518,0.948,123.01,121.62,123.37,25.28,2,ire_ptfe_701_plc
701,2026-01-01 09:42:50,OP102,JOB3002,,2,50.12,48.62,145.65,219.83,340.32,62.87,31.28,23.45,49.12,121.18,119.7,373.74,377.07,373.23,378.87,372.91,4.95,0.022,351.93,2026-01-01 09:42:50,RS002,50,1,376.32,374.09,TYPE_A,1936,0.562,0.947,120.57,121.38,123.88,25.91,2,ire_ptfe_701_plc
701,2026-01-01 09:43:00,OP102,JOB3002,,2,49.33,47.85,148.08,218.91,341.03,60.45,28.62,23.65,48.34,118.18,122.14,374.1,375.6,375.37,374.31,372.35,5.025,0.033,349.67,2026-01-01 09:43:00,RS002,50,1,373.18,374.24,TYPE_B,1847,0.595,0.903,122.62,122.56,123.79,24.39,2,ire_ptfe_701_plc
701,2026-01-01 09:43:10,OP102,JOB3002,,2,49.85,48.35,154.36,222.65,340.93,61.98,31.96,23.85,48.85,120.31,120.06,372.78,373.51,371.62,374.47,373.86,5.023,0.039,350.52,2026-01-01 09:43:10,RS002,50,1,374.65,376.66,TYPE_A,1573,0.563,0.926,123.86,122.03,124.74,25.37,2,ire_ptfe_701_plc
701,2026-01-01 09:43:20,OP102,JOB3002,,2,49.43,47.95,146.58,219.48,340.05,61.54,31.06,24.05,48.44,119.92,122.72,375.01,376.09,374.51,376.13,374.36,5.038,0.021,347.94,2026-01-01 09:43:20,RS002,50,1,374.73,378.72,TYPE_A,1122,0.494,0.936,120.92,123.25,122.45,24.43,2,ire_ptfe_701_plc
701,2026-01-01 09:43:30,OP102,JOB3002,,2,49.97,48.47,145.97,219.25,338.37,61.95,30.84,24.25,48.97,120.59,119.45,374.5,377.21,371.02,374.06,376.07,5.038,0.033,349.94,2026-01-01 09:43:30,RS002,50,1,374.74,378.12,TYPE_B,1621,0.566,0.913,121.1,123.45,125.56,25.01,2,ire_ptfe_701_plc
701,2026-01-01 09:43:40,OP102,JOB3002,,2,50.66,49.14,154.52,218.01,338.61,58.52,28.47,24.45,49.65,120.27,120.28,375.2,377.13,373.38,377.69,377.31,4.977,0.03,347.65,2026-01-01 09:43:40,RS002,50,1,373.46,374.99,TYPE_A,1777,0.46,0.942,121.63,123.2,125.8,24.45,2,ire_ptfe_701_plc
701,2026-01-01 09:43:50,OP102,JOB3002,,2,50.78,49.26,151.99,221.41,338.95,58.78,30.83,24.65,49.76,119.69,122.3,374.95,374.2,374.18,376.82,375.36,5.008,0.022,349.64,2026-01-01 09:43:50,RS002,50,1,378,378.7,TYPE_A,1176,0.563,0.939,123.56,124.06,123.32,24.29,2,ire_ptfe_701_plc
701,2026-01-01 09:44:00,OP102,JOB3002,,2,50.26,48.75,152.62,220.62,340.92,61.74,28.74,24.85,49.25,120.11,119.55,377.2,377.61,372.21,378.76,376.22,4.97,0.021,348.7,2026-01-01 09:44:00,RS002,50,1,377.71,377.12,TYPE_A,1498,0.443,0.97,120.41,124.25,125.3,24.25,2,ire_ptfe_701_plc
701,2026-01-01 09:44:10,OP102,JOB3002,,2,49.95,48.45,146.05,222.75,340.57,58.56,31.97,25.05,48.95,118.66,122.26,376.35,375.96,372.41,378.16,374.71,5.046,0.029,349.01,2026-01-01 09:44:10,RS002,50,1,374.2,375.46,TYPE_A,1469,0.528,0.951,123.43,123.44,122.66,25.97,2,ire_ptfe_701_plc
701,2026-01-01 09:44:20,OP102,JOB3002,,2,50.78,49.26,150.98,218.03,338.29,57.58,31.61,25.25,49.76,121.94,121.69,376.89,373.56,376.32,375.65,373.89,4.997,0.025,348.43,2026-01-01 09:44:20,RS002,50,1,376.87,374.67,TYPE_B,1891,0.525,0.997,122.33,124.56,122.7,25.96,2,ire_ptfe_701_plc
701,2026-01-01 09:44:30,OP102,JOB3002,,2,49.3,47.82,152.32,217.14,338.2,58.02,29.78,25.45,48.31,121.12,121.85,376.32,375.62,373.97,378.84,374.61,4.996,0.026,347.41,2026-01-01 09:44:30,RS002,50,1,378.89,374.14,TYPE_A,1852,0.498,0.928,121.22,123.72,122.71,24.16,2,ire_ptfe_701_plc
701,2026-01-01 09:44:40,OP102,JOB3002,,2,50.44,48.93,153.14,221.6,338.17,57.17,31.13,25.65,49.43,121.04,119.35,372.54,376.78,373.15,377.66,374.68,4.995,0.037,349.23,2026-01-01 09:44:40,RS002,50,1,373.02,378.99,TYPE_A,1324,0.418,0.946,121.11,123.98,122.09,24.64,2,ire_ptfe_701_plc
701,2026-01-01 09:44:50,OP102,JOB3002,,2,49.76,48.27,151.54,221.48,338.46,58.18,31.25,25.85,48.76,119.6,120.88,373.52,378.66,376.9,378.29,377.79,4.951,0.029,349.46,2026-01-01 09:44:50,RS002,50,1,373.24,378.03,TYPE_A,1010,0.421,0.961,120.69,123.38,125.84,24.13,2,ire_ptfe_701_plc
701,2026-01-01 09:45:00,OP102,JOB3002,,2,50.33,48.82,146.08,218.44,340.47,60.81,28.61,26.05,49.32,119.73,119.78,374.98,375.2,372.35,378.94,375.97,4.984,0.022,352.55,2026-01-01 09:45:00,RS002,50,1,373.92,374.38,TYPE_A,1898,0.565,0.966,123.08,121.33,125.66,24.02,2,ire_ptfe_701_plc
701,2026-01-01 09:45:10,OP102,JOB3002,,2,49.28,47.8,152.59,220,339.99,58.46,28.38,26.25,48.29,120.74,119.32,374.22,375.79,374.72,375.79,375.95,4.999,0.027,349.87,2026-01-01 09:45:10,RS002,50,1,376.92,378.41,TYPE_B,1499,0.445,0.934,122.65,122.3,124.33,25.81,2,ire_ptfe_701_plc
701,2026-01-01 09:45:20,OP102,JOB3002,,2,50.48,48.97,153.81,217.82,338.31,59.91,30.73,26.45,49.47,120.01,121.71,374.37,373.22,371.66,374.2,373.01,4.952,0.04,347.98,2026-01-01 09:45:20,RS002,50,1,373.02,377.2,TYPE_A,1558,0.434,0.95,121.29,123.36,125.78,25.5,2,ire_ptfe_701_plc
701,2026-01-01 09:45:30,OP102,JOB3002,,2,50.22,48.71,149.61,219.02,341.22,59.16,30.8,26.65,49.22,119.51,119.47,373.56,375.18,374.35,379.92,376.23,5.004,0.037,347.45,2026-01-01 09:45:30,RS002,50,1,376.19,375.39,TYPE_A,1698,0.405,0.966,123.04,124.01,125.57,25.14,2,ire_ptfe_701_plc
701,2026-01-01 09:45:40,OP102,JOB3002,,2,50.16,48.66,153.2,217.61,340.24,62.07,31.52,26.85,49.16,118.2,122.43,377.98,378.77,376.87,379.62,377.69,5.004,0.025,347.16,2026-01-01 09:45:40,RS002,50,1,376.06,374.46,TYPE_A,1451,0.476,0.973,121.12,121.05,122.24,24.02,2,ire_ptfe_701_plc
701,2026-01-01 09:45:50,OP102,JOB3002,,2,49.81,48.32,145.84,222.21,341.17,58.22,29.75,27.05,48.81,121.79,119.97,372.24,377.21,374.02,378.53,377.48,5.034,0.032,352.06,2026-01-01 09:45:50,RS002,50,1,374.32,375.61,TYPE_A,1891,0.538,0.997,121.84,121.68,123.35,24.57,2,ire_ptfe_701_plc
701,2026-01-01 09:46:00,OP102,JOB3002,,2,49.88,48.38,147.92,221.99,338.43,58.68,31.09,27.25,48.88,120.5,120.97,373.84,375.4,374.51,374.65,377.06,4.965,0.029,347.29,2026-01-01 09:46:00,RS002,50,1,374.54,374.55,TYPE_A,1841,0.456,0.997,123.55,124.08,124,25.83,2,ire_ptfe_701_plc
701,2026-01-01 09:46:10,OP102,JOB3002,,2,50.42,48.91,153.86,220.5,340.26,61.51,30.83,27.45,49.41,118.06,119.64,374.98,377.14,374.99,377.33,373.79,5.036,0.036,350.65,2026-01-01 09:46:10,RS002,50,1,375.43,375.82,TYPE_B,1096,0.559,0.984,121.99,123.18,122.79,24.65,2,ire_ptfe_701_plc
701,2026-01-01 09:46:20,OP102,JOB3002,,2,50.41,48.9,145.59,220.71,339.37,57.78,31.03,27.66,49.4,121.02,121.67,377.23,374.57,375.09,377.63,373.48,5.046,0.026,351.51,2026-01-01 09:46:20,RS002,50,1,375.88,375.76,TYPE_A,1128,0.505,0.967,122.73,124.83,124.51,25.72,2,ire_ptfe_701_plc
701,2026-01-01 09:46:30,OP102,JOB3002,,2,50.25,48.74,149.42,222.08,338.67,60.75,30.04,27.86,49.24,118.72,121.18,376.23,373.32,373.18,374.52,377.37,4.99,0.031,350.64,2026-01-01 09:46:30,RS002,50,1,375.24,378.51,TYPE_A,1591,0.489,0.978,122.45,123.63,125.18,24.49,2,ire_ptfe_701_plc
701,2026-01-01 09:46:40,OP102,JOB3002,,2,50.59,49.07,153.96,221.75,339.12,60.91,31.48,28.06,49.58,121,120.15,377.43,373.15,373.7,379.67,374.71,5.005,0.028,352.73,2026-01-01 09:46:40,RS002,50,1,374.29,378.24,TYPE_B,1016,0.521,0.91,120.09,123.67,122.48,25.3,2,ire_ptfe_701_plc
701,2026-01-01 09:46:50,OP102,JOB3002,,2,49.36,47.88,147.81,217.73,338.63,57.21,30.76,28.26,48.37,118.54,121.45,372.62,376.66,376.48,378.23,374.84,5.009,0.038,347.31,2026-01-01 09:46:50,RS002,50,1,374.9,377.76,TYPE_B,1319,0.57,0.916,121.76,123.67,122.72,24.74,2,ire_ptfe_701_plc
701,2026-01-01 09:47:00,OP102,JOB3002,,2,50.01,48.51,151.59,221.27,341.13,58.96,28.07,28.46,49.01,118.25,122.95,375.58,377.55,375.13,378.28,377.93,5,0.021,348.8,2026-01-01 09:47:00,RS002,50,1,376.37,379.34,TYPE_A,1944,0.413,0.99,120.11,124.84,122.53,25.92,2,ire_ptfe_701_plc
701,2026-01-01 09:47:10,OP102,JOB3002,,2,49.66,48.17,154.55,217.8,341.08,60.69,28.08,28.66,48.67,121.05,120.9,375.84,375.67,372.04,374.9,377.45,4.97,0.037,348.26,2026-01-01 09:47:10,RS002,50,1,376.25,376.73,TYPE_B,1754,0.41,0.961,120.83,123.38,122.91,25.25,2,ire_ptfe_701_plc
701,2026-01-01 09:47:20,OP102,JOB3002,,2,50.08,48.58,147.93,221.22,338.44,60.18,30.9,28.86,49.08,121.57,120.97,375.8,377.11,372.5,374.18,375.39,5.009,0.027,347.17,2026-01-01 09:47:20,RS002,50,1,378.67,379.3,TYPE_B,1501,0.443,0.926,122.37,123.34,124.95,24.89,2,ire_ptfe_701_plc
701,2026-01-01 09:47:30,OP102,JOB3002,,2,49.52,48.03,151.66,217.9,338.08,61.18,29.01,29.06,48.53,121.82,119.65,374.71,377.12,373.11,374.49,372.65,5.044,0.032,352.74,2026-01-01 09:47:30,RS002,50,1,378.32,374.43,TYPE_A,1814,0.495,0.998,121.61,122.23,122.49,25.23,2,ire_ptfe_701_plc
701,2026-01-01 09:47:40,OP102,JOB3002,,2,49.76,48.27,152.32,218.84,338.92,61.83,28.7,29.26,48.76,120.47,122.5,374.97,376.17,371.72,376.43,374.32,5.045,0.04,347.42,2026-01-01 09:47:40,RS002,50,1,373.09,379.78,TYPE_B,1862,0.581,0.973,120.33,122.15,122.66,24.94,2,ire_ptfe_701_plc
701,2026-01-01 09:47:50,OP102,JOB3002,,2,50.51,48.99,147.35,217.64,340.39,58.63,31.2,29.46,49.5,121.95,120.95,377.25,378.71,376.6,375.19,372.79,4.95,0.031,347.26,2026-01-01 09:47:50,RS002,50,1,377.99,379.36,TYPE_B,1023,0.425,0.991,121.34,122.9,125.89,24.88,2,ire_ptfe_701_plc
701,2026-01-01 09:48:00,OP102,JOB3002,,2,50.25,48.74,153.59,218.77,341.52,60.44,31.36,29.66,49.24,118.81,119.49,375.49,373.39,371.11,376.99,376.87,4.959,0.032,352.62,2026-01-01 09:48:00,RS002,50,1,375.63,375.32,TYPE_A,1167,0.441,0.923,123.82,122.46,125.81,25.68,2,ire_ptfe_701_plc
701,2026-01-01 09:48:10,OP102,JOB3002,,2,50.43,48.92,154.68,218.24,338.44,57.99,28.24,29.86,49.42,119.28,119.19,377.24,375.59,376.01,375.03,374.31,5.033,0.03,347.31,2026-01-01 09:48:10,RS002,50,1,373.18,376.73,TYPE_A,1791,0.484,0.989,120.28,121.14,125.2,24.98,2,ire_ptfe_701_plc
701,2026-01-01 09:48:20,OP102,JOB3002,,2,49.7,48.21,150.23,218.44,341.76,60,31.17,30.06,48.71,121.38,122.73,376.76,378.49,372.28,377.28,374.75,4.995,0.029,350.79,2026-01-01 09:48:20,RS002,50,1,374.22,375.97,TYPE_A,1945,0.474,0.965,123.47,122.09,122.15,25.39,2,ire_ptfe_701_plc
701,2026-01-01 09:48:30,OP102,JOB3002,,2,50.25,48.74,149.2,217.4,338.68,57.47,28.8,30.26,49.24,120.99,120.47,373.13,375.9,375.88,377.74,375.27,5.004,0.032,351.99,2026-01-01 09:48:30,RS002,50,1,377.23,378.49,TYPE_A,1218,0.542,0.992,123.32,123.09,122.23,24.52,2,ire_ptfe_701_plc
701,2026-01-01 09:48:40,OP102,JOB3002,,2,49.96,48.46,150.67,220.22,338.6,59.21,28.26,30.46,48.96,118.9,122.05,377.64,377,375.8,376.97,377.19,4.986,0.028,352.95,2026-01-01 09:48:40,RS002,50,1,378.9,375.63,TYPE_B,1922,0.555,0.969,123.09,122.06,122.04,24.31,2,ire_ptfe_701_plc
701,2026-01-01 09:48:50,OP102,JOB3002,,2,49.61,48.12,153.49,222.17,338.29,62.09,30.94,30.66,48.62,121.14,121.71,375.07,375.85,372.46,375.45,374.08,5.038,0.022,348.07,2026-01-01 09:48:50,RS002,50,1,374.47,379.23,TYPE_B,1538,0.516,0.9,121.58,123.92,124.93,25.04,2,ire_ptfe_701_plc
701,2026-01-01 09:49:00,OP102,JOB3002,,2,50.54,49.02,154.79,218.84,340.77,58.72,28.62,30.86,49.53,121.35,119.91,376.42,375.8,373.22,375.41,374.62,5.022,0.037,347.55,2026-01-01 09:49:00,RS002,50,1,376.18,379.67,TYPE_A,1144,0.508,0.923,123.56,123.33,122.9,24.31,2,ire_ptfe_701_plc
701,2026-01-01 09:49:10,OP102,JOB3002,,2,50.61,49.09,146.83,221.77,340.45,61.25,31.74,31.06,49.6,118.8,119.14,375.33,374.61,375.71,378.9,373.11,5.027,0.028,351.26,2026-01-01 09:49:10,RS002,50,1,375.34,375.13,TYPE_B,1826,0.565,0.978,121.99,123.16,122.87,25.34,2,ire_ptfe_701_plc
701,2026-01-01 09:49:20,OP102,JOB3002,,2,50.7,49.18,145.09,221.9,341.85,57.42,28.63,31.26,49.69,121.75,121.31,373.25,374.79,374.01,376.83,376.64,5.049,0.037,347.11,2026-01-01 09:49:20,RS002,50,1,375.72,375.23,TYPE_A,1953,0.412,0.968,120.32,124.91,125.65,25.27,2,ire_ptfe_701_plc
701,2026-01-01 09:49:30,OP102,JOB3002,,2,50.32,48.81,148.87,218.88,339.68,59.91,29.57,31.46,49.31,118.3,120.58,376.12,373.35,377,374.88,376.77,5.005,0.028,349.27,2026-01-01 09:49:30,RS002,50,1,375.41,374.09,TYPE_A,1756,0.558,0.982,122.78,123.43,122.74,24.11,2,ire_ptfe_701_plc
701,2026-01-01 09:49:40,OP102,JOB3002,,2,49.4,47.92,151.11,220.19,339.89,62.87,28.16,31.66,48.41,119.68,121.11,376.38,374.39,376.61,379.79,374.09,5.048,0.034,351.43,2026-01-01 09:49:40,RS002,50,1,374.98,376.61,TYPE_A,1106,0.41,0.969,120.52,122.26,125.84,24.27,2,ire_ptfe_701_plc
701,2026-01-01 09:49:50,OP102,JOB3002,,2,49.88,48.38,153.16,221.19,338.08,58.21,30.47,31.86,48.88,119.04,119.24,374.43,377.21,375.8,375.19,373.04,4.973,0.025,351.9,2026-01-01 09:49:50,RS002,50,1,374.44,379.25,TYPE_A,1704,0.565,0.953,122.21,121.54,123.15,24.83,2,ire_ptfe_701_plc
701,2026-01-01 09:50:00,OP102,JOB3002,,2,50.18,48.67,149.55,222.17,339.27,61.87,28.16,32.06,49.18,121.62,120.13,377.6,375.17,375.78,377.52,376,4.976,0.029,349.49,2026-01-01 09:50:00,RS002,50,1,373.57,376.13,TYPE_B,1970,0.439,0.953,120.01,124.39,123.79,24.36,2,ire_ptfe_701_plc
701,2026-01-01 09:50:10,OP102,JOB3002,,2,50.75,49.23,145.33,219.65,341.61,58.52,28.11,32.26,49.73,120.38,120.01,377.11,373.54,372,375.79,372.09,5.039,0.035,352.71,2026-01-01 09:50:10,RS002,50,1,378.63,377.52,TYPE_B,1585,0.527,0.922,123.38,121.82,123.45,24.93,2,ire_ptfe_701_plc
701,2026-01-01 09:50:20,OP102,JOB3002,,2,50.54,49.02,150.65,218.07,340.42,58.97,29.96,32.46,49.53,119.91,120.92,373.79,377.84,372.99,376.37,374.89,4.992,0.025,349.49,2026-01-01 09:50:20,RS002,50,1,375.02,375.97,TYPE_B,1496,0.495,0.964,121.09,121.67,125.72,24.36,2,ire_ptfe_701_plc
701,2026-01-01 09:50:30,OP102,JOB3002,,2,50.67,49.15,149.28,220.09,338.05,61.08,32,32.67,49.66,118.79,122.7,377.48,375.51,374.33,377.76,373.55,4.991,0.039,350.33,2026-01-01 09:50:30,RS002,50,1,377.11,377.71,TYPE_A,1714,0.41,0.958,121.09,122.89,125.32,24.1,2,ire_ptfe_701_plc
701,2026-01-01 09:50:40,OP102,JOB3002,,2,50.46,48.95,147.73,217.15,338.25,59.11,28.48,32.87,49.45,118.03,119.16,377.89,377.65,376.22,375.98,372.2,4.999,0.03,350.95,2026-01-01 09:50:40,RS002,50,1,376.53,374.68,TYPE_B,1593,0.51,0.945,120.52,124.12,124.18,25.09,2,ire_ptfe_701_plc
701,2026-01-01 09:50:50,OP102,JOB3002,,2,49.8,48.31,148.51,218.21,338.32,59.74,29.31,33.07,48.8,121.5,119.81,373.94,375.83,372.08,374.56,373.45,4.968,0.037,348.44,2026-01-01 09:50:50,RS002,50,1,378.07,374.61,TYPE_A,1520,0.528,0.984,123.01,122.95,123.68,25.2,2,ire_ptfe_701_plc
701,2026-01-01 09:51:00,OP102,JOB3002,,2,49.65,48.16,147.39,221.06,340.5,60.82,30.51,33.27,48.66,120.55,120.79,374.76,375.28,373.89,374.43,376.12,4.966,0.037,352.31,2026-01-01 09:51:00,RS002,50,1,375.88,375.48,TYPE_A,1470,0.417,0.9,122.07,124.35,124.07,25.83,2,ire_ptfe_701_plc
701,2026-01-01 09:51:10,OP102,JOB3002,,2,50.58,49.06,149.48,217.75,341.19,61.77,30.73,33.47,49.57,120.37,119.99,377.56,376.83,373.59,378.52,375.69,4.967,0.024,349.82,2026-01-01 09:51:10,RS002,50,1,377.29,375.14,TYPE_B,1494,0.515,0.929,121.86,124.52,122.5,25.91,2,ire_ptfe_701_plc
701,2026-01-01 09:51:20,OP102,JOB3002,,2,49.24,47.76,150.8,220.28,338.82,59.24,29.38,33.67,48.26,118.22,122.06,375.98,374.1,371.54,374.67,374.8,5.05,0.024,347.31,2026-01-01 09:51:20,RS002,50,1,375.57,377.91,TYPE_B,1871,0.411,0.989,123.68,124.07,124.93,25.82,2,ire_ptfe_701_plc
701,2026-01-01 09:51:30,OP102,JOB3002,,2,50.59,49.07,152.25,220.84,341.8,61.74,28.62,33.87,49.58,119.83,122.31,377.96,373.57,373.67,376.62,375.08,4.993,0.026,351.99,2026-01-01 09:51:30,RS002,50,1,374.88,379.49,TYPE_B,1148,0.47,0.937,120.6,124.03,122.62,24.84,2,ire_ptfe_701_plc
701,2026-01-01 09:51:40,OP102,JOB3002,,2,50.31,48.8,150.11,222.2,341.05,62.06,31.79,34.07,49.3,119.96,122,373.74,376.29,371.72,378.7,375.39,5.01,0.036,350.48,2026-01-01 09:51:40,RS002,50,1,377.47,379.98,TYPE_B,1538,0.447,0.982,120.36,121.88,125.34,24.44,2,ire_ptfe_701_plc
701,2026-01-01 09:51:50,OP102,JOB3002,,2,50.5,48.98,145.93,217.7,341.29,58.8,30.09,34.27,49.49,119.3,120.12,373.72,374.2,375.11,378.46,375.39,5.049,0.028,352.12,2026-01-01 09:51:50,RS002,50,1,373.9,376.4,TYPE_B,1498,0.504,0.926,121.49,124.43,124.91,25.3,2,ire_ptfe_701_plc
701,2026-01-01 09:52:00,OP102,JOB3002,,2,50.46,48.95,152.39,217.96,338.3,62.32,29.43,34.47,49.45,120.38,121.81,374.32,375.53,373.58,375.85,372.45,4.967,0.027,348.16,2026-01-01 09:52:00,RS002,50,1,375.6,375.39,TYPE_B,1071,0.518,0.926,120.77,123.2,122.69,24.56,2,ire_ptfe_701_plc
701,2026-01-01 09:52:10,OP102,JOB3002,,2,49.25,47.77,151.26,218.01,339.61,58.95,28.37,34.67,48.27,120.02,119.53,372.94,377.31,372.05,376.58,377.5,4.983,0.035,348.84,2026-01-01 09:52:10,RS002,50,1,378.16,378.27,TYPE_A,1784,0.474,0.941,122.69,122.45,124.14,24.09,2,ire_ptfe_701_plc
701,2026-01-01 09:52:20,OP102,JOB3002,,2,50.27,48.76,147.17,221.73,341.77,57.89,29.71,34.87,49.26,121.48,121.87,375.99,374.95,372.07,376.06,376.06,4.972,0.038,351.85,2026-01-01 09:52:20,RS002,50,1,374.32,376.33,TYPE_B,1474,0.469,0.962,121.11,124.04,125.37,24.25,2,ire_ptfe_701_plc
701,2026-01-01 09:52:30,OP102,JOB3002,,2,49.74,48.25,151.43,220.65,341.38,62.29,30.65,35.07,48.75,119.15,121.46,374.97,373.33,374.63,378.18,377.2,4.974,0.036,348.88,2026-01-01 09:52:30,RS002,50,1,374.85,378.64,TYPE_B,1516,0.426,0.94,120.46,123.08,122.43,25.39,2,ire_ptfe_701_plc
701,2026-01-01 09:52:40,OP102,JOB3002,,2,50.49,48.98,148.76,218.07,340.07,58.92,29.76,35.27,49.48,118.55,122.55,373.51,373.29,372.17,377.9,372.71,4.966,0.035,348.43,2026-01-01 09:52:40,RS002,50,1,376.1,375.86,TYPE_B,1187,0.467,0.984,121.71,121.74,123.75,24.42,2,ire_ptfe_701_plc
701,2026-01-01 09:52:50,OP102,JOB3002,,2,49.4,47.92,150.14,217.76,339.82,59.96,29.3,35.47,48.41,120.5,119.71,372.13,378.35,374.26,378.76,376.61,4.971,0.039,347.85,2026-01-01 09:52:50,RS002,50,1,375.52,375.59,TYPE_A,1860,0.596,0.946,123.43,123.59,123.83,25.12,2,ire_ptfe_701_plc
701,2026-01-01 09:53:00,OP102,JOB3002,,2,50.58,49.06,153.56,219.77,341.9,59.29,28.01,35.67,49.57,118.17,122.54,373.74,374,371.92,378.25,377.04,4.983,0.04,348.11,2026-01-01 09:53:00,RS002,50,1,376.98,379.73,TYPE_A,1493,0.539,0.924,122.8,123.46,122.64,25.48,2,ire_ptfe_701_plc
701,2026-01-01 09:53:10,OP102,JOB3002,,2,49.76,48.27,150.21,222.3,339.06,62.37,29.59,35.87,48.76,118.78,121.28,373.03,374.11,372.95,378.38,372.93,5.03,0.034,349.29,2026-01-01 09:53:10,RS002,50,1,377.83,377.12,TYPE_B,1968,0.497,0.993,120.88,122.15,122.68,25.28,2,ire_ptfe_701_plc
701,2026-01-01 09:53:20,OP102,JOB3002,,2,50.41,48.9,154.69,222.38,340,58.84,28.85,36.07,49.4,121.98,120.1,377.19,373.13,373.25,374.51,372.19,5.023,0.024,347.38,2026-01-01 09:53:20,RS002,50,1,377.49,378.33,TYPE_B,1912,0.517,0.997,120.13,124.69,123.94,25.04,2,ire_ptfe_701_plc
701,2026-01-01 09:53:30,OP102,JOB3002,,2,49.61,48.12,146.88,218.11,340.68,57.67,31.02,36.27,48.62,119.5,119.3,376.64,378,374.27,378.8,372.88,5.041,0.024,350.77,2026-01-01 09:53:30,RS002,50,1,378.24,374.2,TYPE_B,1119,0.434,0.999,120.07,122.48,125.11,25.3,2,ire_ptfe_701_plc
701,2026-01-01 09:53:40,OP102,JOB3002,,2,50.52,49,149.99,220.55,341.75,58.5,29.26,36.47,49.51,119.64,121.95,372.46,375.09,374.13,378.93,375.77,4.968,0.024,347.25,2026-01-01 09:53:40,RS002,50,1,373.11,377.17,TYPE_A,1922,0.524,0.938,121.96,121.91,125.08,25.4,2,ire_ptfe_701_plc
701,2026-01-01 09:53:50,OP102,JOB3002,,2,50.53,49.01,148.33,221.52,340.83,62.36,31.82,36.67,49.52,121.71,119.2,374.55,374.38,374.01,377.19,377.3,5.049,0.026,351.39,2026-01-01 09:53:50,RS002,50,1,375.98,378.59,TYPE_A,1519,0.471,0.923,121.26,121.7,124.51,25.02,2,ire_ptfe_701_plc
701,2026-01-01 09:54:00,OP102,JOB3002,,2,50.32,48.81,153.2,221.46,338.05,58.07,28.78,36.87,49.31,119.13,122.05,373.44,374.65,372.44,379.14,376.28,5.014,0.027,350.21,2026-01-01 09:54:00,RS002,50,1,375.57,375.82,TYPE_B,1915,0.426,0.902,120.25,124.06,124.15,25.29,2,ire_ptfe_701_plc
701,2026-01-01 09:54:10,OP102,JOB3002,,2,49.38,47.9,153.6,220.27,340.02,58.48,31.75,37.07,48.39,119.9,122.36,375.5,375.92,374.38,375.54,374.7,5.016,0.031,347.8,2026-01-01 09:54:10,RS002,50,1,376.74,374.02,TYPE_B,1593,0.438,0.921,123.98,121.43,123.53,24.15,2,ire_ptfe_701_plc
701,2026-01-01 09:54:20,OP102,JOB3002,,2,49.53,48.04,150.04,220,338.23,60.88,30.97,37.27,48.54,119.26,122.91,376.87,374.25,375.39,378.19,372.75,4.978,0.035,347.5,2026-01-01 09:54:20,RS002,50,1,376.91,377.8,TYPE_A,1235,0.488,0.929,122.54,122.32,125.53,25.78,2,ire_ptfe_701_plc
701,2026-01-01 09:54:30,OP102,JOB3002,,2,49.67,48.18,145.36,219.53,338.78,61.46,31.56,37.47,48.68,120.82,120.66,374.54,373.68,373.81,378.12,374.73,5.04,0.024,352.62,2026-01-01 09:54:30,RS002,50,1,375.01,378.85,TYPE_A,1146,0.49,0.993,123.77,124.06,123.54,24.6,2,ire_ptfe_701_plc
701,2026-01-01 09:54:40,OP102,JOB3002,,2,50.64,49.12,145.2,219.62,340.24,58.85,28.56,37.68,49.63,119.37,119.65,376.46,376.25,372.49,377.79,376.23,4.961,0.027,347.71,2026-01-01 09:54:40,RS002,50,1,377.4,375.38,TYPE_A,1764,0.445,0.918,121.05,122.18,122.88,24.57,2,ire_ptfe_701_plc
701,2026-01-01 09:54:50,OP102,JOB3002,,2,50.21,48.7,154.9,221.95,340.14,59.79,30.02,37.88,49.21,120.14,119.64,372.19,375.99,375.84,376.94,374,5.045,0.024,348.39,2026-01-01 09:54:50,RS002,50,1,378.73,374.27,TYPE_A,1088,0.562,0.959,122.27,124.56,124.1,24.42,2,ire_ptfe_701_plc
701,2026-01-01 09:55:00,OP102,JOB3002,,2,49.23,47.75,148.36,217.35,339.08,58.6,28.82,38.08,48.25,120.65,121.19,374.42,378.43,374.12,378.9,377.37,4.99,0.026,351.19,2026-01-01 09:55:00,RS002,50,1,376.7,378.21,TYPE_B,1911,0.566,0.995,121.98,123.68,124.07,25.47,2,ire_ptfe_701_plc
701,2026-01-01 09:55:10,OP102,JOB3002,,2,50.08,48.58,145.62,221.58,338.13,61.98,31.78,38.28,49.08,121.57,122.59,372.96,378.4,371.88,374.85,374.65,4.991,0.021,351.22,2026-01-01 09:55:10,RS002,50,1,373.67,378.64,TYPE_B,1755,0.521,0.93,120.86,122.64,124.32,24.53,2,ire_ptfe_701_plc
701,2026-01-01 09:55:20,OP102,JOB3002,,2,50.62,49.1,154.52,222.83,339.92,60.35,28.47,38.48,49.61,120.64,122.25,373,378.98,376.1,376.65,375.15,4.998,0.03,352.64,2026-01-01 09:55:20,RS002,50,1,377.73,376.25,TYPE_B,1718,0.586,0.986,120.77,124.13,125.56,24.16,2,ire_ptfe_701_plc
701,2026-01-01 09:55:30,OP102,JOB3002,,2,49.97,48.47,150.13,221.26,340.11,61.4,31.85,38.68,48.97,119.62,121.77,373.1,373.25,371.65,374.44,373.38,5.004,0.029,350.3,2026-01-01 09:55:30,RS002,50,1,376.11,376.51,TYPE_B,1078,0.472,0.916,120.53,124.47,125.16,25.32,2,ire_ptfe_701_plc
701,2026-01-01 09:55:40,OP102,JOB3002,,2,50.58,49.06,152.43,220.43,341.42,59.59,28.01,38.88,49.57,121.64,119.42,373.12,378.17,373.02,377.68,376.04,5.004,0.031,347.05,2026-01-01 09:55:40,RS002,50,1,373.29,379.53,TYPE_B,1618,0.421,0.961,123.28,122.19,124.93,24.24,2,ire_ptfe_701_plc
701,2026-01-01 09:55:50,OP102,JOB3002,,2,49.7,48.21,148.26,219.38,341.81,61.22,30.09,39.08,48.71,119.67,120.08,376.31,373.97,374.46,374.32,375.07,4.963,0.022,349.69,2026-01-01 09:55:50,RS002,50,1,374.18,378.87,TYPE_B,1402,0.47,0.942,120.83,124.49,125.6,24.32,2,ire_ptfe_701_plc
701,2026-01-01 09:56:00,OP102,JOB3002,,2,50.06,48.56,152.07,218.64,339.1,61.52,29.38,39.28,49.06,118.68,119.13,376.44,376.97,372.5,375.68,373.08,5.013,0.024,348.75,2026-01-01 09:56:00,RS002,50,1,378.91,378.18,TYPE_A,1557,0.547,0.947,120.07,122.56,122.72,24.28,2,ire_ptfe_701_plc
701,2026-01-01 09:56:10,OP102,JOB3002,,2,49.39,47.91,152.88,218.46,338.24,60.5,29.65,39.48,48.4,120.24,120.51,376.82,374.38,374.51,378.34,373.48,5.034,0.033,349.19,2026-01-01 09:56:10,RS002,50,1,377.64,378.1,TYPE_A,1767,0.535,0.932,122.64,122.86,123.74,25.43,2,ire_ptfe_701_plc
701,2026-01-01 09:56:20,OP102,JOB3002,,2,50.76,49.24,148.78,222.94,339.53,59.99,30.58,39.68,49.74,121.01,119.85,373.05,376.23,374.12,376.88,375.31,5.031,0.037,351.37,2026-01-01 09:56:20,RS002,50,1,378.29,377.71,TYPE_A,1220,0.421,0.913,121.05,123.24,124.76,25.1,2,ire_ptfe_701_plc
701,2026-01-01 09:56:30,OP102,JOB3002,,2,49.66,48.17,149.68,218.55,340.4,59.38,28.5,39.88,48.67,118.18,122.61,376.62,376.62,373.69,377.77,373.15,4.995,0.026,351.48,2026-01-01 09:56:30,RS002,50,1,373.12,377.27,TYPE_B,1510,0.567,0.987,122.47,122.54,125.69,24.9,2,ire_ptfe_701_plc
701,2026-01-01 09:56:40,OP102,JOB3002,,2,50.67,49.15,153.95,218.23,341.73,62.88,30.01,40.08,49.66,119.34,120.89,377,373.08,371.19,374.41,374.53,5.019,0.034,351.71,2026-01-01 09:56:40,RS002,50,1,377.85,378.21,TYPE_B,1515,0.45,0.98,120.64,121.55,123.35,25.15,2,ire_ptfe_701_plc
701,2026-01-01 09:56:50,OP102,JOB3002,,2,50.62,49.1,152.83,219.95,341.62,58.85,28.77,40.28,49.61,118.95,121.21,377.09,375.54,375.22,375.6,375.23,4.954,0.037,348.6,2026-01-01 09:56:50,RS002,50,1,375.7,379.33,TYPE_B,1958,0.567,0.999,120.58,124.11,125.93,25.9,2,ire_ptfe_701_plc
701,2026-01-01 09:57:00,OP102,JOB3002,,2,49.64,48.15,154.41,222.81,341.52,61.83,31.39,40.48,48.65,120.49,120.4,375.13,378.03,371.25,379.88,377.63,5,0.038,348.28,2026-01-01 09:57:00,RS002,50,1,376.77,377.46,TYPE_A,1943,0.503,0.929,120.97,123.71,125.63,24.05,2,ire_ptfe_701_plc
701,2026-01-01 09:57:10,OP102,JOB3002,,2,49.98,48.48,154.8,217.75,340.28,59.8,29.21,40.68,48.98,119.53,119.9,376.71,376.49,375.38,376.71,374.75,4.999,0.02,349.22,2026-01-01 09:57:10,RS002,50,1,377.85,379.28,TYPE_A,1183,0.598,0.993,121.58,124.24,122.91,25.24,2,ire_ptfe_701_plc
701,2026-01-01 09:57:20,OP102,JOB3002,,2,50.21,48.7,145.27,218.11,338.02,61.68,29.33,40.88,49.21,120.63,119.39,373.18,373.35,371.65,376.79,373.61,4.967,0.025,349.85,2026-01-01 09:57:20,RS002,50,1,377.9,376.98,TYPE_A,1631,0.434,0.935,120.59,121.71,122.04,24.32,2,ire_ptfe_701_plc
701,2026-01-01 09:57:30,OP102,JOB3002,,2,49.73,48.24,145.88,219.92,341.89,59.5,31.38,41.08,48.74,121.47,122.42,377.92,378.2,373.24,374.17,376.87,5.04,0.032,351.03,2026-01-01 09:57:30,RS002,50,1,375.68,375.61,TYPE_B,1672,0.587,0.978,122.85,123.03,122.77,25.63,2,ire_ptfe_701_plc
701,2026-01-01 09:57:40,OP102,JOB3002,,2,50.66,49.14,149.63,220.33,341.38,62.59,28.12,41.28,49.65,120.79,119.28,374.35,378.15,374.38,374.71,373.59,5.007,0.033,350.26,2026-01-01 09:57:40,RS002,50,1,375.53,377.54,TYPE_A,1540,0.465,0.969,122.38,121.36,124.12,25.96,2,ire_ptfe_701_plc
701,2026-01-01 09:57:50,OP102,JOB3002,,2,49.2,47.72,151.19,221.39,340,60.85,28.84,41.48,48.22,118.92,119.26,376.79,375.54,376.85,378.71,375.21,4.984,0.034,348.86,2026-01-01 09:57:50,RS002,50,1,376.94,378.78,TYPE_B,1585,0.578,0.982,121.29,124.76,122.87,24.17,2,ire_ptfe_701_plc
701,2026-01-01 09:58:00,OP102,JOB3002,,2,49.83,48.34,145.55,219.67,339.79,58.58,31.05,41.68,48.83,120.66,119.31,375.89,377.58,373.66,374.44,373.64,5.014,0.02,352.86,2026-01-01 09:58:00,RS002,50,1,378.3,374.68,TYPE_B,1033,0.448,0.924,122.36,124.34,125.39,24.7,2,ire_ptfe_701_plc
701,2026-01-01 09:58:10,OP102,JOB3002,,2,49.74,48.25,153.23,221.35,340.61,60.71,31.74,41.88,48.75,118.08,120.54,377.48,376.03,376.38,374.13,377.96,5.017,0.02,351.51,2026-01-01 09:58:10,RS002,50,1,378,376.04,TYPE_B,1985,0.593,0.98,124,122.54,123.17,26,2,ire_ptfe_701_plc
701,2026-01-01 09:58:20,OP102,JOB3002,,2,50.02,48.52,151.14,221.06,341.56,60.98,31.06,42.08,49.02,120.14,121.46,377.21,375.84,376.55,376.95,376.34,5.04,0.031,347.83,2026-01-01 09:58:20,RS002,50,1,375.95,377.11,TYPE_A,1671,0.564,0.988,120.5,124.2,123.6,24.17,2,ire_ptfe_701_plc
701,2026-01-01 09:58:30,OP102,JOB3002,,2,50.4,48.89,152.6,221.29,338.48,62.39,28,42.28,49.39,120.64,122.05,373.28,373.18,372.39,376.94,376.39,4.969,0.034,350.38,2026-01-01 09:58:30,RS002,50,1,373.72,376.68,TYPE_A,1543,0.509,0.969,120.84,121.57,123.55,24.29,2,ire_ptfe_701_plc
701,2026-01-01 09:58:40,OP102,JOB3002,,2,49.89,48.39,151.64,221.97,340.89,58.18,29.48,42.48,48.89,121.74,121.04,376.05,373.8,373.98,377.48,372.86,5.025,0.03,349,2026-01-01 09:58:40,RS002,50,1,376.56,375.43,TYPE_B,1338,0.589,0.925,121.39,121.34,124.33,24.98,2,ire_ptfe_701_plc
701,2026-01-01 09:58:50,OP102,JOB3002,,2,50.41,48.9,149.59,222.58,339.69,62.9,31.37,42.69,49.4,119.8,120.3,377.77,375.18,371.24,374.29,372.68,5.045,0.029,351.52,2026-01-01 09:58:50,RS002,50,1,378.38,377.67,TYPE_B,1417,0.584,0.991,122.78,123.39,122.18,25.34,2,ire_ptfe_701_plc
701,2026-01-01 09:59:00,OP102,JOB3002,,2,49.33,47.85,152.1,220.2,338.79,57.71,29.1,42.89,48.34,119.66,122.14,374.59,373.07,372.98,374.3,375.87,4.97,0.025,348.74,2026-01-01 09:59:00,RS002,50,1,375.24,378.46,TYPE_A,1566,0.403,0.926,123.91,121.65,125.37,24.53,2,ire_ptfe_701_plc
701,2026-01-01 09:59:10,OP102,JOB3002,,2,49.56,48.07,154.12,222.32,340.69,60.63,31.33,43.09,48.57,121.65,122.42,372.62,378.76,373.43,375.68,375.93,4.97,0.028,351.5,2026-01-01 09:59:10,RS002,50,1,375.31,374.73,TYPE_B,1666,0.58,0.952,122.91,121.01,124.36,25.82,2,ire_ptfe_701_plc
701,2026-01-01 09:59:20,OP102,JOB3002,,2,49.24,47.76,149.35,218.14,340.02,57.34,29.8,43.29,48.26,120.4,120.66,374.15,374.56,372.75,375.42,377.04,5.011,0.026,349.73,2026-01-01 09:59:20,RS002,50,1,377.78,377.77,TYPE_B,1764,0.567,0.941,122.65,122.03,122.78,25.55,2,ire_ptfe_701_plc
701,2026-01-01 09:59:30,OP102,JOB3002,,2,50.23,48.72,150.17,222.78,341.56,62.46,30.56,43.49,49.23,118.42,119.89,374.67,378.14,376.73,379.78,377.99,5.005,0.04,348.28,2026-01-01 09:59:30,RS002,50,1,376.28,378.67,TYPE_B,1234,0.581,0.935,123.06,123.89,123.57,24.62,2,ire_ptfe_701_plc
701,2026-01-01 09:59:40,OP102,JOB3002,,2,50.58,49.06,150.37,220.3,339.31,58.33,31.5,43.69,49.57,120.52,122.95,374.41,374.2,371.49,376.59,374.97,4.981,0.027,347.85,2026-01-01 09:59:40,RS002,50,1,375.62,378.01,TYPE_A,1670,0.407,0.954,122.22,124.27,123.82,24.62,2,ire_ptfe_701_plc
701,2026-01-01 09:59:50,OP102,JOB3002,,2,49.83,48.34,149.87,222.45,338.25,62.24,30.36,43.89,48.83,119.1,122.61,376.86,376.35,372.9,376.67,372.44,4.986,0.028,348.6,2026-01-01 09:59:50,RS002,50,1,376.68,375.25,TYPE_B,1859,0.573,0.993,123.12,123.5,124.19,25.69,2,ire_ptfe_701_plc
701,2026-01-01 10:00:00,OP102,JOB3002,,2,49.91,48.41,152.15,221.05,341.18,60.19,31.64,44.09,48.91,121.97,122.15,372.01,376.89,371.72,375.27,377.48,5.046,0.036,349.82,2026-01-01 10:00:00,RS002,50,1,375.49,378.75,TYPE_B,1170,0.419,0.943,122.81,123.06,125.29,24.39,2,ire_ptfe_701_plc
701,2026-01-01 10:00:10,OP102,JOB3002,,2,50.09,48.59,154.27,218.49,339.29,60.87,31.36,44.29,49.09,121.77,122.81,372.95,377.62,376.07,375.07,377.12,4.961,0.034,351.85,2026-01-01 10:00:10,RS002,50,1,373.07,376.43,TYPE_A,1712,0.593,0.973,122.06,121.72,123.62,25.44,2,ire_ptfe_701_plc
701,2026-01-01 10:00:20,OP102,JOB3002,,2,49.73,48.24,153.55,219.42,338.38,58.63,28.78,44.49,48.74,121.51,121.11,376.75,373.63,374.97,376.31,376.27,5.004,0.037,352.52,2026-01-01 10:00:20,RS002,50,1,373.53,378.89,TYPE_B,1849,0.461,0.987,123.49,122.1,124.07,24.56,2,ire_ptfe_701_plc
701,2026-01-01 10:00:30,OP102,JOB3002,,2,50.16,48.66,150.49,222.01,338.47,59.88,28.29,44.69,49.16,120.91,121.66,374.92,378.74,371.51,378.75,377.16,5.045,0.026,349.89,2026-01-01 10:00:30,RS002,50,1,376.26,375.09,TYPE_B,1982,0.517,0.931,120.05,123.9,125.29,24.66,2,ire_ptfe_701_plc
701,2026-01-01 10:00:40,OP102,JOB3002,,2,49.63,48.14,150.69,219.88,339.75,57.47,28.04,44.89,48.64,120.8,120.23,377.26,378.63,371.78,374.54,377.68,5.045,0.03,347.32,2026-01-01 10:00:40,RS002,50,1,376.92,377.61,TYPE_A,1461,0.595,0.92,120.01,121.89,123.56,25.8,2,ire_ptfe_701_plc
701,2026-01-01 10:00:50,OP102,JOB3002,,2,49.51,48.02,150.41,220.39,339.83,62.89,29.81,45.09,48.52,121.91,122.46,376.18,373.4,373.11,379,375.94,5.043,0.033,352.32,2026-01-01 10:00:50,RS002,50,1,373.4,376,TYPE_A,1788,0.518,0.933,122.65,124.17,122.6,24.66,2,ire_ptfe_701_plc
701,2026-01-01 10:01:00,OP102,JOB3002,,2,49.27,47.79,148.12,221.38,341.83,57.42,31.65,45.29,48.28,118.44,120.63,376.05,378.84,372.85,374.83,373.92,5.025,0.032,352.54,2026-01-01 10:01:00,RS002,50,1,374.2,379.67,TYPE_B,1655,0.507,0.911,122.55,121.77,123.12,25.01,2,ire_ptfe_701_plc
701,2026-01-01 10:01:10,OP102,JOB3002,,2,50.31,48.8,152.96,220.11,339.64,61.7,29.91,45.49,49.3,120.62,121.57,376.6,378.79,374.69,377.62,376.31,5.047,0.025,351.52,2026-01-01 10:01:10,RS002,50,1,376.32,378.36,TYPE_A,1442,0.5,0.972,121.96,124.13,123.73,25.65,2,ire_ptfe_701_plc
701,2026-01-01 10:01:20,OP102,JOB3002,,2,49.38,47.9,148.49,219.11,340.18,58.58,31.88,45.69,48.39,119.08,121.17,376.88,376.43,373.7,379.35,376.11,4.964,0.023,350.86,2026-01-01 10:01:20,RS002,50,1,375.66,379.27,TYPE_B,1955,0.519,0.964,121.21,122.64,123.55,24.05,2,ire_ptfe_701_plc
701,2026-01-01 10:01:30,OP102,JOB3002,,2,49.49,48.01,147.39,218.26,341.16,62.24,31.91,45.89,48.5,118.74,121.72,375.71,377.65,375.49,379.57,372.21,4.994,0.025,348.12,2026-01-01 10:01:30,RS002,50,1,374.94,379.88,TYPE_B,1531,0.595,0.942,120.45,123.63,125.92,24.68,2,ire_ptfe_701_plc
701,2026-01-01 10:01:40,OP102,JOB3002,,2,50.58,49.06,147.44,218.88,340.12,62.87,29.57,46.09,49.57,118.32,121.09,374.02,375.42,376.27,378.16,375.52,5.022,0.023,352.83,2026-01-01 10:01:40,RS002,50,1,377.63,378.12,TYPE_B,1540,0.479,0.988,123.68,121.99,124.18,25.41,2,ire_ptfe_701_plc
701,2026-01-01 10:01:50,OP102,JOB3002,,2,50.07,48.57,152.95,218.28,341.43,59.74,30.86,46.29,49.07,120.61,119.89,372.83,375.55,376.38,377.89,374.19,4.966,0.026,350.28,2026-01-01 10:01:50,RS002,50,1,376.6,378.83,TYPE_B,1780,0.574,0.934,122.77,122.21,124.64,24.84,2,ire_ptfe_701_plc
701,2026-01-01 10:02:00,OP102,JOB3002,,2,50.18,48.67,151.27,219.59,339.79,58.74,29.42,46.49,49.18,121.93,121.06,373.25,377.77,374.22,378.26,377.22,5.002,0.04,349.24,2026-01-01 10:02:00,RS002,50,1,378.42,378.98,TYPE_B,1974,0.563,0.992,120.25,121.43,124.33,24.19,2,ire_ptfe_701_plc
701,2026-01-01 10:02:10,OP102,JOB3002,,2,49.95,48.45,151.64,217.81,341.6,57.58,31.48,46.69,48.95,121.73,122.34,375.9,376.68,375.47,374.65,375.13,4.972,0.023,350.89,2026-01-01 10:02:10,RS002,50,1,373.9,375.3,TYPE_A,1922,0.544,0.919,122.38,121.32,124.21,24.87,2,ire_ptfe_701_plc
701,2026-01-01 10:02:20,OP102,JOB3002,,2,50.6,49.08,148.8,218.45,338.53,62.99,31.21,46.89,49.59,120.03,122.81,376.89,375.72,371.85,374.43,374.25,4.972,0.025,351.46,2026-01-01 10:02:20,RS002,50,1,375.19,378.01,TYPE_A,1390,0.413,0.939,122.94,121.14,125.77,25.05,2,ire_ptfe_701_plc
701,2026-01-01 10:02:30,OP102,JOB3002,,2,49.27,47.79,148.09,221.1,340.94,59.05,31.48,47.09,48.28,121.36,121.66,373,377.87,375.96,375.79,377.48,5.001,0.035,352.87,2026-01-01 10:02:30,RS002,50,1,375.91,377.36,TYPE_A,1698,0.596,0.988,120.25,122.19,123.59,25.04,2,ire_ptfe_701_plc
701,2026-01-01 10:02:40,OP102,JOB3002,,2,49.25,47.77,149.44,221.12,338.15,61.35,29.94,47.29,48.27,118.72,119.39,377.52,373.71,373.51,378.98,372.46,4.951,0.031,351.63,2026-01-01 10:02:40,RS002,50,1,374.58,378.5,TYPE_B,1346,0.443,0.981,122.31,123.4,122.06,24.38,2,ire_ptfe_701_plc
701,2026-01-01 10:02:50,OP102,JOB3002,,2,50.16,48.66,153.01,217.21,341.51,58.77,30.36,47.49,49.16,118.46,119.55,374.84,377.03,371.93,377.79,373.7,4.956,0.021,352.07,2026-01-01 10:02:50,RS002,50,1,378.57,376.98,TYPE_B,1051,0.562,0.943,123.79,123.68,123.3,24.86,2,ire_ptfe_701_plc
701,2026-01-01 10:03:00,OP102,JOB3002,,2,50.19,48.68,147.6,219.78,339.67,59.03,31.46,47.7,49.19,119.83,122.94,376.21,373.59,376.07,377.17,374.7,5.032,0.03,347.93,2026-01-01 10:03:00,RS002,50,1,374.93,375.79,TYPE_B,1580,0.536,0.957,121.28,123.85,124.09,25.71,2,ire_ptfe_701_plc
701,2026-01-01 10:03:10,OP102,JOB3002,,2,50.61,49.09,150.44,221.25,341.86,58.27,31.72,47.9,49.6,118.83,121.85,376.79,375.66,376.56,375.27,374.45,5.018,0.034,350.82,2026-01-01 10:03:10,RS002,50,1,375.18,374.59,TYPE_A,1450,0.471,0.903,121.68,123.81,122.63,24.56,2,ire_ptfe_701_plc
701,2026-01-01 10:03:20,OP102,JOB3002,,2,49.94,48.44,148.79,222.38,338.89,61.12,28.26,48.1,48.94,121.31,122.21,377.17,373.81,372.07,379.12,373.46,4.971,0.032,350.14,2026-01-01 10:03:20,RS002,50,1,377.25,375.05,TYPE_A,1524,0.489,0.962,122.7,121.9,123.76,24.61,2,ire_ptfe_701_plc
701,2026-01-01 10:03:30,OP102,JOB3002,,2,50.75,49.23,152.51,222.68,338.22,57.21,31.77,48.3,49.73,119.67,119.44,373.72,374.17,372.08,374.48,376.55,4.987,0.026,348.56,2026-01-01 10:03:30,RS002,50,1,378.52,377.66,TYPE_A,1167,0.454,0.993,123.05,121.11,124.06,25.67,2,ire_ptfe_701_plc
701,2026-01-01 10:03:40,OP102,JOB3002,,2,50.17,48.66,150.11,218.94,341.93,58.22,31.47,48.5,49.17,118.42,122.98,376.48,378.13,374.2,376.93,373.32,5.032,0.036,349.47,2026-01-01 10:03:40,RS002,50,1,376.89,375.31,TYPE_B,1045,0.413,0.923,121.48,122.99,124.14,24.27,2,ire_ptfe_701_plc
701,2026-01-01 10:03:50,OP102,JOB3002,,2,50.19,48.68,153.26,221.01,338.22,59.72,31.35,48.7,49.19,121.47,120.16,374.05,373.06,374.4,374.8,373.91,5.042,0.026,351.79,2026-01-01 10:03:50,RS002,50,1,377.8,378.87,TYPE_B,1192,0.464,0.916,124,124.57,124.07,24.76,2,ire_ptfe_701_plc
701,2026-01-01 10:04:00,OP102,JOB3002,,2,49.77,48.28,152.56,220.97,338.78,60.63,28.85,48.9,48.77,120.26,119.7,376.99,373.53,372.93,379.53,375.45,4.953,0.036,352.45,2026-01-01 10:04:00,RS002,50,1,375.37,375.71,TYPE_A,1540,0.477,0.905,121.21,121.25,123.08,25.99,2,ire_ptfe_701_plc
701,2026-01-01 10:04:10,OP102,JOB3002,,2,49.53,48.04,148.41,218.46,339.14,57.49,29.25,49.1,48.54,118.42,119.3,372.83,377.29,374.43,379.66,376.24,4.972,0.03,349.23,2026-01-01 10:04:10,RS002,50,1,377.68,377.61,TYPE_B,1569,0.448,0.97,123.45,122.48,125.46,24.9,2,ire_ptfe_701_plc
701,2026-01-01 10:04:20,OP102,JOB3002,,2,49.93,48.43,154.48,222.9,338.12,61.13,31.69,49.3,48.93,118.55,120.43,377.7,377.2,372.64,376.03,377.85,5.031,0.037,349.71,2026-01-01 10:04:20,RS002,50,1,376.11,377.63,TYPE_B,1462,0.444,0.93,121.42,124.49,125.41,24.26,2,ire_ptfe_701_plc
701,2026-01-01 10:04:30,OP102,JOB3002,,2,50.09,48.59,153.12,218.17,339.91,58.38,31.92,49.5,49.09,118.3,119.97,374.43,376.03,371.12,378.81,372.76,5.004,0.021,351.57,2026-01-01 10:04:30,RS002,50,1,377.32,375.06,TYPE_B,1075,0.469,0.988,122.69,123.6,123.99,24.77,2,ire_ptfe_701_plc
701,2026-01-01 10:04:40,OP102,JOB3002,,2,49.48,48,153.94,222.6,340.04,62.02,29.13,49.7,48.49,120,119.82,373.39,373.76,371.46,376.99,375.31,4.961,0.029,349.91,2026-01-01 10:04:40,RS002,50,1,374.31,378.82,TYPE_B,1380,0.563,1,121.3,122.06,123.92,25.11,2,ire_ptfe_701_plc
701,2026-01-01 10:04:50,OP102,JOB3002,,2,49.68,48.19,154.57,221.9,341.61,59.16,31.38,49.9,48.69,119.3,120.63,375.41,375.82,374.97,374.54,372.24,4.964,0.033,351.8,2026-01-01 10:04:50,RS002,50,1,374.45,378.1,TYPE_A,1168,0.564,0.965,122.27,122.63,124.24,25.12,2,ire_ptfe_701_plc
701,2026-01-01 10:05:00,OP102,JOB3002,,2,50.56,49.04,145.95,220.57,339.71,60.21,28.33,50.1,49.55,118.87,119.19,373.41,373.94,376.37,378.83,375.04,5.045,0.024,352.56,2026-01-01 10:05:00,RS002,50,1,378.06,378.37,TYPE_B,1969,0.494,0.905,122.71,122.25,124.04,24.75,2,ire_ptfe_701_plc
701,2026-01-01 10:05:10,OP102,JOB3002,,2,49.47,47.99,152.15,217.23,339.66,57.27,29.67,50.3,48.48,121.34,120.38,372.24,378.95,374.37,376.53,376.69,4.977,0.026,350.86,2026-01-01 10:05:10,RS002,50,1,377.79,377.38,TYPE_B,1844,0.464,0.956,123.61,121.08,122.4,24.2,2,ire_ptfe_701_plc
701,2026-01-01 10:05:20,OP102,JOB3002,,2,49.26,47.78,145.31,221.88,338.37,62.66,31.16,50.5,48.27,119.37,122.55,372.11,374.45,373.51,374.43,374.66,4.968,0.039,348.16,2026-01-01 10:05:20,RS002,50,1,375.44,377.86,TYPE_B,1552,0.572,0.942,120.31,122.59,123.08,24.66,2,ire_ptfe_701_plc
701,2026-01-01 10:05:30,OP102,JOB3002,,2,50.33,48.82,152.35,219.37,340.95,58.87,30.79,50.7,49.32,121.44,122.61,373.11,377.21,376.71,374.8,376.56,4.987,0.021,351.41,2026-01-01 10:05:30,RS002,50,1,374.2,379.85,TYPE_B,1517,0.516,0.946,120.31,122.3,124.24,25.49,2,ire_ptfe_701_plc
701,2026-01-01 10:05:40,OP102,JOB3002,,2,49.99,48.49,152.45,221.49,341.9,59.17,31.73,50.9,48.99,119.13,120.43,373.68,375.62,376.54,378.68,372.74,4.954,0.026,348.47,2026-01-01 10:05:40,RS002,50,1,378.72,378.67,TYPE_B,1073,0.412,0.9,122.07,121.22,123.95,25.73,2,ire_ptfe_701_plc
701,2026-01-01 10:05:50,OP102,JOB3002,,2,50.75,49.23,145.73,217.25,341.48,60.76,30.14,51.1,49.73,121.26,121.47,375.83,374.71,374.28,377.33,374.02,4.987,0.028,350.24,2026-01-01 10:05:50,RS002,50,1,375.68,377.63,TYPE_B,1452,0.596,0.994,120.2,122.89,125.89,25.55,2,ire_ptfe_701_plc
701,2026-01-01 10:06:00,OP102,JOB3002,,2,50.25,48.74,148.64,221.9,341.97,61.39,30.76,51.3,49.24,119.16,119.77,372.93,378.21,372.51,376.72,374.78,4.953,0.02,347.99,2026-01-01 10:06:00,RS002,50,1,377.44,379.73,TYPE_B,1781,0.543,0.983,123.22,122.73,123.93,24.46,2,ire_ptfe_701_plc
701,2026-01-01 10:06:10,OP102,JOB3002,,2,50.24,48.73,151.36,221.29,340.21,59.7,29.9,51.5,49.24,118.27,119.85,372.76,373.65,374.6,379.41,373.15,5.002,0.026,349.42,2026-01-01 10:06:10,RS002,50,1,373.31,377.52,TYPE_B,1460,0.475,0.91,120.92,123.91,124.86,25.8,2,ire_ptfe_701_plc
701,2026-01-01 10:06:20,OP102,JOB3002,,2,49.34,47.86,153.9,217.96,338.28,61.02,28.1,51.7,48.35,121.04,120.26,377.98,377.42,372.51,375.05,374.71,5.037,0.026,352.01,2026-01-01 10:06:20,RS002,50,1,378.2,375.85,TYPE_B,1976,0.523,0.964,123.49,122.6,125.32,24.55,2,ire_ptfe_701_plc
701,2026-01-01 10:06:30,OP102,JOB3002,,2,49.96,48.46,147.9,219.01,339.36,59.77,28.41,51.9,48.96,118.55,121.97,376.11,377.93,373.15,376.66,376.65,4.997,0.021,350.47,2026-01-01 10:06:30,RS002,50,1,375.32,378.44,TYPE_B,1830,0.478,0.979,121.65,124.72,123.47,24.84,2,ire_ptfe_701_plc
701,2026-01-01 10:06:40,OP102,JOB3002,,2,50.11,48.61,152.72,219.44,338.88,60.46,31.06,52.1,49.11,120.28,121.1,374.91,373.9,373.51,378.24,373,5.023,0.034,349.25,2026-01-01 10:06:40,RS002,50,1,373.03,379.58,TYPE_A,1140,0.495,0.977,120.66,124.78,125.81,24.99,2,ire_ptfe_701_plc
701,2026-01-01 10:06:50,OP102,JOB3002,,2,50.32,48.81,151.24,219.8,338.37,60.63,28.06,52.3,49.31,120.23,121.49,372.59,373.7,372.67,375.11,377.83,4.957,0.027,352.6,2026-01-01 10:06:50,RS002,50,1,373.73,376.5,TYPE_B,1067,0.515,0.905,120.39,123.79,122.21,24.06,2,ire_ptfe_701_plc
701,2026-01-01 10:07:00,OP102,JOB3002,,2,49.8,48.31,149.67,222.58,339.95,58.5,28.47,52.51,48.8,121.24,121.43,372.76,376.36,371.05,379.08,376.99,5.026,0.033,348.98,2026-01-01 10:07:00,RS002,50,1,378.37,374.47,TYPE_B,1123,0.51,0.987,122.29,121.88,122.23,25.49,2,ire_ptfe_701_plc
701,2026-01-01 10:07:10,OP102,JOB3002,,2,50.08,48.58,147.14,222.6,338.06,58.32,29.2,52.71,49.08,119.08,120.6,372.68,378.67,373.68,378.3,374.56,4.975,0.025,350.67,2026-01-01 10:07:10,RS002,50,1,378.09,374.2,TYPE_B,1844,0.44,0.95,120.84,122.43,122.34,24.83,2,ire_ptfe_701_plc
701,2026-01-01 10:07:20,OP102,JOB3002,,2,50.06,48.56,153.92,219.22,341.62,57.55,28.29,52.91,49.06,119.12,120.73,376.41,378.3,375.85,375.01,377.9,5.006,0.028,349.18,2026-01-01 10:07:20,RS002,50,1,376.19,375.1,TYPE_A,1650,0.495,0.963,123.47,121.12,125.34,24.28,2,ire_ptfe_701_plc
701,2026-01-01 10:07:30,OP102,JOB3002,,2,50.08,48.58,150.31,221.09,339.32,57.8,31.96,53.11,49.08,120.27,120.68,373.58,375,373.6,374.3,374.67,5.016,0.024,350.65,2026-01-01 10:07:30,RS002,50,1,373.63,375.82,TYPE_B,1342,0.565,0.991,123.1,122.7,125.83,24.85,2,ire_ptfe_701_plc
701,2026-01-01 10:07:40,OP102,JOB3002,,2,49.58,48.09,153.17,222.05,341.48,59.86,28.07,53.31,48.59,118.07,122.83,376.97,374.83,375.89,375.89,375.38,4.976,0.039,347.5,2026-01-01 10:07:40,RS002,50,1,378.34,378.83,TYPE_B,1109,0.505,0.975,120.77,121.01,122.78,24.65,2,ire_ptfe_701_plc
701,2026-01-01 10:07:50,OP102,JOB3002,,2,50.78,49.26,151.83,219.96,339.97,59.07,30.96,53.51,49.76,120.38,121.63,372.67,373.66,373.3,378.92,375.94,4.961,0.034,348.6,2026-01-01 10:07:50,RS002,50,1,377.04,377.64,TYPE_B,1942,0.592,0.924,121.4,124.93,123.24,24.27,2,ire_ptfe_701_plc
701,2026-01-01 10:08:00,OP102,JOB3002,,2,50.68,49.16,153.06,219.42,341.87,61.16,28.99,53.71,49.67,120.32,120.43,372.15,375.3,375.07,378.85,373.17,4.983,0.021,349.97,2026-01-01 10:08:00,RS002,50,1,373.32,378.69,TYPE_B,1111,0.535,0.93,123.94,124.17,123.94,25.34,2,ire_ptfe_701_plc
701,2026-01-01 10:08:10,OP102,JOB3002,,2,50.25,48.74,151.16,217.08,339.64,61.39,28.26,53.91,49.24,118.24,121.66,376.34,378.36,373.79,375.05,376.89,4.994,0.035,352.1,2026-01-01 10:08:10,RS002,50,1,374.87,375.02,TYPE_B,1508,0.596,0.961,121.87,124.62,125.51,24.32,2,ire_ptfe_701_plc
701,2026-01-01 10:08:20,OP102,JOB3002,,2,49.67,48.18,154.66,219.36,339.64,61.15,28.29,54.11,48.68,121.42,120.01,374.02,374.24,372.89,379.86,376.62,4.958,0.034,350.59,2026-01-01 10:08:20,RS002,50,1,373.11,378.6,TYPE_B,1725,0.403,0.993,121.16,121.74,124.52,24.24,2,ire_ptfe_701_plc
701,2026-01-01 10:08:30,OP102,JOB3002,,2,50.52,49,148.54,219.65,338.46,62.64,31,54.31,49.51,121.37,122.34,377.89,376.54,373.76,374.53,373.57,5.046,0.033,352.78,2026-01-01 10:08:30,RS002,50,1,373.9,375,TYPE_A,1954,0.497,0.967,120.65,124.98,122.26,25.18,2,ire_ptfe_701_plc
701,2026-01-01 10:08:40,OP102,JOB3002,,2,49.44,47.96,152.25,221.54,339.1,59.77,31.19,54.51,48.45,118.59,121.68,372.55,378.54,372.55,377.86,372.59,5.047,0.029,351.74,2026-01-01 10:08:40,RS002,50,1,375.44,375.29,TYPE_A,1502,0.486,0.973,121.67,124.93,125.25,24.35,2,ire_ptfe_701_plc
701,2026-01-01 10:08:50,OP102,JOB3002,,2,49.6,48.11,145.65,220.37,340.5,62.65,28.63,54.71,48.61,118.57,121.43,375.82,376.06,373.79,375.11,372.31,5.044,0.029,348.17,2026-01-01 10:08:50,RS002,50,1,376.72,377.64,TYPE_A,1283,0.46,0.951,120.45,124.95,123.67,24.73,2,ire_ptfe_701_plc
701,2026-01-01 10:09:00,OP102,JOB3002,,2,50.71,49.19,147.5,218.01,340.92,61.49,28.3,54.91,49.7,120.46,119.28,372.89,373.78,371.14,378.62,373.62,4.962,0.029,347.87,2026-01-01 10:09:00,RS002,50,1,373.1,376.61,TYPE_A,1726,0.405,0.989,120.48,122.53,125.3,25.98,2,ire_ptfe_701_plc
701,2026-01-01 10:09:10,OP102,JOB3002,,2,49.55,48.06,146.72,217.27,338.46,59.08,31.35,55.11,48.56,119.5,120.65,375.04,375.17,371.03,377.61,374,4.956,0.039,352.18,2026-01-01 10:09:10,RS002,50,1,377.09,378.08,TYPE_A,1534,0.423,0.946,120.31,123.27,124.72,24.92,2,ire_ptfe_701_plc
701,2026-01-01 10:09:20,OP102,JOB3002,,2,49.31,47.83,150.31,220.28,338.65,62.82,28.67,55.31,48.32,121.85,120.72,374.89,377.93,374.88,377.05,375.23,4.999,0.029,352.13,2026-01-01 10:09:20,RS002,50,1,373.91,378.14,TYPE_B,1682,0.552,0.962,121,121.15,124.3,25.04,2,ire_ptfe_701_plc
701,2026-01-01 10:09:30,OP102,JOB3002,,2,49.73,48.24,148.8,217.72,341.94,59.67,31.2,55.51,48.74,118.96,119.05,372.69,378.99,375.1,376.97,374.91,4.969,0.032,348.55,2026-01-01 10:09:30,RS002,50,1,377.84,374.38,TYPE_A,1866,0.502,0.905,122.59,122.29,125.3,24.87,2,ire_ptfe_701_plc
701,2026-01-01 10:09:40,OP102,JOB3002,,2,49.87,48.37,146.51,220.87,338.45,57.95,29.27,55.71,48.87,121.45,120.29,375.39,373.72,372.51,376.25,373.13,4.965,0.028,347.33,2026-01-01 10:09:40,RS002,50,1,376.51,379.78,TYPE_A,1099,0.405,0.929,123.07,123.06,125.87,24.76,2,ire_ptfe_701_plc
701,2026-01-01 10:09:50,OP102,JOB3002,,2,49.87,48.37,146.16,221.11,338.13,57.79,30.06,55.91,48.87,121.42,121.34,377.81,377.34,376.16,376.95,374.72,4.991,0.032,350.89,2026-01-01 10:09:50,RS002,50,1,375.46,376.21,TYPE_B,1617,0.465,0.909,122.63,123.53,124.93,24.07,2,ire_ptfe_701_plc
701,2026-01-01 10:10:00,OP102,JOB3002,,2,50.14,48.64,154.67,221.23,339.99,58.23,29.62,56.11,49.14,118.79,122.24,374.09,376.81,373.78,375.41,372.74,5.024,0.025,350.34,2026-01-01 10:10:00,RS002,50,1,373.78,375.35,TYPE_A,1062,0.512,0.911,121.8,123.71,125.8,24.19,2,ire_ptfe_701_plc
701,2026-01-01 10:10:10,OP102,JOB3002,,2,49.24,47.76,147.51,220.38,338,59.77,29.78,56.31,48.26,121.89,122.61,377.31,377.11,375.93,376.29,375.33,5.036,0.027,351.75,2026-01-01 10:10:10,RS002,50,1,373.07,375.19,TYPE_A,1504,0.47,0.911,120.31,124.17,122.84,25.15,2,ire_ptfe_701_plc
701,2026-01-01 10:10:20,OP102,JOB3002,,2,50.18,48.67,151.4,218.06,339.99,62.1,29.03,56.51,49.18,121.41,121.67,373.19,375.5,374.78,376.36,373.93,4.996,0.023,348.52,2026-01-01 10:10:20,RS002,50,1,373.08,375.18,TYPE_A,1045,0.484,0.984,121.56,124.59,123.43,24.83,2,ire_ptfe_701_plc
701,2026-01-01 10:10:30,OP102,JOB3002,,2,49.9,48.4,149.97,219.87,339.51,61.91,31.8,56.71,48.9,120.67,120.8,372.35,374.97,372.62,374.12,372.4,4.976,0.02,350.11,2026-01-01 10:10:30,RS002,50,1,378.66,379.02,TYPE_A,1352,0.487,0.909,120.32,123.36,124.36,24.54,2,ire_ptfe_701_plc
701,2026-01-01 10:10:40,OP102,JOB3002,,2,50.31,48.8,153.88,217.84,340.42,62.58,29.7,56.91,49.3,120.41,119.71,377.86,376.12,376.17,376.17,377.5,4.994,0.024,352.59,2026-01-01 10:10:40,RS002,50,1,373.57,379.71,TYPE_A,1383,0.529,0.929,122.4,122.26,123.76,25.21,2,ire_ptfe_701_plc
701,2026-01-01 10:10:50,OP102,JOB3002,,2,49.24,47.76,146.8,221.06,341.97,58.99,31.98,57.11,48.26,119.79,120.3,377.32,375.02,374.48,379.57,374.94,4.972,0.027,352.08,2026-01-01 10:10:50,RS002,50,1,378.76,379.54,TYPE_A,1391,0.472,0.968,123.72,123.39,122.61,24.88,2,ire_ptfe_701_plc
701,2026-01-01 10:11:00,OP102,JOB3002,,2,50.7,49.18,145.09,220.11,339,58.06,31.24,57.31,49.69,121.04,122.53,376.42,374.78,374.8,378.21,377.92,5.018,0.03,351.91,2026-01-01 10:11:00,RS002,50,1,373.16,378.59,TYPE_B,1002,0.404,0.945,120.37,123.29,124.57,25.26,2,ire_ptfe_701_plc
701,2026-01-01 10:11:10,OP102,JOB3002,,2,49.51,48.02,149.2,219.83,341.86,57.84,31.81,57.52,48.52,119.57,121.9,377.71,373.27,373.48,378.11,375.97,5.041,0.039,352.09,2026-01-01 10:11:10,RS002,50,1,375.3,375.81,TYPE_B,1102,0.442,0.913,123,122.02,124.79,24.92,2,ire_ptfe_701_plc
701,2026-01-01 10:11:20,OP102,JOB3002,,2,50.09,48.59,147.57,219.89,341,62.01,28.17,57.72,49.09,120.92,120.5,376.21,374.7,374.96,374.3,377.12,4.995,0.022,352.7,2026-01-01 10:11:20,RS002,50,1,376.21,379.19,TYPE_A,1121,0.485,0.912,120.77,122.38,124.14,25.28,2,ire_ptfe_701_plc
701,2026-01-01 10:11:30,OP102,JOB3002,,2,50.51,48.99,153.6,217.71,340.01,61.62,31.42,57.92,49.5,120.23,121.37,374.96,373.98,372.68,375.5,376.59,5.001,0.025,350.22,2026-01-01 10:11:30,RS002,50,1,378.81,374.27,TYPE_B,1902,0.469,0.972,123.77,122.49,122.02,24.57,2,ire_ptfe_701_plc
701,2026-01-01 10:11:40,OP102,JOB3002,,2,50.39,48.88,152.04,222.65,341.63,59.45,29.1,58.12,49.38,119.49,119.58,377.43,374.31,376.25,377.06,372.3,4.981,0.039,348.2,2026-01-01 10:11:40,RS002,50,1,375.13,377.36,TYPE_A,1554,0.554,0.956,122.82,123.65,123.32,25.51,2,ire_ptfe_701_plc
701,2026-01-01 10:11:50,OP102,JOB3002,,2,49.21,47.73,153.24,217.73,339.31,61.44,28.95,58.32,48.23,121.2,120.67,374.89,376.65,373.7,377.99,374.6,4.97,0.037,351.84,2026-01-01 10:11:50,RS002,50,1,373.7,376.41,TYPE_A,1457,0.447,0.971,120.45,123.92,125.41,24.86,2,ire_ptfe_701_plc
701,2026-01-01 10:12:00,OP102,JOB3002,,2,50.28,48.77,153.9,218.08,341.15,57.25,31.04,58.52,49.27,118.84,120.73,375.24,376,375.19,375.93,372.01,5.041,0.04,347.94,2026-01-01 10:12:00,RS002,50,1,378.73,374.14,TYPE_B,1913,0.421,0.952,123.29,122.17,124.42,25.53,2,ire_ptfe_701_plc
701,2026-01-01 10:12:10,OP102,JOB3002,,2,50.11,48.61,153.68,218.92,339.47,57.08,28.51,58.72,49.11,121.18,119.34,373.69,374.94,373.22,374.88,372.89,5.048,0.025,350.22,2026-01-01 10:12:10,RS002,50,1,374.76,374.57,TYPE_A,1863,0.596,0.953,121.67,121.43,122.32,25.89,2,ire_ptfe_701_plc
701,2026-01-01 10:12:20,OP102,JOB3002,,2,50.23,48.72,151.96,220.55,341.65,61.9,29.43,58.92,49.23,121.01,121.02,376.26,378.47,373.83,375.92,373.61,5.009,0.03,349.89,2026-01-01 10:12:20,RS002,50,1,378.38,378.52,TYPE_A,1430,0.472,0.995,123.14,124.25,125.1,25.77,2,ire_ptfe_701_plc
701,2026-01-01 10:12:30,OP102,JOB3002,,2,49.62,48.13,152.37,219.15,340.39,62.49,28.72,59.12,48.63,121.97,122.92,377.98,376.57,375.73,375.2,374.11,4.972,0.038,349.89,2026-01-01 10:12:30,RS002,50,1,377.29,375.89,TYPE_A,1569,0.574,0.93,123.73,124.48,124.41,24.95,2,ire_ptfe_701_plc
701,2026-01-01 10:12:40,OP102,JOB3002,,2,49.63,48.14,150.32,219.52,340.61,62.36,31.24,59.32,48.64,118.9,120.69,376.88,374.1,371.13,377.58,377.87,4.99,0.02,348.1,2026-01-01 10:12:40,RS002,50,1,376.58,377.72,TYPE_B,1987,0.583,0.904,123.01,121.7,122.28,24.47,2,ire_ptfe_701_plc
701,2026-01-01 10:12:50,OP102,JOB3002,,2,50.48,48.97,147.62,218.67,339.19,59.34,31.46,59.52,49.47,121.87,119.47,374.88,374.53,374.17,375.54,373.24,4.96,0.027,348.65,2026-01-01 10:12:50,RS002,50,1,375.2,377.71,TYPE_B,1464,0.414,0.91,120.4,123.92,125.67,24.05,2,ire_ptfe_701_plc
701,2026-01-01 10:13:00,OP102,JOB3002,,2,50.63,49.11,151.66,221.81,339.57,61.09,29.34,59.72,49.62,121.62,119.75,373.63,375.86,375.8,378.51,375.6,5.04,0.024,347.1,2026-01-01 10:13:00,RS002,50,1,378.43,375.71,TYPE_A,1307,0.416,0.91,122.86,121.29,125.66,25.85,2,ire_ptfe_701_plc
701,2026-01-01 10:13:10,OP102,JOB3002,,2,49.94,48.44,146.77,218.82,338.01,58.27,29.18,59.92,48.94,119.56,120.86,373.69,377.65,371.62,377.21,374.39,5.036,0.028,350.51,2026-01-01 10:13:10,RS002,50,1,373.24,378.88,TYPE_B,1357,0.405,0.908,122.94,122.6,124.09,25.71,2,ire_ptfe_701_plc
701,2026-01-01 10:13:20,OP102,JOB3002,,2,50.76,49.24,154.88,218.53,338.97,58.29,31.83,60.12,49.74,119.81,119.83,375.79,377.68,373.68,379.15,373.66,5.025,0.022,348.41,2026-01-01 10:13:20,RS002,50,1,376.96,377.34,TYPE_B,1674,0.552,0.922,122.14,121.84,124.34,24.87,2,ire_ptfe_701_plc
701,2026-01-01 10:13:30,OP102,JOB3002,,2,49.78,48.29,148.77,220.32,341.52,60.71,30.2,60.32,48.78,118.91,121.13,372.81,378.81,374.42,377.38,373.94,5.047,0.023,351.72,2026-01-01 10:13:30,RS002,50,1,374.13,379.49,TYPE_B,1374,0.423,0.959,122.58,124.78,124.96,25.85,2,ire_ptfe_701_plc
701,2026-01-01 10:13:40,OP102,JOB3002,,2,49.57,48.08,154.29,220.63,341.64,57.08,28.49,60.52,48.58,119.69,120.97,374.87,377.15,376.06,377.6,374.46,5.013,0.031,349.57,2026-01-01 10:13:40,RS002,50,1,373.75,379.97,TYPE_B,1838,0.546,0.946,122.31,121.05,124.43,24.89,2,ire_ptfe_701_plc
701,2026-01-01 10:13:50,OP102,JOB3002,,2,50.13,48.63,145.08,217.95,341.32,62.28,29.17,60.72,49.13,120.96,122.98,377.37,374.65,372.01,376.68,373.05,4.978,0.025,349.22,2026-01-01 10:13:50,RS002,50,1,377.47,378.15,TYPE_B,1795,0.527,0.99,120.94,122.69,122.2,24.65,2,ire_ptfe_701_plc
701,2026-01-01 10:14:00,OP102,JOB3002,,2,49.98,48.48,146.02,217.69,340.58,60.86,28.93,60.92,48.98,120.17,120.83,376.9,376.04,372.43,375.05,375.35,5.045,0.037,352.72,2026-01-01 10:14:00,RS002,50,1,376.8,379.02,TYPE_A,1257,0.415,0.931,120.94,121.54,123.92,24.24,2,ire_ptfe_701_plc
701,2026-01-01 10:14:10,OP102,JOB3002,,2,50.5,48.98,145.45,220.94,339.93,58.33,29.73,61.12,49.49,121.48,122.17,375.17,378.16,376.99,378.28,373.7,4.988,0.039,351.29,2026-01-01 10:14:10,RS002,50,1,376.34,374.74,TYPE_A,1860,0.494,0.927,121.69,123.05,123.52,25.54,2,ire_ptfe_701_plc
701,2026-01-01 10:14:20,OP102,JOB3002,,2,49.31,47.83,154.56,219.89,341.92,61.42,31.42,61.32,48.32,118.83,119.87,376.17,373.25,373.61,374.45,373.85,4.988,0.032,349.37,2026-01-01 10:14:20,RS002,50,1,378.43,375.27,TYPE_A,1951,0.405,0.958,123.66,124.74,125.08,24.72,2,ire_ptfe_701_plc
701,2026-01-01 10:14:30,OP102,JOB3002,,2,49.58,48.09,146.49,217.01,338.15,57.89,28.72,61.52,48.59,121.08,120.03,372.39,374.24,376.02,375.48,376.09,4.955,0.032,352.39,2026-01-01 10:14:30,RS002,50,1,378.84,376.14,TYPE_B,1137,0.429,0.965,121.57,124.44,122.73,25.28,2,ire_ptfe_701_plc
701,2026-01-01 10:14:40,OP102,JOB3002,,2,50.79,49.27,154.05,217.16,339.43,60.92,29.02,61.72,49.77,120.72,122.57,373.99,375.72,371.28,377,372.42,5.005,0.02,351.94,2026-01-01 10:14:40,RS002,50,1,378.23,379.04,TYPE_A,1845,0.409,0.993,122.48,124.58,125.17,25.36,2,ire_ptfe_701_plc
701,2026-01-01 10:14:50,OP102,JOB3002,,2,50.12,48.62,154.46,217.11,340.21,60.12,28.78,61.92,49.12,118.73,119.03,372.41,376.15,376.9,378.66,374.96,4.972,0.031,348.51,2026-01-01 10:14:50,RS002,50,1,378.26,375.7,TYPE_B,1737,0.428,0.955,122.29,122.25,124.4,24.56,2,ire_ptfe_701_plc
701,2026-01-01 10:15:00,OP102,JOB3002,,2,49.73,48.24,146.54,218.12,338.43,60.65,29.91,62.12,48.74,120.48,119.55,372.97,375.44,376.42,379.29,373.48,5.007,0.02,348.82,2026-01-01 10:15:00,RS002,50,1,375.48,378.58,TYPE_A,1959,0.528,0.963,122.04,123.93,125.09,25.23,2,ire_ptfe_701_plc
701,2026-01-01 10:15:10,OP102,JOB3002,,2,50.25,48.74,153.36,220.43,340.2,60.6,30.67,62.32,49.24,119.7,120.01,372.75,374.56,372.49,376.54,375.14,4.991,0.035,349.69,2026-01-01 10:15:10,RS002,50,1,378.73,374.66,TYPE_A,1530,0.572,0.926,122.19,123.41,124.61,24.49,2,ire_ptfe_701_plc
701,2026-01-01 10:15:20,OP102,JOB3002,,2,50.25,48.74,154.66,219.65,339.51,61,30.82,62.53,49.24,119.65,120.84,372.55,378.76,373.01,377.86,377.59,4.979,0.027,348.14,2026-01-01 10:15:20,RS002,50,1,377.06,375.35,TYPE_A,1143,0.491,0.97,123.36,121.77,125.88,25.14,2,ire_ptfe_701_plc
701,2026-01-01 10:15:30,OP102,JOB3002,,2,50.24,48.73,152.71,221.09,340.82,61.22,29.21,62.73,49.24,121.62,122.27,374.27,374.12,374.31,377.32,374.7,5.015,0.037,348.42,2026-01-01 10:15:30,RS002,50,1,378.89,374.19,TYPE_B,1007,0.508,0.951,121.28,123.24,124.4,25.22,2,ire_ptfe_701_plc
701,2026-01-01 10:15:40,OP102,JOB3002,,2,49.53,48.04,151.7,222.84,338.22,58.83,29.66,62.93,48.54,119.34,120.15,377.61,377.32,371.14,374.78,375.4,4.975,0.03,351.96,2026-01-01 10:15:40,RS002,50,1,375.11,376.55,TYPE_B,1917,0.598,0.992,120.74,121.66,122.47,24.3,2,ire_ptfe_701_plc
701,2026-01-01 10:15:50,OP102,JOB3002,,2,49.96,48.46,150.07,222.32,339.45,61.12,30.06,63.13,48.96,121.24,122.86,374.85,377.41,374.22,379.42,376.09,4.966,0.037,350.19,2026-01-01 10:15:50,RS002,50,1,373.22,374.19,TYPE_A,1204,0.521,0.985,123.3,123.05,125.12,24.39,2,ire_ptfe_701_plc
701,2026-01-01 10:16:00,OP102,JOB3002,,2,50.52,49,147.48,219.03,340.79,60.18,30.36,63.33,49.51,121.66,122.73,374.27,376.3,373.4,378.41,375.6,5.021,0.021,351.66,2026-01-01 10:16:00,RS002,50,1,377.23,374.99,TYPE_A,1005,0.462,0.965,120.55,124.16,123.23,24.59,2,ire_ptfe_701_plc
701,2026-01-01 10:16:10,OP102,JOB3002,,2,49.69,48.2,145.68,218.06,341.56,57.55,30.2,63.53,48.7,120.1,122.27,373.73,373.26,371.58,375.55,376.33,4.96,0.022,350.54,2026-01-01 10:16:10,RS002,50,1,374.25,378.89,TYPE_B,1175,0.587,0.999,120.63,124.82,124.3,24.59,2,ire_ptfe_701_plc
701,2026-01-01 10:16:20,OP102,JOB3002,,2,49.49,48.01,151.39,221.19,340.23,58.56,28.47,63.73,48.5,118.74,122.6,374.77,377.65,371.03,378.31,372.4,4.986,0.022,351.62,2026-01-01 10:16:20,RS002,50,1,374.69,379.5,TYPE_A,1729,0.556,0.998,122.35,121.54,123.11,25.49,2,ire_ptfe_701_plc
701,2026-01-01 10:16:30,OP102,JOB3002,,2,49.6,48.11,154.57,221.56,338.32,57.57,31.63,63.93,48.61,121.06,122.26,375.52,373.9,375.38,379.88,372.47,4.985,0.037,348.11,2026-01-01 10:16:30,RS002,50,1,377.24,376.19,TYPE_A,1852,0.569,0.991,123.15,122.48,123.25,24.84,2,ire_ptfe_701_plc
701,2026-01-01 10:16:40,OP102,JOB3002,,2,49.32,47.84,145.92,219.65,339.21,59.1,32,64.13,48.33,120.26,120.46,374.24,376.32,375.3,376.45,376.12,5.001,0.026,351.31,2026-01-01 10:16:40,RS002,50,1,376.5,379.66,TYPE_A,1936,0.598,0.99,121.21,121.1,122.9,24.72,2,ire_ptfe_701_plc
701,2026-01-01 10:16:50,OP102,JOB3002,,2,49.67,48.18,148.15,221.26,339.09,60.34,28.74,64.33,48.68,121.27,120.32,377.06,378.75,371.36,378.17,377.49,5.048,0.036,349.38,2026-01-01 10:16:50,RS002,50,1,374.92,378.84,TYPE_B,1854,0.59,0.999,122.77,123.39,123.48,25.56,2,ire_ptfe_701_plc
701,2026-01-01 10:17:00,OP102,JOB3002,,2,50.17,48.66,153.34,219.91,341.14,58.32,28.45,64.53,49.17,119.61,119.58,376.06,376.09,375.27,374.3,375.84,4.964,0.028,352.93,2026-01-01 10:17:00,RS002,50,1,374.33,378.42,TYPE_A,1126,0.488,0.997,120.95,124.48,125.79,25.41,2,ire_ptfe_701_plc
701,2026-01-01 10:17:10,OP102,JOB3002,,2,49.52,48.03,154.09,217.34,338.6,60.36,29.81,64.73,48.53,120.98,119.09,372.71,377.2,372.63,377.11,373.91,5.009,0.038,352.5,2026-01-01 10:17:10,RS002,50,1,373.35,379.11,TYPE_B,1702,0.415,0.984,120.66,121.89,125.16,24.18,2,ire_ptfe_701_plc
701,2026-01-01 10:17:20,OP102,JOB3002,,2,49.76,48.27,147.93,218.06,341.44,57.66,29.59,64.93,48.76,120.59,120.37,377.44,375.43,375.79,374.29,374.41,4.989,0.028,350.83,2026-01-01 10:17:20,RS002,50,1,373.87,375.43,TYPE_B,1347,0.492,0.955,121.17,124.44,124.14,24.05,2,ire_ptfe_701_plc
701,2026-01-01 10:17:30,OP102,JOB3002,,2,49.49,48.01,147.18,221.2,338.37,59.16,28.92,65.13,48.5,119.25,122.11,375.65,378.56,374.52,374.03,372.79,5.024,0.029,352.08,2026-01-01 10:17:30,RS002,50,1,374.04,377.21,TYPE_B,1621,0.525,0.966,121.57,123.96,124.46,25.87,2,ire_ptfe_701_plc
701,2026-01-01 10:17:40,OP102,JOB3002,,2,49.58,48.09,149.65,221.16,341.99,57.3,30.8,65.33,48.59,119.83,122.55,374.18,374.2,376.18,377.46,373.5,4.978,0.029,349.82,2026-01-01 10:17:40,RS002,50,1,374.16,375.97,TYPE_A,1264,0.558,0.981,121.51,122.16,124.33,24.16,2,ire_ptfe_701_plc
701,2026-01-01 10:17:50,OP102,JOB3002,,2,49.81,48.32,147.88,220.23,339.57,61.85,29.6,65.53,48.81,119.39,122.04,375.91,373.03,376.81,379.07,376.6,4.982,0.033,351.57,2026-01-01 10:17:50,RS002,50,1,377.99,376.03,TYPE_A,1291,0.529,0.97,122.6,123.2,123.35,25.1,2,ire_ptfe_701_plc
701,2026-01-01 10:18:00,OP102,JOB3002,,2,49.24,47.76,145.36,220.91,339.17,59.01,28.21,65.73,48.26,121.48,121.32,377.65,373.84,376.01,378.33,377.65,4.972,0.038,352.69,2026-01-01 10:18:00,RS002,50,1,377.27,379.54,TYPE_A,1900,0.516,0.946,120.4,121.99,125.79,25.79,2,ire_ptfe_701_plc
701,2026-01-01 10:18:10,OP102,JOB3002,,2,49.27,47.79,145.31,221.59,341.68,57.24,30.88,65.93,48.28,121.02,119.51,373.66,378.41,372.97,377.35,376.04,5.004,0.029,347.5,2026-01-01 10:18:10,RS002,50,1,376.47,374.03,TYPE_A,1078,0.589,0.989,122.73,124.26,123.9,25.74,2,ire_ptfe_701_plc
701,2026-01-01 10:18:20,OP102,JOB3002,,2,50.04,48.54,146.22,222.73,340.37,59.14,31.05,66.13,49.04,118.62,121.57,374.8,376.32,373.16,379.7,375.29,4.997,0.035,348.57,2026-01-01 10:18:20,RS002,50,1,377.68,374.2,TYPE_B,1279,0.591,0.916,121.59,122.38,122.74,24.25,2,ire_ptfe_701_plc
701,2026-01-01 10:18:30,OP102,JOB3002,,2,50.74,49.22,151.12,222.87,341.25,59.47,31.4,66.33,49.73,119.1,120.68,373.87,378.64,375.83,374.49,375.36,5.037,0.023,348.93,2026-01-01 10:18:30,RS002,50,1,377.94,375.04,TYPE_A,1651,0.573,0.937,120.06,122.66,123.29,24.8,2,ire_ptfe_701_plc
701,2026-01-01 10:18:40,OP102,JOB3002,,2,49.86,48.36,153.89,217.35,341.81,62.7,31.12,66.53,48.86,118.36,120.92,372.93,375.09,375.03,376.38,373.95,5.025,0.036,348.7,2026-01-01 10:18:40,RS002,50,1,377.86,377.85,TYPE_A,1329,0.537,0.927,122.14,121.43,122.08,24.43,2,ire_ptfe_701_plc
701,2026-01-01 10:18:50,OP102,JOB3002,,2,50.69,49.17,150.91,218.03,339.24,58.74,28.49,66.73,49.68,119.37,119.77,377.38,374.24,371.61,376.73,377.82,5.045,0.038,347.77,2026-01-01 10:18:50,RS002,50,1,374.22,378.91,TYPE_B,1400,0.528,0.987,123.87,123.58,122.37,24.59,2,ire_ptfe_701_plc
701,2026-01-01 10:19:00,OP102,JOB3002,,2,50.68,49.16,151.93,221.2,340.88,57.12,28.51,66.93,49.67,121.98,119.04,376.35,377.85,376.85,374.27,376.71,4.974,0.021,349.77,2026-01-01 10:19:00,RS002,50,1,375.57,374.51,TYPE_B,1769,0.533,0.97,121.52,122.55,125,25.99,2,ire_ptfe_701_plc
701,2026-01-01 10:19:10,OP102,JOB3002,,2,49.96,48.46,150.12,218.75,339.21,59.5,30.46,67.13,48.96,119.78,120.25,373.99,378.06,373.3,378.62,374,4.952,0.035,348.17,2026-01-01 10:19:10,RS002,50,1,375.76,378.05,TYPE_B,1662,0.422,0.957,123.5,123.84,125.28,24.55,2,ire_ptfe_701_plc
701,2026-01-01 10:19:20,OP102,JOB3002,,2,49.82,48.33,152.24,219.97,340.35,60.89,30.22,67.33,48.82,121.24,121.88,373.29,377.35,372.47,378.2,376.02,4.997,0.033,350.75,2026-01-01 10:19:20,RS002,50,1,375.07,374.09,TYPE_A,1496,0.405,0.966,123.43,122.28,125.91,25.65,2,ire_ptfe_701_plc
701,2026-01-01 10:19:30,OP102,JOB3002,,2,50.6,49.08,150.71,222.81,341.92,62.05,31.24,67.54,49.59,118.25,119.52,375.56,377.94,374.79,375.14,375.38,4.968,0.037,347.77,2026-01-01 10:19:30,RS002,50,1,373.4,377.95,TYPE_B,1548,0.411,0.977,123.5,122.21,125.07,24.36,2,ire_ptfe_701_plc
701,2026-01-01 10:19:40,OP102,JOB3002,,2,50.4,48.89,151.23,220.49,340.6,61.69,31.63,67.74,49.39,119.56,120.05,373.03,376.09,374.36,378.57,372.3,5.02,0.038,350.05,2026-01-01 10:19:40,RS002,50,1,376.09,379.81,TYPE_A,1429,0.455,0.915,123.38,124.68,124.97,25.5,2,ire_ptfe_701_plc
701,2026-01-01 10:19:50,OP102,JOB3002,,2,50.07,48.57,145.31,217.9,339.22,58.73,28.94,67.94,49.07,121.78,120.98,377.75,374.36,372.08,379.87,376.05,4.981,0.032,348.56,2026-01-01 10:19:50,RS002,50,1,374.22,375.93,TYPE_B,1554,0.497,0.931,123.13,121.04,122.78,24.35,2,ire_ptfe_701_plc
701,2026-01-01 10:20:00,OP102,JOB3002,,2,50.09,48.59,146.64,222.75,340.68,58.58,30.11,68.14,49.09,119.1,120,376.37,373.15,373.17,374.12,377.19,4.991,0.028,351.63,2026-01-01 10:20:00,RS002,50,1,378.57,374.85,TYPE_B,1990,0.559,0.947,122.22,123.15,125.23,24.42,2,ire_ptfe_701_plc
701,2026-01-01 10:20:10,OP102,JOB3002,,2,50.5,48.98,149.12,219.75,338.03,57.63,31.66,68.34,49.49,120.36,120.03,373.55,373.44,372.69,377.9,372.01,5.041,0.035,349.06,2026-01-01 10:20:10,RS002,50,1,374.71,378.11,TYPE_A,1615,0.437,0.954,123.25,124.53,125.71,25.8,2,ire_ptfe_701_plc
701,2026-01-01 10:20:20,OP102,JOB3002,,2,50.72,49.2,150.39,219.98,339.76,61.89,29.51,68.54,49.71,118.78,119.61,373.94,375.03,373.06,375.49,377.63,4.978,0.036,352.24,2026-01-01 10:20:20,RS002,50,1,375.87,377.17,TYPE_A,1011,0.42,0.987,121.34,122.07,125.49,24.99,2,ire_ptfe_701_plc
701,2026-01-01 10:20:30,OP102,JOB3002,,2,50.47,48.96,150.86,220.52,340.75,57.84,30.3,68.74,49.46,118.32,122.8,376.98,378.51,372.25,376.37,373.05,4.99,0.039,349.87,2026-01-01 10:20:30,RS002,50,1,377.11,376.11,TYPE_B,1764,0.457,0.985,122.53,121.83,122.46,24.84,2,ire_ptfe_701_plc
701,2026-01-01 10:20:40,OP102,JOB3002,,2,50.68,49.16,146.99,219.95,339.04,59.47,30.89,68.94,49.67,120,121.33,374.46,374.61,376.98,376.18,372.5,5.037,0.04,347.99,2026-01-01 10:20:40,RS002,50,1,375.72,378.59,TYPE_A,1359,0.474,0.936,120.82,121.28,123,25.93,2,ire_ptfe_701_plc
701,2026-01-01 10:20:50,OP102,JOB3002,,2,50.5,48.98,149.35,221.46,339.07,59.34,28.15,69.14,49.49,120.23,120.87,377.25,375.63,373.82,376.23,374.03,4.959,0.024,349.25,2026-01-01 10:20:50,RS002,50,1,375.36,379.49,TYPE_B,1018,0.535,0.915,122.51,123.44,125.06,24.87,2,ire_ptfe_701_plc
701,2026-01-01 10:21:00,OP102,JOB3002,,2,49.45,47.97,152.62,220.34,339.92,62.04,30.41,69.34,48.46,119.95,121.01,372.28,373.46,373.65,375.52,373.28,4.991,0.027,349.1,2026-01-01 10:21:00,RS002,50,1,373.02,379.43,TYPE_B,1275,0.423,0.959,123.93,123.1,124.55,25.61,2,ire_ptfe_701_plc
701,2026-01-01 10:21:10,OP102,JOB3002,,2,50.35,48.84,146.67,222.79,339.28,62.82,31.76,69.54,49.34,120.56,123,372.93,374.16,373.89,379.53,374.77,4.98,0.039,351.97,2026-01-01 10:21:10,RS002,50,1,373.64,374.6,TYPE_B,1568,0.45,0.972,123.29,123.87,125.95,25.33,2,ire_ptfe_701_plc
701,2026-01-01 10:21:20,OP102,JOB3002,,2,49.6,48.11,148.47,222.82,341.36,61.94,31.41,69.74,48.61,120.13,121.98,375.55,378.37,376.15,374.7,373.59,4.967,0.027,351.07,2026-01-01 10:21:20,RS002,50,1,374.48,379.81,TYPE_A,1348,0.57,0.929,122.13,124.07,123.48,25.85,2,ire_ptfe_701_plc
701,2026-01-01 10:21:30,OP102,JOB3002,,2,50.3,48.79,151.21,221.54,339.4,59.77,30.87,69.94,49.29,118.38,121,376.15,374.72,372.54,377.05,376.51,4.991,0.038,348.67,2026-01-01 10:21:30,RS002,50,1,376.99,377.1,TYPE_A,1451,0.408,0.964,120.57,124.18,122.48,24.92,2,ire_ptfe_701_plc
701,2026-01-01 10:21:40,OP102,JOB3002,,2,50.28,48.77,151.5,221.46,341.81,58.84,29.42,70.14,49.27,119.7,121.54,374.35,378.16,372.86,375.39,376.25,5.029,0.025,349.33,2026-01-01 10:21:40,RS002,50,1,375.81,377.67,TYPE_A,1135,0.566,0.947,123.04,124.13,125.71,25.2,2,ire_ptfe_701_plc
701,2026-01-01 10:21:50,OP102,JOB3002,,2,50.65,49.13,145.95,219.7,341.16,59.12,31.97,70.34,49.64,118.88,119.22,374.94,376.98,371.93,375.95,377.15,5.027,0.03,349.5,2026-01-01 10:21:50,RS002,50,1,377.18,374.15,TYPE_A,1862,0.452,0.946,121.52,122.01,123.28,24.97,2,ire_ptfe_701_plc
701,2026-01-01 10:22:00,OP102,JOB3002,,2,49.66,48.17,151.7,220.27,338.87,57.22,28.05,70.54,48.67,121.18,121.18,377.87,374.92,374.95,376.91,377.13,4.968,0.036,352.43,2026-01-01 10:22:00,RS002,50,1,378.04,374.92,TYPE_B,1431,0.545,0.973,120.22,121.24,125.81,25.74,2,ire_ptfe_701_plc
701,2026-01-01 10:22:10,OP102,JOB3002,,2,50.59,49.07,146.46,220.75,338,57.51,29.8,70.74,49.58,119.59,122.09,375.84,375.61,374.46,376.43,376.55,5.01,0.023,348.53,2026-01-01 10:22:10,RS002,50,1,374.4,377.56,TYPE_A,1047,0.434,0.976,120.29,121.6,123.6,24.41,2,ire_ptfe_701_plc
701,2026-01-01 10:22:20,OP102,JOB3002,,2,50.13,48.63,153.26,221.04,341.17,61.51,31.84,70.94,49.13,119.18,122.99,376.93,378.42,371.08,377.19,377.92,5.049,0.026,352.95,2026-01-01 10:22:20,RS002,50,1,377.83,378.03,TYPE_A,1348,0.591,0.954,123.44,121.01,125.19,25.45,2,ire_ptfe_701_plc
701,2026-01-01 10:22:30,OP102,JOB3002,,2,50.55,49.03,150.58,221.9,341.09,62.64,29.35,71.14,49.54,120.68,119.45,375.73,374.86,376.34,375.19,372.51,4.962,0.037,351.52,2026-01-01 10:22:30,RS002,50,1,377.47,376.59,TYPE_A,1468,0.462,0.978,123.6,124.42,124.17,24.42,2,ire_ptfe_701_plc
701,2026-01-01 10:22:40,OP102,JOB3002,,2,49.8,48.31,152.16,220.36,338.44,62.45,31.62,71.34,48.8,121.65,122.26,372.17,378.56,375.11,377.68,373.41,4.97,0.02,352.22,2026-01-01 10:22:40,RS002,50,1,377.35,379.49,TYPE_B,1285,0.447,0.911,122.71,123.69,122.97,25.81,2,ire_ptfe_701_plc
701,2026-01-01 10:22:50,OP102,JOB3002,,2,50.03,48.53,152.08,220.87,338.89,60.02,30.3,71.54,49.03,121.23,121.52,374.66,375.73,374.9,376.2,375.6,4.987,0.022,348.97,2026-01-01 10:22:50,RS002,50,1,377.85,375.21,TYPE_B,1585,0.531,0.959,120.65,122.02,123.76,24.3,2,ire_ptfe_701_plc
701,2026-01-01 10:23:00,OP102,JOB3002,,2,49.63,48.14,146.06,221.6,338.71,62.82,29.58,71.74,48.64,120.1,119.15,376.36,378.83,371.73,379.2,373.62,5.038,0.03,350.35,2026-01-01 10:23:00,RS002,50,1,375.97,374.06,TYPE_B,1925,0.59,0.976,123.74,123.75,125.46,24.88,2,ire_ptfe_701_plc
701,2026-01-01 10:23:10,OP102,JOB3002,,2,50.17,48.66,150.16,219.88,340.86,61.14,29.5,71.94,49.17,121.14,119.44,377.19,375.05,372.01,378.37,372.37,5.014,0.032,348.76,2026-01-01 10:23:10,RS002,50,1,378.63,377.94,TYPE_A,1697,0.423,0.933,122.04,122,124.69,24.89,2,ire_ptfe_701_plc
701,2026-01-01 10:23:20,OP102,JOB3002,,2,50.4,48.89,154.12,218.72,338.74,62.45,28.05,72.14,49.39,118.5,121.58,374.99,376.91,376.09,374.97,376.05,4.994,0.026,350.02,2026-01-01 10:23:20,RS002,50,1,375.19,374.54,TYPE_B,1661,0.443,0.934,123.85,123.66,124.39,24.05,2,ire_ptfe_701_plc
701,2026-01-01 10:23:30,OP102,JOB3002,,2,50.65,49.13,154.97,219.44,339.16,60.26,28.32,72.34,49.64,118.38,119.32,376.93,373.03,373.35,376.28,375.46,4.999,0.032,350.14,2026-01-01 10:23:30,RS002,50,1,377.4,376.72,TYPE_B,1339,0.405,0.952,123.07,122.74,124.21,25.87,2,ire_ptfe_701_plc
701,2026-01-01 10:23:40,OP102,JOB3002,,2,49.29,47.81,146.12,218.17,341.4,58.87,29.93,72.55,48.3,119.59,122.16,377.57,378.76,371.63,378.99,375.83,4.971,0.024,347.59,2026-01-01 10:23:40,RS002,50,1,375.35,377.19,TYPE_A,1587,0.503,0.988,123.35,121.67,122.11,24.76,2,ire_ptfe_701_plc
701,2026-01-01 10:23:50,OP102,JOB3002,,2,49.83,48.34,153.7,219.41,340.59,61.98,30.91,72.75,48.83,119.72,119.9,373.01,376.9,376.46,374.81,377.05,5.035,0.035,352.5,2026-01-01 10:23:50,RS002,50,1,375.31,378.58,TYPE_A,1436,0.592,0.991,121.61,123.62,123.12,24.85,2,ire_ptfe_701_plc
701,2026-01-01 10:24:00,OP102,JOB3002,,2,49.82,48.33,146.28,221.91,338.26,61.65,28.71,72.95,48.82,120.73,120.73,374.84,376.61,373.38,374.45,376.21,5.038,0.024,347.33,2026-01-01 10:24:00,RS002,50,1,374.18,375.99,TYPE_A,1848,0.473,0.963,120.55,124.62,124.8,24.42,2,ire_ptfe_701_plc
701,2026-01-01 10:24:10,OP102,JOB3002,,2,50.13,48.63,147.01,217.89,341.44,59.96,30.78,73.15,49.13,119.81,119.01,375,375.2,372.17,379.57,375.96,5.01,0.029,352.2,2026-01-01 10:24:10,RS002,50,1,376.05,379.79,TYPE_B,1711,0.425,0.979,123.13,123.51,125.44,25.6,2,ire_ptfe_701_plc
701,2026-01-01 10:24:20,OP102,JOB3002,,2,49.34,47.86,154.89,219.69,340.86,58.58,29.78,73.35,48.35,121.71,121.86,374.61,378.63,372.08,379.92,373.33,5.001,0.035,348,2026-01-01 10:24:20,RS002,50,1,378.66,377.26,TYPE_A,1513,0.462,0.913,121,122.18,125.02,25.07,2,ire_ptfe_701_plc
701,2026-01-01 10:24:30,OP102,JOB3002,,2,49.8,48.31,145.15,222.64,338.63,59.41,31.03,73.55,48.8,118.07,119.34,373.05,377.36,372.01,375.99,376.09,4.972,0.037,350.02,2026-01-01 10:24:30,RS002,50,1,377.98,376.44,TYPE_A,1176,0.536,0.947,123.82,122.96,123.79,24.51,2,ire_ptfe_701_plc
701,2026-01-01 10:24:40,OP102,JOB3002,,2,50.78,49.26,152.27,219.37,341.22,57.62,28.44,73.75,49.76,121.34,121.12,376.39,374.31,373.15,378.32,372.9,5.038,0.038,347.23,2026-01-01 10:24:40,RS002,50,1,378.28,379.45,TYPE_A,1542,0.464,0.967,120.87,122.84,125.28,25.67,2,ire_ptfe_701_plc
701,2026-01-01 10:24:50,OP102,JOB3002,,2,50.67,49.15,147.64,217.31,339.39,59.22,29.76,73.95,49.66,118.39,122.58,373,375.97,376.19,376.58,373.93,5.019,0.037,350.64,2026-01-01 10:24:50,RS002,50,1,376.15,374.98,TYPE_B,1724,0.475,0.999,121.19,121.94,123.05,25.73,2,ire_ptfe_701_plc
701,2026-01-01 10:25:00,OP102,JOB3002,,2,50.16,48.66,149.16,217.99,341.46,62.04,31.33,74.15,49.16,120.56,119.34,376.16,376.15,374.96,374.91,372.41,5.006,0.033,347.23,2026-01-01 10:25:00,RS002,50,1,376.23,375.11,TYPE_A,1025,0.566,0.913,123.5,123.28,123.62,25.9,2,ire_ptfe_701_plc
701,2026-01-01 10:25:10,OP102,JOB3002,,2,50.47,48.96,147.47,219.83,341.39,58.39,30.39,74.35,49.46,120.95,122.16,373.35,378.75,376.54,375.49,372.42,4.995,0.026,352.15,2026-01-01 10:25:10,RS002,50,1,377.3,379.43,TYPE_A,1223,0.564,0.942,123.97,124.55,125.32,25.16,2,ire_ptfe_701_plc
701,2026-01-01 10:25:20,OP102,JOB3002,,2,50.12,48.62,148.31,222,340.96,57.87,30.36,74.55,49.12,118.09,119.9,376.96,375.14,373.79,378.43,376.83,4.979,0.03,352.81,2026-01-01 10:25:20,RS002,50,1,375.18,375.13,TYPE_A,1634,0.529,0.939,123.93,123.9,122.73,25.86,2,ire_ptfe_701_plc
701,2026-01-01 10:25:30,OP102,JOB3002,,2,49.71,48.22,151.85,220.96,338.1,58.08,31.71,74.75,48.72,120.82,120.38,374.04,378.28,376.03,377.14,372.53,4.975,0.038,352.51,2026-01-01 10:25:30,RS002,50,1,378.97,378.03,TYPE_A,1481,0.47,0.993,122.22,121.05,124.13,24.74,2,ire_ptfe_701_plc
701,2026-01-01 10:25:40,OP102,JOB3002,,2,50.56,49.04,148.38,217.15,339.84,58.16,30.68,74.95,49.55,119.88,119.75,375.99,376.69,372.51,378.27,373.95,4.956,0.022,350.72,2026-01-01 10:25:40,RS002,50,1,373.06,376.63,TYPE_A,1666,0.489,0.909,122.41,124.79,123.6,24.14,2,ire_ptfe_701_plc
701,2026-01-01 10:25:50,OP102,JOB3002,,2,50.2,48.69,151.07,219.28,340.11,58.38,30.9,75.15,49.2,118.2,120.98,373.41,377.57,375.04,379.66,375.33,4.974,0.037,347.86,2026-01-01 10:25:50,RS002,50,1,376.14,378.24,TYPE_B,1171,0.548,0.951,123.34,123.54,125.71,25.6,2,ire_ptfe_701_plc
701,2026-01-01 10:26:00,OP102,JOB3002,,2,50.77,49.25,151.7,222.23,341.06,58.13,29.06,75.35,49.75,120.84,119.16,376.23,376.7,371.75,377.11,376.98,4.979,0.03,347.81,2026-01-01 10:26:00,RS002,50,1,376.15,379.18,TYPE_A,1428,0.548,0.908,123.63,122.32,122.96,24.86,2,ire_ptfe_701_plc
701,2026-01-01 10:26:10,OP102,JOB3002,,2,49.35,47.87,146.55,218.42,338.07,61.69,30.49,75.55,48.36,119.04,119.06,372.46,377.95,373.93,375.46,374.41,4.994,0.022,347.34,2026-01-01 10:26:10,RS002,50,1,373.99,379.66,TYPE_A,1146,0.592,0.956,121.28,123,122.97,24.09,2,ire_ptfe_701_plc
701,2026-01-01 10:26:20,OP102,JOB3002,,2,49.44,47.96,147.8,218.98,338.98,62.11,30.13,75.75,48.45,120.64,122.21,372.05,378.48,371.83,374.87,374.1,5.024,0.029,349.15,2026-01-01 10:26:20,RS002,50,1,374.06,375.72,TYPE_B,1031,0.468,0.994,120.85,124.33,125.42,25.95,2,ire_ptfe_701_plc
701,2026-01-01 10:26:30,OP102,JOB3002,,2,49.34,47.86,150.05,217.74,339.97,61.68,29.71,75.95,48.35,120.83,121.89,372.95,378.58,374.84,379.55,374.87,5.022,0.029,348.68,2026-01-01 10:26:30,RS002,50,1,375.1,374.25,TYPE_A,1235,0.408,0.936,122.03,121.43,123.45,24.03,2,ire_ptfe_701_plc
701,2026-01-01 10:26:40,OP102,JOB3002,,2,49.81,48.32,154.95,219.87,338.48,58.64,28.47,76.15,48.81,120.62,121.97,374.24,373.56,375.28,379.56,375.49,4.958,0.02,352.12,2026-01-01 10:26:40,RS002,50,1,376.47,374.51,TYPE_B,1758,0.533,0.956,121.79,123.62,125.47,25.62,2,ire_ptfe_701_plc
701,2026-01-01 10:26:50,OP102,JOB3002,,2,49.29,47.81,145.35,219.68,340.47,60.87,29.95,76.35,48.3,119.35,119.5,376.09,377.36,374.05,379.43,375.71,5.026,0.026,347.06,2026-01-01 10:26:50,RS002,50,1,376.46,374.86,TYPE_A,1138,0.526,0.933,123.13,123.64,125.63,24.71,2,ire_ptfe_701_plc
701,2026-01-01 10:27:00,OP102,JOB3002,,2,50.37,48.86,154.73,220.51,338.16,62.87,28.77,76.55,49.36,118.36,119.56,374.24,377.66,376.99,379.55,374.21,4.961,0.022,349.2,2026-01-01 10:27:00,RS002,50,1,376.22,379.08,TYPE_A,1092,0.586,0.925,120.7,121.69,125.18,25.71,2,ire_ptfe_701_plc
701,2026-01-01 10:27:10,OP102,JOB3002,,2,50.54,49.02,151.63,218.96,341.75,62.42,29.57,76.75,49.53,118.11,120.26,373.35,376.83,375.2,374.54,374.46,5.033,0.024,347.86,2026-01-01 10:27:10,RS002,50,1,375.21,376.62,TYPE_A,1550,0.479,0.941,120.52,124.25,125.79,25.62,2,ire_ptfe_701_plc
701,2026-01-01 10:27:20,OP102,JOB3002,,2,50.11,48.61,152,220.02,339.87,58.33,30,76.95,49.11,118.33,122.32,374.35,376.35,376.29,377.41,374.72,5.021,0.026,352.69,2026-01-01 10:27:20,RS002,50,1,374.89,379.63,TYPE_B,1108,0.481,0.91,122.89,123.36,123.19,25.18,2,ire_ptfe_701_plc
701,2026-01-01 10:27:30,OP102,JOB3002,,2,49.9,48.4,148.97,217.97,339.27,58.84,30.27,77.15,48.9,120.84,119.72,372.58,378.86,376.37,378.28,377.86,4.959,0.024,347.46,2026-01-01 10:27:30,RS002,50,1,373.23,379.48,TYPE_A,1210,0.548,0.956,120.42,124.22,125.67,24,2,ire_ptfe_701_plc
701,2026-01-01 10:27:40,OP102,JOB3002,,2,50.67,49.15,151,221.99,341.4,57.27,30.05,77.35,49.66,119.33,121.06,376.46,376.9,376.97,374.77,373.39,5.022,0.034,352.21,2026-01-01 10:27:40,RS002,50,1,373.79,375.87,TYPE_B,1815,0.599,0.983,122.68,122.59,123.43,24.1,2,ire_ptfe_701_plc
701,2026-01-01 10:27:50,OP102,JOB3002,,2,49.42,47.94,151.28,221.65,340.47,59.28,30.57,77.56,48.43,119.31,122.43,374.91,373.77,373.26,375.45,374.69,4.953,0.039,351.22,2026-01-01 10:27:50,RS002,50,1,376.75,374.81,TYPE_A,1632,0.409,0.967,121.49,122.24,122.26,25.22,2,ire_ptfe_701_plc
701,2026-01-01 10:28:00,OP102,JOB3002,,2,50.75,49.23,154.29,219.11,339.83,58.63,28.8,77.76,49.73,119.58,122.14,376.16,374.1,374.84,378.02,374.51,4.98,0.033,349.82,2026-01-01 10:28:00,RS002,50,1,373.53,375.47,TYPE_B,1542,0.522,0.936,120.16,123.23,122.83,25.09,2,ire_ptfe_701_plc
701,2026-01-01 10:28:10,OP102,JOB3002,,2,50.47,48.96,149.15,217.77,342,61.78,30.46,77.96,49.46,119.46,121.2,375.65,377.66,373.86,374.28,374.94,5.001,0.031,350.87,2026-01-01 10:28:10,RS002,50,1,373.09,379.29,TYPE_A,1614,0.478,0.905,123.07,123.61,123.51,24.1,2,ire_ptfe_701_plc
701,2026-01-01 10:28:20,OP102,JOB3002,,2,50.13,48.63,151.13,220.9,340.05,59.14,29.73,78.16,49.13,119.21,119.22,372.88,373.72,373.94,375.11,377.04,5.045,0.03,348.81,2026-01-01 10:28:20,RS002,50,1,374.04,374.33,TYPE_B,1482,0.5,0.945,123.93,124.77,123.58,24.89,2,ire_ptfe_701_plc
701,2026-01-01 10:28:30,OP102,JOB3002,,2,50.21,48.7,153.61,218.98,340.33,59.64,28.47,78.36,49.21,119.25,122.72,377.25,377.95,376.65,375,374.86,5.034,0.033,350.84,2026-01-01 10:28:30,RS002,50,1,377.79,379.1,TYPE_B,1850,0.516,0.959,123.71,122.44,123.14,24.8,2,ire_ptfe_701_plc
701,2026-01-01 10:28:40,OP102,JOB3002,,2,49.3,47.82,148.05,219.17,339.76,60.71,30.73,78.56,48.31,121.29,121.92,374.29,376.57,376.58,375.3,375.62,5.037,0.027,347.76,2026-01-01 10:28:40,RS002,50,1,373.71,378.36,TYPE_B,1497,0.511,0.918,122.74,124,125.56,25.88,2,ire_ptfe_701_plc
701,2026-01-01 10:28:50,OP102,JOB3002,,2,49.56,48.07,149.03,217.73,338.57,60.4,28.38,78.76,48.57,120.97,121.39,372.59,378.42,373.39,375.02,376.42,4.95,0.03,347.1,2026-01-01 10:28:50,RS002,50,1,378.56,379.96,TYPE_B,1495,0.551,0.927,120.22,124.34,122.95,24.32,2,ire_ptfe_701_plc
701,2026-01-01 10:29:00,OP102,JOB3002,,2,50.62,49.1,149.5,217.2,339.15,60.96,31.48,78.96,49.61,121.2,121.43,377.54,378.33,373.46,374.51,377.88,5.012,0.026,350.83,2026-01-01 10:29:00,RS002,50,1,377.97,375.97,TYPE_B,1765,0.443,0.915,121.58,124.12,123.73,25.21,2,ire_ptfe_701_plc
701,2026-01-01 10:29:10,OP102,JOB3002,,2,50.51,48.99,151.97,222.85,338.7,61.38,28.42,79.16,49.5,120.58,119.53,373.85,375.7,372.57,375.1,373.53,5.009,0.038,347.82,2026-01-01 10:29:10,RS002,50,1,375.98,378.08,TYPE_B,1237,0.464,0.998,120.2,124.73,122.14,25.2,2,ire_ptfe_701_plc
701,2026-01-01 10:29:20,OP102,JOB3002,,2,49.54,48.05,147.44,217.86,338.27,58.02,29.8,79.36,48.55,118.08,122.45,373.53,373.21,376.43,376.3,372.48,4.987,0.031,348.16,2026-01-01 10:29:20,RS002,50,1,377.34,379.51,TYPE_B,1890,0.417,0.903,123.47,121.81,124.88,24.85,2,ire_ptfe_701_plc
701,2026-01-01 10:29:30,OP102,JOB3002,,2,49.56,48.07,148,218.92,338.82,60.18,29.14,79.56,48.57,119.58,119.15,372.26,375.45,376.53,378.77,375.43,4.97,0.03,349.05,2026-01-01 10:29:30,RS002,50,1,375.21,374.27,TYPE_B,1368,0.596,0.926,121.14,123.43,122.46,25.44,2,ire_ptfe_701_plc
701,2026-01-01 10:29:40,OP102,JOB3002,,2,49.24,47.76,153.65,222.06,341.54,60.84,29.57,79.76,48.26,119.6,122.92,376.45,375.5,373.17,378.28,373.05,4.998,0.028,349.88,2026-01-01 10:29:40,RS002,50,1,373.7,379.07,TYPE_A,1086,0.561,0.974,122.95,121.93,123.46,25.46,2,ire_ptfe_701_plc
701,2026-01-01 10:29:50,OP102,JOB3002,,2,50.08,48.58,149.84,219.08,338.09,59.49,30.41,79.96,49.08,119.02,121.19,375.36,377.31,375.06,376.53,373.8,4.985,0.039,352.04,2026-01-01 10:29:50,RS002,50,1,378.3,376.41,TYPE_B,1820,0.416,0.938,121.24,124.16,124.33,24.09,2,ire_ptfe_701_plc
701,2026-01-01 10:30:00,OP102,JOB3002,,2,49.33,47.85,149.13,221.65,338.24,57.96,30.6,80.16,48.34,119.06,122.23,372.47,373.91,371.92,378.83,377.38,5.02,0.033,349.97,2026-01-01 10:30:00,RS002,50,1,373.57,379.68,TYPE_A,1797,0.472,0.924,123.87,123.43,122.46,25.47,2,ire_ptfe_701_plc
701,2026-01-01 10:30:10,OP102,JOB3002,,2,50.68,49.16,151.73,219.72,339.06,57.96,31.57,80.36,49.67,119.21,119.5,374.95,376.85,371.86,375.1,376.57,5.012,0.037,351.02,2026-01-01 10:30:10,RS002,50,1,379,377.87,TYPE_B,1351,0.523,0.907,120.09,124.83,122.35,25.24,2,ire_ptfe_701_plc
701,2026-01-01 10:30:20,OP102,JOB3002,,2,50.53,49.01,149.25,222.42,339.82,58.26,28.99,80.56,49.52,119.05,122.63,372.29,375.58,376.17,375.32,375.72,5.05,0.022,348.86,2026-01-01 10:30:20,RS002,50,1,377.5,375.5,TYPE_B,1337,0.518,0.994,123.48,123.78,123.37,24.91,2,ire_ptfe_701_plc
701,2026-01-01 10:30:30,OP102,JOB3002,,2,50.64,49.12,149.51,220.17,339.38,59.67,28.05,80.76,49.63,118.07,122.83,374.65,376.83,371.69,377.76,375.58,5.019,0.032,351.11,2026-01-01 10:30:30,RS002,50,1,373.95,376.59,TYPE_B,1574,0.539,0.996,120.14,123.84,122.34,25.31,2,ire_ptfe_701_plc
701,2026-01-01 10:30:40,OP102,JOB3002,,2,50.51,48.99,154.08,218.1,339.56,61.42,28.81,80.96,49.5,119.95,121.2,373.75,378.08,375.57,377.04,372.71,4.992,0.033,348.35,2026-01-01 10:30:40,RS002,50,1,374.67,375.82,TYPE_B,1276,0.496,0.9,121.23,123.54,125.06,24.08,2,ire_ptfe_701_plc
701,2026-01-01 10:30:50,OP102,JOB3002,,2,49.37,47.89,147.66,218.35,340.56,59.92,29.16,81.16,48.38,118.59,119.24,373.33,378.88,371.4,375.05,376.37,4.984,0.024,349.4,2026-01-01 10:30:50,RS002,50,1,375.21,378.98,TYPE_B,1809,0.51,0.981,123.85,122.42,123.22,25.77,2,ire_ptfe_701_plc
701,2026-01-01 10:31:00,OP102,JOB3002,,2,49.37,47.89,154.7,218.51,340.32,57.74,31.76,81.36,48.38,119.62,121.06,375.8,375.89,373.2,378.68,375.68,4.966,0.038,350.63,2026-01-01 10:31:00,RS002,50,1,378.77,377.79,TYPE_A,1946,0.57,0.939,123.38,124.09,125.49,24.76,2,ire_ptfe_701_plc
701,2026-01-01 10:31:10,OP102,JOB3002,,2,49.85,48.35,154.53,217.26,340.78,62.7,28.57,81.56,48.85,121.88,122.45,375.33,374.06,373.58,377.29,372.54,5.012,0.022,351.31,2026-01-01 10:31:10,RS002,50,1,376.9,379.68,TYPE_B,1658,0.476,0.936,121.23,122.2,124.76,24.69,2,ire_ptfe_701_plc
701,2026-01-01 10:31:20,OP102,JOB3002,,2,50.43,48.92,151.53,218.58,338.68,60.65,28.39,81.76,49.42,118.03,120.32,375.5,376.1,373.8,378.06,377.58,4.983,0.034,350.51,2026-01-01 10:31:20,RS002,50,1,373.73,379.17,TYPE_A,1302,0.478,0.995,123.61,124.08,122.36,25.32,2,ire_ptfe_701_plc
701,2026-01-01 10:31:30,OP102,JOB3002,,2,50.55,49.03,154.11,218.21,340.99,62.93,29.61,81.96,49.54,121.16,121.1,375.51,378.22,371.63,375.4,375.96,4.964,0.021,352.79,2026-01-01 10:31:30,RS002,50,1,376.12,375.15,TYPE_A,1524,0.549,0.904,120.61,121.6,122.13,24.13,2,ire_ptfe_701_plc
701,2026-01-01 10:31:40,OP102,JOB3002,,2,50.06,48.56,152.84,222.63,338.01,58.95,30.68,82.16,49.06,119.83,122.7,376.8,376.18,371.64,378.18,377.4,4.984,0.036,347.28,2026-01-01 10:31:40,RS002,50,1,373.41,378.97,TYPE_B,1944,0.529,0.968,120.47,122.9,123.36,24.38,2,ire_ptfe_701_plc
701,2026-01-01 10:31:50,OP102,JOB3002,,2,49.27,47.79,150.41,220.9,341.92,58.7,30.82,82.36,48.28,120.61,119.86,377.36,373.09,373.9,378.3,376.53,5.015,0.027,352.61,2026-01-01 10:31:50,RS002,50,1,377.71,376.95,TYPE_A,1309,0.407,0.92,122,124.6,123.36,24.28,2,ire_ptfe_701_plc
701,2026-01-01 10:32:00,OP102,JOB3002,,2,49.86,48.36,147.73,221.23,339.3,58.35,30.21,82.57,48.86,118.27,122.22,374.57,374.52,374.07,374.53,375.38,5.008,0.024,352.11,2026-01-01 10:32:00,RS002,50,1,373.57,375.91,TYPE_A,1770,0.584,0.91,122.95,122.58,124.13,24.01,2,ire_ptfe_701_plc
701,2026-01-01 10:32:10,OP102,JOB3002,,2,49.75,48.26,152.26,219.22,339.45,62.73,31.05,82.77,48.76,120.67,120.29,372.44,377.22,374.78,379.05,375.08,5.025,0.029,352.5,2026-01-01 10:32:10,RS002,50,1,378.57,376.98,TYPE_A,1755,0.531,0.934,122.57,124.33,125.99,24.51,2,ire_ptfe_701_plc
701,2026-01-01 10:32:20,OP102,JOB3002,,2,50.35,48.84,147.33,217.21,338.46,59.82,31.33,82.97,49.34,120.72,119.21,373.89,376.91,374.15,375.54,376.85,5.015,0.03,351.98,2026-01-01 10:32:20,RS002,50,1,373.14,377.65,TYPE_A,1422,0.482,0.944,123.93,122.97,124.28,24.3,2,ire_ptfe_701_plc
701,2026-01-01 10:32:30,OP102,JOB3002,,2,49.91,48.41,148.57,218.85,339.39,60.32,28.1,83.17,48.91,120.7,119.52,372.24,375.67,376.64,377.86,377.5,4.99,0.021,347.27,2026-01-01 10:32:30,RS002,50,1,377.93,379.76,TYPE_A,1067,0.497,0.994,120.57,124.49,123.37,24.07,2,ire_ptfe_701_plc
701,2026-01-01 10:32:40,OP102,JOB3002,,2,50.41,48.9,145.29,220.69,339.42,57.62,29.01,83.37,49.4,120.71,122.74,376.95,374.68,376.05,377.47,377.67,4.999,0.029,348,2026-01-01 10:32:40,RS002,50,1,376.54,375.95,TYPE_A,1562,0.409,0.907,121.03,121.99,124.73,25.89,2,ire_ptfe_701_plc
701,2026-01-01 10:32:50,OP102,JOB3002,,2,49.64,48.15,146.94,219.69,338.2,62.39,30.98,83.57,48.65,118.28,121.19,373.84,374.46,376.04,377.94,377.26,4.964,0.037,350.88,2026-01-01 10:32:50,RS002,50,1,376.22,378.47,TYPE_B,1105,0.581,0.993,122.05,122.06,124.15,24.36,2,ire_ptfe_701_plc
701,2026-01-01 10:33:00,OP102,JOB3002,,2,49.67,48.18,151.85,222.05,339.69,62.25,31.36,83.77,48.68,119.38,122.65,377.09,378.59,373.65,377.87,372.52,4.964,0.028,350.29,2026-01-01 10:33:00,RS002,50,1,379,376.04,TYPE_B,1769,0.461,0.959,123.45,124.61,122.77,25.41,2,ire_ptfe_701_plc
701,2026-01-01 10:33:10,OP102,JOB3002,,2,50.8,49.28,152.15,219.87,339.72,62.88,30.23,83.97,49.78,120.51,120.34,372.34,378.07,372.94,377.25,372.57,4.955,0.03,349.69,2026-01-01 10:33:10,RS002,50,1,373.04,378.42,TYPE_B,1444,0.443,0.994,122.12,123.4,122.27,24.48,2,ire_ptfe_701_plc
701,2026-01-01 10:33:20,OP102,JOB3002,,2,50.78,49.26,150.29,218.78,338.73,61.23,29.52,84.17,49.76,118.77,121.29,372.18,377.86,371,374.44,374.24,5.012,0.028,348.99,2026-01-01 10:33:20,RS002,50,1,373.58,379.15,TYPE_B,1061,0.587,0.937,122.82,121.83,125.41,25.75,2,ire_ptfe_701_plc
701,2026-01-01 10:33:30,OP102,JOB3002,,2,50.28,48.77,145.58,222.76,339.14,58.31,30.36,84.37,49.27,118.27,122.91,375.34,376.34,375.81,375.64,377.21,4.956,0.031,349.38,2026-01-01 10:33:30,RS002,50,1,377.38,376.14,TYPE_A,1114,0.598,0.941,120.34,122.03,125.48,24.61,2,ire_ptfe_701_plc
701,2026-01-01 10:33:40,OP102,JOB3002,,2,50.49,48.98,148.53,221.04,339.76,58.02,29.01,84.57,49.48,121.46,119.11,375.56,374.16,371.12,375.19,375.9,4.993,0.023,351.15,2026-01-01 10:33:40,RS002,50,1,373.6,376.95,TYPE_A,1729,0.542,0.923,121.95,124.85,124.04,24.79,2,ire_ptfe_701_plc
701,2026-01-01 10:33:50,OP102,JOB3002,,2,49.99,48.49,146.07,219.6,340.23,59.84,30.31,84.77,48.99,121.27,119.86,374.78,375.05,371.45,379.84,374.6,4.969,0.039,347.86,2026-01-01 10:33:50,RS002,50,1,374.8,375.37,TYPE_B,1524,0.407,0.932,120.41,123.22,123.38,24.29,2,ire_ptfe_701_plc
701,2026-01-01 10:34:00,OP102,JOB3002,,2,49.85,48.35,152.85,222.21,339.72,59.04,29.23,84.97,48.85,121.79,120.26,372.69,373.27,375.5,376.67,372.36,5.009,0.03,350.16,2026-01-01 10:34:00,RS002,50,1,373.1,375.41,TYPE_A,1808,0.464,0.958,121.93,122.97,124.05,24.52,2,ire_ptfe_701_plc
701,2026-01-01 10:34:10,OP102,JOB3002,,2,49.47,47.99,153.66,220.43,339.34,57.18,30.74,85.17,48.48,119.7,119.61,376.37,377.92,374.3,379.56,377.61,5.034,0.037,348.36,2026-01-01 10:34:10,RS002,50,1,374.06,377.59,TYPE_B,1471,0.483,0.995,123.97,123.15,124.45,24.89,2,ire_ptfe_701_plc
701,2026-01-01 10:34:20,OP102,JOB3002,,2,50.42,48.91,146.98,220.93,340.08,60.05,31.44,85.37,49.41,120.65,121.85,377.14,378.93,372.08,379.3,373.66,4.975,0.034,347.77,2026-01-01 10:34:20,RS002,50,1,374,379.89,TYPE_B,1007,0.579,0.953,123.7,124.32,122.34,25.73,2,ire_ptfe_701_plc
701,2026-01-01 10:34:30,OP102,JOB3002,,2,50.71,49.19,154.09,217.19,338.2,60.1,29.01,85.57,49.7,121.85,121.41,372.97,374.65,376.78,375.11,377.44,5.02,0.033,351.58,2026-01-01 10:34:30,RS002,50,1,374.15,377.88,TYPE_A,1250,0.582,0.979,122.75,122.8,123.33,24.79,2,ire_ptfe_701_plc
701,2026-01-01 10:34:40,OP102,JOB3002,,2,50.72,49.2,154.6,218.58,340.37,60.6,29.1,85.77,49.71,120.35,122,375.49,374.79,374.36,378.82,374.78,4.982,0.036,349.16,2026-01-01 10:34:40,RS002,50,1,375.46,374.9,TYPE_A,1485,0.542,0.95,123.41,122.1,122.22,24.45,2,ire_ptfe_701_plc
701,2026-01-01 10:34:50,OP102,JOB3002,,2,50.67,49.15,147.08,217.82,339.46,58.65,30.06,85.97,49.66,119.8,120.45,373.38,377.33,374.49,374.76,375.84,5.004,0.023,349.5,2026-01-01 10:34:50,RS002,50,1,373.66,377.35,TYPE_A,1304,0.449,0.931,123.13,121.84,124.12,25.32,2,ire_ptfe_701_plc
701,2026-01-01 10:35:00,OP102,JOB3002,,2,49.43,47.95,145.65,217.65,339.35,57.5,28.01,86.17,48.44,120.67,121.96,376.73,374.9,372.47,379.86,377.66,5.024,0.038,351.37,2026-01-01 10:35:00,RS002,50,1,377.26,376.53,TYPE_A,1128,0.487,0.92,120.84,123.81,123.28,24.81,2,ire_ptfe_701_plc
701,2026-01-01 10:35:10,OP102,JOB3002,,2,50.48,48.97,147.15,219.64,339.67,62.68,31.27,86.37,49.47,119.01,121.91,376.19,375.98,372.76,376.25,373.19,4.979,0.027,350.05,2026-01-01 10:35:10,RS002,50,1,373.95,377.29,TYPE_A,1630,0.541,0.917,122.16,123.42,123.97,24.2,2,ire_ptfe_701_plc
701,2026-01-01 10:35:20,OP102,JOB3002,,2,50.05,48.55,149.07,218.09,338.14,62.92,29.87,86.57,49.05,118.02,122.53,376.54,375.97,373.73,377.39,373.57,4.952,0.028,352.53,2026-01-01 10:35:20,RS002,50,1,377.02,377.29,TYPE_B,1745,0.407,0.922,121.82,121.61,123.7,24.61,2,ire_ptfe_701_plc
701,2026-01-01 10:35:30,OP102,JOB3002,,2,49.55,48.06,153.7,217.94,338.82,62.94,30.08,86.77,48.56,121.85,122.16,373.31,375.63,374.1,378.58,372.39,4.976,0.035,349.22,2026-01-01 10:35:30,RS002,50,1,377.68,374.46,TYPE_B,1570,0.416,0.901,122.92,124.6,123.24,25.6,2,ire_ptfe_701_plc
701,2026-01-01 10:35:40,OP102,JOB3002,,2,49.89,48.39,150.9,219.85,341.59,59.66,28.18,86.97,48.89,118.05,119.49,372.34,373.77,373.83,376.52,377.46,5.001,0.024,348.68,2026-01-01 10:35:40,RS002,50,1,373.5,377.77,TYPE_A,1317,0.501,0.91,123.2,123.58,124.43,24.95,2,ire_ptfe_701_plc
701,2026-01-01 10:35:50,OP102,JOB3002,,2,50.68,49.16,149.55,219.93,340.52,59.54,28.48,87.17,49.67,119.28,121.19,376.3,377.54,371.49,377.27,372.74,5.008,0.036,348.96,2026-01-01 10:35:50,RS002,50,1,376.01,377.33,TYPE_A,1307,0.582,0.965,122.21,121.71,122.87,25.86,2,ire_ptfe_701_plc
701,2026-01-01 10:36:00,OP102,JOB3002,,2,50.59,49.07,151.29,217.43,339.62,58.58,28.07,87.37,49.58,120.89,119.25,372.28,374.04,374.17,379.5,372.16,4.95,0.027,350.32,2026-01-01 10:36:00,RS002,50,1,377.67,376.1,TYPE_B,1999,0.483,0.992,122.8,122.52,122.94,25.76,2,ire_ptfe_701_plc
701,2026-01-01 10:36:10,OP102,JOB3002,,2,50.78,49.26,147.17,219.34,338.84,58.68,30.83,87.58,49.76,121.73,122.68,376.43,374.3,372.95,374.98,376.33,5.01,0.024,347.53,2026-01-01 10:36:10,RS002,50,1,375.82,376.26,TYPE_A,1323,0.536,0.93,121.27,124.99,124.01,25.7,2,ire_ptfe_701_plc
701,2026-01-01 10:36:20,OP102,JOB3002,,2,49.21,47.73,149.38,222.46,341.62,59.37,31.33,87.78,48.23,118.12,121.33,375.06,376.55,376.3,374.48,375.18,5.034,0.038,348.13,2026-01-01 10:36:20,RS002,50,1,376.8,374.93,TYPE_A,1352,0.474,0.914,121.37,124.11,124.49,25.96,2,ire_ptfe_701_plc
701,2026-01-01 10:36:30,OP102,JOB3002,,2,49.35,47.87,153.52,222.67,340.77,61.34,31.04,87.98,48.36,118.37,120.24,376.37,375.49,371.53,374.75,374.3,4.954,0.028,347.9,2026-01-01 10:36:30,RS002,50,1,374.27,376.63,TYPE_B,1740,0.496,0.942,121.08,121.97,125.6,24.97,2,ire_ptfe_701_plc
701,2026-01-01 10:36:40,OP102,JOB3002,,2,49.83,48.34,150.02,217.73,341.85,59.14,29.78,88.18,48.83,119.7,122.46,373.12,378.91,376.1,377.42,374.53,5.037,0.034,351.72,2026-01-01 10:36:40,RS002,50,1,378.28,378.39,TYPE_A,1563,0.545,0.901,121.72,122.26,122.54,24.15,2,ire_ptfe_701_plc
701,2026-01-01 10:36:50,OP102,JOB3002,,2,50.14,48.64,146.2,219.82,339.69,60.43,31.91,88.38,49.14,119.77,121.35,373.28,378.78,374.44,375.39,377.75,5.012,0.025,347.51,2026-01-01 10:36:50,RS002,50,1,378.01,374.18,TYPE_A,1282,0.567,0.996,123.95,121.29,122.41,24.04,2,ire_ptfe_701_plc
701,2026-01-01 10:37:00,OP102,JOB3002,,2,49.38,47.9,154.5,222.55,340.86,62.1,28.16,88.58,48.39,119.12,122.02,373.18,378.89,375.51,379.39,374.34,4.962,0.023,352.3,2026-01-01 10:37:00,RS002,50,1,376.97,377.36,TYPE_B,1719,0.551,0.912,122.28,122.69,124.78,24.34,2,ire_ptfe_701_plc
701,2026-01-01 10:37:10,OP102,JOB3002,,2,50.77,49.25,150.72,220.74,338.93,62.3,30.68,88.78,49.75,120.44,120.02,376.68,375.56,373.59,377.37,373.12,4.96,0.031,347.22,2026-01-01 10:37:10,RS002,50,1,377.71,378.63,TYPE_B,1309,0.456,0.906,121.19,122.64,124.52,24.77,2,ire_ptfe_701_plc
701,2026-01-01 10:37:20,OP102,JOB3002,,2,50.59,49.07,149.52,218.8,339.45,58.75,30.99,88.98,49.58,121.97,120.43,375.05,373.39,371.87,376,374.25,4.979,0.024,349.77,2026-01-01 10:37:20,RS002,50,1,375.05,376.16,TYPE_A,1797,0.55,0.908,122.99,124.52,125.42,24.58,2,ire_ptfe_701_plc
701,2026-01-01 10:37:30,OP102,JOB3002,,2,50.49,48.98,153.17,221.49,338.34,59.5,30.49,89.18,49.48,121.36,122.09,373.93,376.94,371.65,377.14,372.52,5.027,0.036,348.97,2026-01-01 10:37:30,RS002,50,1,373.95,376.59,TYPE_A,1169,0.425,0.91,122.96,124.02,123.54,24.39,2,ire_ptfe_701_plc
701,2026-01-01 10:37:40,OP102,JOB3002,,2,50.53,49.01,151.73,221.2,340.41,58.73,29.99,89.38,49.52,120.9,119.59,372.77,373.49,373.55,374.53,372.06,5.014,0.025,347.98,2026-01-01 10:37:40,RS002,50,1,373.78,375.49,TYPE_B,1604,0.456,0.992,122.23,124.98,124.42,25.09,2,ire_ptfe_701_plc
701,2026-01-01 10:37:50,OP102,JOB3002,,2,50.14,48.64,149.22,220.06,339.95,58.42,29.12,89.58,49.14,120.83,120.91,372.27,376.51,375.1,374.94,375.73,5.047,0.025,352.49,2026-01-01 10:37:50,RS002,50,1,377,376.74,TYPE_A,1381,0.568,0.918,120.94,123.08,123.41,24.89,2,ire_ptfe_701_plc
701,2026-01-01 10:38:00,OP102,JOB3002,,2,50.63,49.11,153.13,221.17,340.61,57.55,29.16,89.78,49.62,119.4,119.99,372.4,374.65,371.22,379.22,375.29,5.012,0.021,350.93,2026-01-01 10:38:00,RS002,50,1,374.23,374.83,TYPE_B,1101,0.43,0.945,121.55,122.71,123.9,25.79,2,ire_ptfe_701_plc
701,2026-01-01 10:38:10,OP102,JOB3002,,2,49.84,48.34,146.6,219.51,341.28,57.23,31.08,89.98,48.84,120.21,121.69,376.13,375.93,371.45,378.12,375.22,5.035,0.021,351.42,2026-01-01 10:38:10,RS002,50,1,376.29,375.64,TYPE_B,1667,0.442,0.996,122.25,121.33,125.65,24.84,2,ire_ptfe_701_plc
701,2026-01-01 10:38:20,OP102,JOB3002,,2,50,48.5,153.24,221.01,338.2,62.01,31.99,90.18,49,118.95,122.58,375.35,374.13,373.35,378.41,377.92,4.975,0.033,349.26,2026-01-01 10:38:20,RS002,50,1,375.6,375.11,TYPE_B,1574,0.497,0.909,120.61,123.24,125.65,25.49,2,ire_ptfe_701_plc
701,2026-01-01 10:38:30,OP102,JOB3002,,2,48.98,47.51,146.53,222.24,338.35,60.46,29.16,90.38,48,120.56,122.29,372.54,375.16,373.76,375.1,373.1,4.994,0.037,351.89,2026-01-01 10:38:30,RS002,50,1,373.67,375.8,TYPE_A,1537,0.53,0.901,122.63,124.86,123.41,24.8,2,ire_ptfe_701_plc
701,2026-01-01 10:38:40,OP102,JOB3002,,2,47.96,46.52,150.27,220.22,338.37,58.1,30.79,90.58,47,118.63,120.42,372.74,377.19,373.86,377.4,374.68,4.978,0.037,348.04,2026-01-01 10:38:40,RS002,50,1,373.33,378.86,TYPE_A,1501,0.431,0.922,123.27,123.1,123.32,24.85,2,ire_ptfe_701_plc
701,2026-01-01 10:38:50,OP102,JOB3002,,2,46.94,45.53,154.9,222.55,340.23,59.35,31.59,90.78,46,121.26,121.39,375.33,374.38,374.03,378.24,375.08,4.979,0.022,348.98,2026-01-01 10:38:50,RS002,50,1,377.27,374.16,TYPE_A,1566,0.406,0.902,123.19,123.19,124.58,25.2,2,ire_ptfe_701_plc
701,2026-01-01 10:39:00,OP102,JOB3002,,2,45.92,44.54,149.98,220.03,341.29,59.52,31.02,90.98,45,121.83,121.18,374.73,378.27,371.47,374.56,372.74,4.972,0.022,349.16,2026-01-01 10:39:00,RS002,50,1,377.64,379.53,TYPE_A,1994,0.592,0.947,120.52,124.62,122.87,25.71,2,ire_ptfe_701_plc
701,2026-01-01 10:39:10,OP102,JOB3002,,2,44.9,43.55,154.53,222.53,340.23,62.41,31.94,91.18,44,121.11,122.53,372.61,378.9,372.88,374.26,377.76,5.049,0.038,350.66,2026-01-01 10:39:10,RS002,50,1,374.36,378,TYPE_A,1855,0.583,0.929,122.14,124.21,124.19,25.65,2,ire_ptfe_701_plc
701,2026-01-01 10:39:20,OP102,JOB3002,,2,43.88,42.56,149.82,219.43,341.59,58.71,28.32,91.38,43,120.53,122.36,373.61,373.92,376.86,376.63,374.98,5.039,0.025,352.94,2026-01-01 10:39:20,RS002,50,1,374.77,377.61,TYPE_A,1783,0.541,0.95,120.64,121.19,125.9,25.58,2,ire_ptfe_701_plc
701,2026-01-01 10:39:30,OP102,JOB3002,,2,42.86,41.57,151.14,217.55,340.84,61.78,31.12,91.58,42,118.75,121.4,374.67,378.03,374.4,377.27,372.29,5.032,0.03,352.99,2026-01-01 10:39:30,RS002,50,1,376.2,376.03,TYPE_A,1260,0.438,0.925,123.59,123.21,122.11,24.9,2,ire_ptfe_701_plc
701,2026-01-01 10:39:40,OP102,JOB3002,,2,41.84,40.58,152.53,222.93,338.22,58.5,29.67,91.78,41,121.47,121.66,373.64,375.21,375.46,377.31,372.14,4.973,0.033,352.18,2026-01-01 10:39:40,RS002,50,1,374.85,374.54,TYPE_B,1451,0.556,0.974,120.89,124.44,123.43,25.36,2,ire_ptfe_701_plc
701,2026-01-01 10:39:50,OP102,JOB3002,,2,40.82,39.6,147.07,220.7,338.66,60.3,30.63,91.98,40,118.96,120.65,377.53,376.94,371.11,374.7,375.91,5.01,0.027,347.92,2026-01-01 10:39:50,RS002,50,1,373.97,374.11,TYPE_A,1675,0.496,0.906,121.67,123.7,123.47,24.9,2,ire_ptfe_701_plc
701,2026-01-01 10:40:00,OP102,JOB3002,,2,39.8,38.61,154.06,219.21,341.43,57.46,30.1,92.18,39,118.99,119.88,376.59,374.22,372.32,374.92,372.28,5.046,0.033,351.28,2026-01-01 10:40:00,RS002,50,1,377.35,377.92,TYPE_A,1456,0.595,0.919,121.73,122.05,122.2,25.06,2,ire_ptfe_701_plc
701,2026-01-01 10:40:10,OP102,JOB3002,,2,38.78,37.62,154.96,220.84,339.61,59.8,31.83,92.38,38,118.39,119.6,374,377.55,373.45,375.47,375.78,4.953,0.022,349.96,2026-01-01 10:40:10,RS002,50,1,377.21,374.65,TYPE_A,1195,0.428,0.981,121.92,124.28,122.5,25.43,2,ire_ptfe_701_plc
701,2026-01-01 10:40:20,OP102,JOB3002,,2,37.76,36.63,152.92,217.87,341.18,59.07,31.39,92.59,37,119.53,122.51,374.12,374.57,372.03,374.92,372.03,5.016,0.023,347.12,2026-01-01 10:40:20,RS002,50,1,374.47,377.04,TYPE_B,1509,0.541,0.997,121.48,121.75,125.12,25.25,2,ire_ptfe_701_plc
701,2026-01-01 10:40:30,OP102,JOB3002,,2,36.73,35.63,149.92,220.79,341.84,58.3,30.29,92.79,36,121.95,119.33,377.46,375.33,374.1,377.04,373.36,4.959,0.023,352.42,2026-01-01 10:40:30,RS002,50,1,377.88,379.17,TYPE_B,1827,0.461,0.981,122.58,121.17,124.74,25.23,2,ire_ptfe_701_plc
701,2026-01-01 10:40:40,OP102,JOB3002,,2,35.71,34.64,147.85,219.51,341.07,60.04,29.81,92.99,35,118.21,120.05,377.21,373.09,374.34,375.39,372.17,4.981,0.032,352.55,2026-01-01 10:40:40,RS002,50,1,373.29,377.61,TYPE_A,1273,0.446,0.958,121.14,124.76,124.26,24.9,2,ire_ptfe_701_plc
701,2026-01-01 10:40:50,OP102,JOB3002,,2,34.69,33.65,145.84,220.66,341.71,59.59,29.58,93.19,34,119.07,122.17,375.98,378.36,373.35,378.2,376.34,4.978,0.038,348.36,2026-01-01 10:40:50,RS002,50,1,376.31,374.94,TYPE_B,1513,0.42,0.961,122.19,123.35,123.36,25.91,2,ire_ptfe_701_plc
701,2026-01-01 10:41:00,OP102,JOB3002,,2,33.67,32.66,145.63,218.86,339.87,61.32,30.64,93.39,33,121.22,122.82,372.35,375.66,371.79,376.73,376.4,4.958,0.035,347.51,2026-01-01 10:41:00,RS002,50,1,375.55,374.23,TYPE_A,1754,0.577,0.961,121.75,122.02,123.77,25.08,2,ire_ptfe_701_plc
701,2026-01-01 10:41:10,OP102,JOB3002,,2,32.65,31.67,146.83,222.38,339.63,58.24,30.57,93.59,32,119.3,121.66,372.03,374.87,375.08,378.39,375.19,4.992,0.036,347.74,2026-01-01 10:41:10,RS002,50,1,375.76,378.59,TYPE_A,1499,0.417,0.97,123.21,123.97,122.63,24.34,2,ire_ptfe_701_plc
701,2026-01-01 10:41:20,OP102,JOB3002,,2,31.63,30.68,151.47,219.13,338.78,58.16,31.39,93.79,31,121.69,121.18,375.97,378.43,372.29,374.13,372.83,4.952,0.023,350.68,2026-01-01 10:41:20,RS002,50,1,375.91,375.2,TYPE_B,1363,0.426,0.924,121.98,124.67,122.72,24.04,2,ire_ptfe_701_plc
701,2026-01-01 10:41:30,OP102,JOB3002,,2,30.61,29.69,148.47,221.91,339.55,58.08,31.04,93.99,30,120.75,121.29,376.12,374.11,372.59,379.06,375.6,4.985,0.028,352.5,2026-01-01 10:41:30,RS002,50,1,378.68,379.97,TYPE_B,1333,0.467,0.944,120.24,123.93,125.65,25.15,2,ire_ptfe_701_plc
701,2026-01-01 10:41:40,OP102,JOB3002,,2,29.59,28.7,150.06,221.49,340.11,58.81,28.06,94.19,29,120.97,121.32,377.9,377.25,372.16,377.27,374.41,5.024,0.028,351.79,2026-01-01 10:41:40,RS002,50,1,374.83,374.32,TYPE_B,1438,0.588,0.952,122.75,124.6,125.78,24.21,2,ire_ptfe_701_plc
701,2026-01-01 10:41:50,OP102,JOB3002,,2,28.57,27.71,148.25,218.32,338.69,61.57,28.34,94.39,28,118.46,120.79,377.37,373.22,373.63,375.25,372.25,4.986,0.028,348.87,2026-01-01 10:41:50,RS002,50,1,376.41,377.03,TYPE_B,1636,0.405,0.957,121.43,122.4,122.2,24.06,2,ire_ptfe_701_plc
701,2026-01-01 10:42:00,OP102,JOB3002,,2,27.55,26.72,148.38,221.94,340.94,59.96,28.05,94.59,27,120.7,120.47,377.78,374.47,376.45,379.21,374,4.959,0.029,350.03,2026-01-01 10:42:00,RS002,50,1,377.6,379.06,TYPE_A,1361,0.452,1,123.5,124.77,124.22,25.02,2,ire_ptfe_701_plc
701,2026-01-01 10:42:10,OP102,JOB3002,,2,26.53,25.73,147.59,219.19,338.77,59.78,28.13,94.79,26,120.73,119,375.35,378.52,371.57,374.11,375.25,5.035,0.022,352.79,2026-01-01 10:42:10,RS002,50,1,375.27,374.79,TYPE_B,1126,0.439,0.902,120.24,122.21,123.96,25.68,2,ire_ptfe_701_plc
701,2026-01-01 10:42:20,OP102,JOB3002,,2,25.51,24.74,147.67,220.29,339.53,59.82,30.81,94.99,25,119.91,119.91,374.71,376.69,371.47,379.52,372.07,4.954,0.031,350.19,2026-01-01 10:42:20,RS002,50,1,378.59,375.65,TYPE_B,1055,0.481,0.951,121.09,123.21,125.81,24.34,2,ire_ptfe_701_plc
701,2026-01-01 10:42:30,OP102,JOB3002,,2,24.49,23.76,148.36,217.4,340.34,59.41,30.91,95.19,24,119.63,121.44,377.04,377.4,376.05,375,376.46,4.968,0.038,348.15,2026-01-01 10:42:30,RS002,50,1,378.91,374.87,TYPE_A,1422,0.445,0.999,122.97,124.98,124.67,24.27,2,ire_ptfe_701_plc
701,2026-01-01 10:42:40,OP102,JOB3002,,2,23.47,22.77,153.35,217.05,340.67,57.03,28.41,95.39,23,118.46,121.21,374.96,373.02,374.34,377.39,376.37,5.047,0.032,348.24,2026-01-01 10:42:40,RS002,50,1,376.25,374.79,TYPE_A,1583,0.442,0.905,120.44,122.04,123.18,25.6,2,ire_ptfe_701_plc
701,2026-01-01 10:42:50,OP102,JOB3002,,2,22.45,21.78,150.91,219.39,340.43,62.57,28.31,95.59,22,120.82,119.97,372.55,374.94,374.5,375.96,373.06,5.041,0.028,352.13,2026-01-01 10:42:50,RS002,50,1,377.87,377.15,TYPE_B,1311,0.453,0.916,122.75,121.46,123.83,25.02,2,ire_ptfe_701_plc
701,2026-01-01 10:43:00,OP102,JOB3002,,2,21.43,20.79,149.96,219.32,340.33,59.43,31.48,95.79,21,121.1,121,373.97,373.74,372.29,375.48,375.72,5.027,0.036,347.7,2026-01-01 10:43:00,RS002,50,1,376.63,374.86,TYPE_B,1581,0.463,0.992,121.41,124.95,122.82,24.61,2,ire_ptfe_701_plc
701,2026-01-01 10:43:10,OP102,JOB3002,,2,20.41,19.8,152.09,219.45,338.91,61.79,30.64,95.99,20,121.8,122.96,377.23,374.85,375.7,376.96,375.12,4.981,0.024,347.05,2026-01-01 10:43:10,RS002,50,1,378.27,376.74,TYPE_A,1632,0.488,0.939,122.21,124.64,124.98,24.05,2,ire_ptfe_701_plc
701,2026-01-01 10:43:20,OP102,JOB3002,,2,19.39,18.81,152.17,217.76,340.45,58.7,29.83,96.19,19,121.54,122.05,372.14,377.13,373.86,375.44,372.73,4.999,0.031,350.6,2026-01-01 10:43:20,RS002,50,1,375.21,377.01,TYPE_B,1876,0.477,0.928,123.75,122.87,123.6,24.09,2,ire_ptfe_701_plc
701,2026-01-01 10:43:30,OP102,JOB3002,,2,18.37,17.82,154.39,217.47,340.75,60.73,31.22,96.39,18,120.22,119.59,377.95,376.56,372.28,378.97,372.03,4.961,0.029,352.21,2026-01-01 10:43:30,RS002,50,1,375.4,379.61,TYPE_A,1261,0.561,0.974,121.51,122.29,125.56,24.99,2,ire_ptfe_701_plc
701,2026-01-01 10:43:40,OP102,JOB3002,,2,17.35,16.83,152.08,219.94,339.42,57.24,30.95,96.59,17,118.74,120.81,372.25,378.76,375.33,379.75,373.15,5.033,0.03,347.48,2026-01-01 10:43:40,RS002,50,1,378.67,374.92,TYPE_A,1429,0.457,0.971,123.62,123.17,123.02,24.02,2,ire_ptfe_701_plc
701,2026-01-01 10:43:50,OP102,JOB3002,,2,16.33,15.84,149.75,219.27,339.43,58.87,31.63,96.79,16,121.61,119.38,375.02,375.84,374.57,376.29,373.3,4.999,0.032,352.09,2026-01-01 10:43:50,RS002,50,1,378.4,375.1,TYPE_B,1440,0.552,0.926,123.13,123.05,124.11,24.85,2,ire_ptfe_701_plc
701,2026-01-01 10:44:00,OP102,JOB3002,,2,15.31,14.85,146.53,222.74,339.16,62.89,30.84,96.99,15,120.21,121.2,373.19,376.12,376.67,376.24,377.4,5,0.034,351.97,2026-01-01 10:44:00,RS002,50,1,373.01,375.4,TYPE_B,1590,0.443,0.965,122.88,124.41,124.01,24.5,2,ire_ptfe_701_plc
701,2026-01-01 10:44:10,OP102,JOB3002,,2,14.29,13.86,150.31,218.44,340.23,61.8,30.35,97.19,14,121.04,120.5,376.67,378.28,376.12,375.92,377.6,4.952,0.038,348.88,2026-01-01 10:44:10,RS002,50,1,376.05,377.12,TYPE_A,1816,0.523,0.943,120.8,122.62,122.3,25.71,2,ire_ptfe_701_plc
701,2026-01-01 10:44:20,OP102,JOB3002,,2,13.27,12.87,148.12,220.54,340.29,60.21,29.18,97.39,13,118.22,119.58,375.86,375.06,376.99,376.65,376.32,5.007,0.038,351.12,2026-01-01 10:44:20,RS002,50,1,377.69,379.24,TYPE_A,1497,0.571,0.992,120.52,122.79,125.26,24.55,2,ire_ptfe_701_plc
701,2026-01-01 10:44:30,OP102,JOB3002,,2,12.24,11.87,154.17,220.81,340.84,58.37,30.7,97.6,12,120.65,119.43,372.07,377.92,374.38,374.16,376.61,5.004,0.03,347.93,2026-01-01 10:44:30,RS002,50,1,373.63,379.32,TYPE_B,1461,0.454,0.98,120.52,123.15,125.88,25.87,2,ire_ptfe_701_plc
701,2026-01-01 10:44:40,OP102,JOB3002,,2,11.22,10.88,151.04,219.37,339.51,60.52,31.09,97.8,11,121.8,119.54,373.14,377.49,375.33,374.53,372.21,4.985,0.037,348.76,2026-01-01 10:44:40,RS002,50,1,375.57,374.92,TYPE_B,1757,0.586,0.967,122.4,121.32,124.5,24.95,2,ire_ptfe_701_plc
701,2026-01-01 10:44:50,OP102,JOB3002,,2,10.2,9.89,150.98,218.6,339.93,62.11,29.15,98,10,118.93,122.07,373.16,378.25,372.09,377.92,372.71,4.954,0.036,352.99,2026-01-01 10:44:50,RS002,50,1,376.63,374.2,TYPE_B,1678,0.523,0.939,121.07,122.24,122.73,25.9,2,ire_ptfe_701_plc
701,2026-01-01 10:45:00,OP102,JOB3002,,2,9.18,8.9,150.23,218.08,341.79,59.33,31.27,98.2,9,119.22,119.57,375.79,375.6,373.58,375.21,375.34,5.026,0.035,348.37,2026-01-01 10:45:00,RS002,50,1,374.87,378.53,TYPE_B,1292,0.571,0.947,122.45,124.61,125.42,24.99,2,ire_ptfe_701_plc
701,2026-01-01 10:45:10,OP102,JOB3002,,2,8.16,7.92,153.48,220.1,339.87,58.37,28.18,98.4,8,118.8,119.44,377.94,373.03,373.58,378.21,372.68,4.994,0.027,352.34,2026-01-01 10:45:10,RS002,50,1,374.32,377.4,TYPE_B,1853,0.483,0.951,121.56,123.77,123.34,25.88,2,ire_ptfe_701_plc
701,2026-01-01 10:45:20,OP102,JOB3002,,2,7.14,6.93,149.06,220.17,338.15,61.67,29.9,98.6,7,119.83,119.32,377.1,378.27,374.4,376.93,377.67,5.04,0.025,351.44,2026-01-01 10:45:20,RS002,50,1,373.82,375.85,TYPE_B,1188,0.434,0.91,122.18,123.51,123.62,25.89,2,ire_ptfe_701_plc
701,2026-01-01 10:45:30,OP102,JOB3002,,2,6.12,5.94,154.49,217.88,340.03,57.05,29.57,98.8,6,120.62,119.56,373.2,374.63,375.28,378.39,372.42,5.027,0.024,348.48,2026-01-01 10:45:30,RS002,50,1,375.77,379.33,TYPE_A,1988,0.514,0.959,121.09,122.5,125.99,25.53,2,ire_ptfe_701_plc
701,2026-01-01 10:45:40,OP102,JOB3002,,2,5.1,4.95,146.16,217.8,341.52,60.32,31.52,99,5,119.17,121.15,373,378.49,372.74,375.8,374.96,4.983,0.031,348.96,2026-01-01 10:45:40,RS002,50,1,377.25,376.29,TYPE_A,1342,0.474,0.927,122.58,123.57,123.07,24.47,2,ire_ptfe_701_plc
701,2026-01-01 10:45:50,OP102,JOB3002,,1,4.08,3.96,151.99,220.39,338.26,57.98,30.45,99.2,4,118.93,119.04,376.43,374.06,372.03,379.06,375.53,4.952,0.03,348.17,2026-01-01 10:45:50,RS002,50,1,377.56,376.27,TYPE_A,1592,0.474,0.914,121.09,122.48,125.65,25.14,2,ire_ptfe_701_plc
701,2026-01-01 10:46:00,OP102,JOB3002,,1,3.06,2.97,154.18,219.01,341.96,61.8,30.57,99.4,3,119.68,122.87,372.2,378.91,371.75,375.14,375.46,4.97,0.029,351.52,2026-01-01 10:46:00,RS002,50,1,376.03,378.62,TYPE_B,1672,0.455,0.946,121.02,123.13,124.26,24.71,2,ire_ptfe_701_plc
701,2026-01-01 10:46:10,OP102,JOB3002,,1,2.04,1.98,145.74,221.63,338.41,58.91,29.13,99.6,2,118.25,120.37,375.14,376.24,376.41,374.07,376.89,4.979,0.036,351.22,2026-01-01 10:46:10,RS002,50,1,376.23,376,TYPE_B,1173,0.461,0.903,123.89,121.03,123.04,25.04,2,ire_ptfe_701_plc
701,2026-01-01 10:46:20,OP102,JOB3002,,1,1.02,0.99,152.68,220.21,341.63,59.65,31.8,99.8,1,119.98,121.86,372.49,373.96,375.87,378.1,373.77,4.965,0.039,350.29,2026-01-01 10:46:20,RS002,50,1,377.12,378.49,TYPE_A,1927,0.447,0.981,122.72,123.37,123.69,25.49,2,ire_ptfe_701_plc
701,2026-01-01 10:46:30,OP102,JOB3002,,1,0,0,149.15,222.39,338.36,62.72,28.7,100,0,121.22,122.21,372.23,376.53,372,375.14,373.32,5.042,0.023,347.92,2026-01-01 10:46:30,RS002,50,1,375.23,375.57,TYPE_B,1990,0.562,0.965,121.36,123.45,122.41,24.66,2,ire_ptfe_701_plc